solid OpenSCAD_Model
  facet normal 0 0 -1
    outer loop
      vertex 1.4194306433200836 -6.913880668580532 0
      vertex 4.3901806473731995 -6.961570560932159 0
      vertex 1.6098193526268005 -6.961570560932159 0
    endloop
  endfacet
  facet normal 0 0 -1
    outer loop
      vertex 1.4194306433200836 -6.913880668580532 0
      vertex 1.234633132815361 -6.8477590680122375 0
      vertex 4.580569356679916 -6.913880668580532 0
    endloop
  endfacet
  facet normal 0 0 -1
    outer loop
      vertex 1.8039657175540924 -6.990369454026222 0
      vertex 4 -7 0
      vertex 2 -7 0
    endloop
  endfacet
  facet normal 0 0 -1
    outer loop
      vertex 1.6098193526268005 -6.961570560932159 0
      vertex 4.196034282445908 -6.990369454026222 0
      vertex 1.8039657175540924 -6.990369454026222 0
    endloop
  endfacet
  facet normal 0 0 -1
    outer loop
      vertex 1.234633132815361 -6.8477590680122375 0
      vertex 1.0572065263986588 -6.7638425305485725 0
      vertex 4.765366867184639 -6.8477590680122375 0
    endloop
  endfacet
  facet normal 0 0 -1
    outer loop
      vertex 0.8888595327734947 -6.662939228117466 0
      vertex 4.942793473601341 -6.7638425305485725 0
      vertex 1.0572065263986588 -6.7638425305485725 0
    endloop
  endfacet
  facet normal 0 0 -1
    outer loop
      vertex 0.8888595327734947 -6.662939228117466 0
      vertex 0.7312134280800819 -6.546020910143852 0
      vertex 5.111140467226505 -6.662939228117466 0
    endloop
  endfacet
  facet normal 0 0 -1
    outer loop
      vertex 0.7312134280800819 -6.546020910143852 0
      vertex 0.5857864394783974 -6.414213560521603 0
      vertex 5.268786571919918 -6.546020910143852 0
    endloop
  endfacet
  facet normal 0 0 -1
    outer loop
      vertex 1.8039657175540924 -6.990369454026222 0
      vertex 4.196034282445908 -6.990369454026222 0
      vertex 4 -7 0
    endloop
  endfacet
  facet normal 0 0 -1
    outer loop
      vertex 1.6098193526268005 -6.961570560932159 0
      vertex 4.3901806473731995 -6.961570560932159 0
      vertex 4.196034282445908 -6.990369454026222 0
    endloop
  endfacet
  facet normal 0 0 -1
    outer loop
      vertex 1.4194306433200836 -6.913880668580532 0
      vertex 4.580569356679916 -6.913880668580532 0
      vertex 4.3901806473731995 -6.961570560932159 0
    endloop
  endfacet
  facet normal 0 0 -1
    outer loop
      vertex 1.234633132815361 -6.8477590680122375 0
      vertex 4.765366867184639 -6.8477590680122375 0
      vertex 4.580569356679916 -6.913880668580532 0
    endloop
  endfacet
  facet normal 0 0 -1
    outer loop
      vertex 1.0572065263986588 -6.7638425305485725 0
      vertex 4.942793473601341 -6.7638425305485725 0
      vertex 4.765366867184639 -6.8477590680122375 0
    endloop
  endfacet
  facet normal 0 0 -1
    outer loop
      vertex 0.8888595327734947 -6.662939228117466 0
      vertex 5.111140467226505 -6.662939228117466 0
      vertex 4.942793473601341 -6.7638425305485725 0
    endloop
  endfacet
  facet normal 0 0 -1
    outer loop
      vertex 0.7312134280800819 -6.546020910143852 0
      vertex 5.268786571919918 -6.546020910143852 0
      vertex 5.111140467226505 -6.662939228117466 0
    endloop
  endfacet
  facet normal 0 0 -1
    outer loop
      vertex 0.5857864394783974 -6.414213560521603 0
      vertex 5.414213560521603 -6.414213560521603 0
      vertex 5.268786571919918 -6.546020910143852 0
    endloop
  endfacet
  facet normal 0 0 -1
    outer loop
      vertex 0.45397908985614777 -6.268786571919918 0
      vertex 5.414213560521603 -6.414213560521603 0
      vertex 0.5857864394783974 -6.414213560521603 0
    endloop
  endfacet
  facet normal 0 0 -1
    outer loop
      vertex 0.45397908985614777 -6.268786571919918 0
      vertex 0.337060771882534 -6.111140467226505 0
      vertex 5.546020910143852 -6.268786571919918 0
    endloop
  endfacet
  facet normal 0 0 -1
    outer loop
      vertex 0.337060771882534 -6.111140467226505 0
      vertex 0.23615746945142746 -5.942793473601341 0
      vertex 5.662939228117466 -6.111140467226505 0
    endloop
  endfacet
  facet normal 0 0 -1
    outer loop
      vertex 0.23615746945142746 -5.942793473601341 0
      vertex 0.15224093198776245 -5.765366867184639 0
      vertex 5.7638425305485725 -5.942793473601341 0
    endloop
  endfacet
  facet normal 0 0 -1
    outer loop
      vertex 0.15224093198776245 -5.765366867184639 0
      vertex 0.08611933141946793 -5.580569356679916 0
      vertex 5.8477590680122375 -5.765366867184639 0
    endloop
  endfacet
  facet normal 0 0 -1
    outer loop
      vertex 0.45397908985614777 -6.268786571919918 0
      vertex 5.546020910143852 -6.268786571919918 0
      vertex 5.414213560521603 -6.414213560521603 0
    endloop
  endfacet
  facet normal 0 0 -1
    outer loop
      vertex 0.337060771882534 -6.111140467226505 0
      vertex 5.662939228117466 -6.111140467226505 0
      vertex 5.546020910143852 -6.268786571919918 0
    endloop
  endfacet
  facet normal 0 0 -1
    outer loop
      vertex 0.23615746945142746 -5.942793473601341 0
      vertex 5.7638425305485725 -5.942793473601341 0
      vertex 5.662939228117466 -6.111140467226505 0
    endloop
  endfacet
  facet normal 0 0 -1
    outer loop
      vertex 0.15224093198776245 -5.765366867184639 0
      vertex 5.8477590680122375 -5.765366867184639 0
      vertex 5.7638425305485725 -5.942793473601341 0
    endloop
  endfacet
  facet normal 0 0 -1
    outer loop
      vertex 0.08611933141946793 -5.580569356679916 0
      vertex 5.913880668580532 -5.580569356679916 0
      vertex 5.8477590680122375 -5.765366867184639 0
    endloop
  endfacet
  facet normal 0 0 -1
    outer loop
      vertex 0.08611933141946793 -5.580569356679916 0
      vertex 0.038429439067840576 -5.3901806473731995 0
      vertex 5.913880668580532 -5.580569356679916 0
    endloop
  endfacet
  facet normal 0 0 -1
    outer loop
      vertex 0.038429439067840576 -5.3901806473731995 0
      vertex 0.009630545973777771 -5.196034282445908 0
      vertex 5.961570560932159 -5.3901806473731995 0
    endloop
  endfacet
  facet normal 0 0 -1
    outer loop
      vertex 0.009630545973777771 -5.196034282445908 0
      vertex 0 -5 0
      vertex 5.990369454026222 -5.196034282445908 0
    endloop
  endfacet
  facet normal 0 0 -1
    outer loop
      vertex 0.038429439067840576 -5.3901806473731995 0
      vertex 5.961570560932159 -5.3901806473731995 0
      vertex 5.913880668580532 -5.580569356679916 0
    endloop
  endfacet
  facet normal 0 0 -1
    outer loop
      vertex 0.009630545973777771 -5.196034282445908 0
      vertex 5.990369454026222 -5.196034282445908 0
      vertex 5.961570560932159 -5.3901806473731995 0
    endloop
  endfacet
  facet normal 0 0 -1
    outer loop
      vertex 5.990369454026222 -5.196034282445908 0
      vertex 0 -5 0
      vertex 6 -5 0
    endloop
  endfacet
  facet normal -0.5141027351876691 -0.8577286153979925 0
    outer loop
      vertex 0.8888595327734947 -6.662939228117466 0
      vertex 1.0572065263986588 -6.7638425305485725 0
      vertex 0.8888595327734947 -6.662939228117466 9
    endloop
  endfacet
  facet normal -0.671558983390028 -0.7409510994850822 0
    outer loop
      vertex 0.7312134280800819 -6.546020910143852 0
      vertex 0.5857864394783974 -6.414213560521603 9
      vertex 0.5857864394783974 -6.414213560521603 0
    endloop
  endfacet
  facet normal -0.5956992989376803 -0.8032075356003306 0
    outer loop
      vertex 0.8888595327734947 -6.662939228117466 0
      vertex 0.7312134280800819 -6.546020910143852 9
      vertex 0.7312134280800819 -6.546020910143852 0
    endloop
  endfacet
  facet normal -0.33688982640476 -0.941544074839288 0
    outer loop
      vertex 1.4194306433200836 -6.913880668580532 0
      vertex 1.234633132815361 -6.8477590680122375 9
      vertex 1.234633132815361 -6.8477590680122375 0
    endloop
  endfacet
  facet normal -0.24298019573678303 -0.9700312492284539 0
    outer loop
      vertex 1.4194306433200836 -6.913880668580532 0
      vertex 1.6098193526268005 -6.961570560932159 0
      vertex 1.4194306433200836 -6.913880668580532 9
    endloop
  endfacet
  facet normal -0.14673047607854156 -0.9891765097240051 0
    outer loop
      vertex 1.6098193526268005 -6.961570560932159 0
      vertex 1.8039657175540924 -6.990369454026222 0
      vertex 1.6098193526268005 -6.961570560932159 9
    endloop
  endfacet
  facet normal -0.0490676704157047 -0.9987954563973426 0
    outer loop
      vertex 1.8039657175540924 -6.990369454026222 0
      vertex 2 -7 0
      vertex 1.8039657175540924 -6.990369454026222 9
    endloop
  endfacet
  facet normal -0.4275551031008397 -0.9039892885496102 0
    outer loop
      vertex 1.234633132815361 -6.8477590680122375 0
      vertex 1.0572065263986588 -6.7638425305485725 9
      vertex 1.0572065263986588 -6.7638425305485725 0
    endloop
  endfacet
  facet normal -0.7409510994850822 -0.671558983390028 0
    outer loop
      vertex 0.45397908985614777 -6.268786571919918 0
      vertex 0.5857864394783974 -6.414213560521603 0
      vertex 0.45397908985614777 -6.268786571919918 9
    endloop
  endfacet
  facet normal -0.8032075356003306 -0.5956992989376803 0
    outer loop
      vertex 0.45397908985614777 -6.268786571919918 0
      vertex 0.337060771882534 -6.111140467226505 9
      vertex 0.337060771882534 -6.111140467226505 0
    endloop
  endfacet
  facet normal -0.8577286153979925 -0.5141027351876691 0
    outer loop
      vertex 0.337060771882534 -6.111140467226505 0
      vertex 0.23615746945142746 -5.942793473601341 9
      vertex 0.23615746945142746 -5.942793473601341 0
    endloop
  endfacet
  facet normal -0.9039892885496102 -0.4275551031008397 0
    outer loop
      vertex 0.23615746945142746 -5.942793473601341 0
      vertex 0.15224093198776245 -5.765366867184639 9
      vertex 0.15224093198776245 -5.765366867184639 0
    endloop
  endfacet
  facet normal -0.941544074839288 -0.33688982640476 0
    outer loop
      vertex 0.15224093198776245 -5.765366867184639 0
      vertex 0.08611933141946793 -5.580569356679916 9
      vertex 0.08611933141946793 -5.580569356679916 0
    endloop
  endfacet
  facet normal 0 -1 0
    outer loop
      vertex 2 -7 0
      vertex 4 -7 0
      vertex 2 -7 9
    endloop
  endfacet
  facet normal -0.9700312492284539 -0.24298019573678303 0
    outer loop
      vertex 0.08611933141946793 -5.580569356679916 0
      vertex 0.038429439067840576 -5.3901806473731995 9
      vertex 0.038429439067840576 -5.3901806473731995 0
    endloop
  endfacet
  facet normal -0.9891765097240051 -0.14673047607854156 0
    outer loop
      vertex 0.038429439067840576 -5.3901806473731995 0
      vertex 0.009630545973777771 -5.196034282445908 9
      vertex 0.009630545973777771 -5.196034282445908 0
    endloop
  endfacet
  facet normal -0.9987954563973426 -0.0490676704157047 0
    outer loop
      vertex 0.009630545973777771 -5.196034282445908 0
      vertex 0 -5 9
      vertex 0 -5 0
    endloop
  endfacet
  facet normal 0.0490676704157047 -0.9987954563973426 0
    outer loop
      vertex 4 -7 0
      vertex 4.196034282445908 -6.990369454026222 0
      vertex 4 -7 9
    endloop
  endfacet
  facet normal 0.14673047607854156 -0.9891765097240051 0
    outer loop
      vertex 4.196034282445908 -6.990369454026222 0
      vertex 4.3901806473731995 -6.961570560932159 0
      vertex 4.196034282445908 -6.990369454026222 9
    endloop
  endfacet
  facet normal 0.24298019573678303 -0.9700312492284539 0
    outer loop
      vertex 4.3901806473731995 -6.961570560932159 0
      vertex 4.580569356679916 -6.913880668580532 0
      vertex 4.3901806473731995 -6.961570560932159 9
    endloop
  endfacet
  facet normal 0.33688982640476 -0.941544074839288 0
    outer loop
      vertex 4.580569356679916 -6.913880668580532 0
      vertex 4.765366867184639 -6.8477590680122375 0
      vertex 4.580569356679916 -6.913880668580532 9
    endloop
  endfacet
  facet normal 0.4275551031008397 -0.9039892885496102 0
    outer loop
      vertex 4.765366867184639 -6.8477590680122375 0
      vertex 4.942793473601341 -6.7638425305485725 0
      vertex 4.765366867184639 -6.8477590680122375 9
    endloop
  endfacet
  facet normal 0.5141027351876691 -0.8577286153979925 0
    outer loop
      vertex 4.942793473601341 -6.7638425305485725 0
      vertex 5.111140467226505 -6.662939228117466 0
      vertex 4.942793473601341 -6.7638425305485725 9
    endloop
  endfacet
  facet normal 0.5956992989376803 -0.8032075356003306 0
    outer loop
      vertex 5.111140467226505 -6.662939228117466 0
      vertex 5.268786571919918 -6.546020910143852 0
      vertex 5.111140467226505 -6.662939228117466 9
    endloop
  endfacet
  facet normal 0.671558983390028 -0.7409510994850822 0
    outer loop
      vertex 5.268786571919918 -6.546020910143852 0
      vertex 5.414213560521603 -6.414213560521603 0
      vertex 5.268786571919918 -6.546020910143852 9
    endloop
  endfacet
  facet normal 0.7409510994850822 -0.671558983390028 0
    outer loop
      vertex 5.414213560521603 -6.414213560521603 0
      vertex 5.546020910143852 -6.268786571919918 0
      vertex 5.414213560521603 -6.414213560521603 9
    endloop
  endfacet
  facet normal 0.8032075356003306 -0.5956992989376803 0
    outer loop
      vertex 5.546020910143852 -6.268786571919918 0
      vertex 5.662939228117466 -6.111140467226505 0
      vertex 5.546020910143852 -6.268786571919918 9
    endloop
  endfacet
  facet normal 0.8577286153979925 -0.5141027351876691 0
    outer loop
      vertex 5.662939228117466 -6.111140467226505 0
      vertex 5.7638425305485725 -5.942793473601341 0
      vertex 5.662939228117466 -6.111140467226505 9
    endloop
  endfacet
  facet normal 0.9039892885496102 -0.4275551031008397 0
    outer loop
      vertex 5.7638425305485725 -5.942793473601341 0
      vertex 5.8477590680122375 -5.765366867184639 0
      vertex 5.7638425305485725 -5.942793473601341 9
    endloop
  endfacet
  facet normal 0.941544074839288 -0.33688982640476 0
    outer loop
      vertex 5.8477590680122375 -5.765366867184639 0
      vertex 5.913880668580532 -5.580569356679916 0
      vertex 5.8477590680122375 -5.765366867184639 9
    endloop
  endfacet
  facet normal 0.9700312492284539 -0.24298019573678303 0
    outer loop
      vertex 5.913880668580532 -5.580569356679916 0
      vertex 5.961570560932159 -5.3901806473731995 0
      vertex 5.913880668580532 -5.580569356679916 9
    endloop
  endfacet
  facet normal 0.9891765097240051 -0.14673047607854156 0
    outer loop
      vertex 5.961570560932159 -5.3901806473731995 0
      vertex 5.990369454026222 -5.196034282445908 0
      vertex 5.961570560932159 -5.3901806473731995 9
    endloop
  endfacet
  facet normal 0.9987954563973426 -0.0490676704157047 0
    outer loop
      vertex 5.990369454026222 -5.196034282445908 0
      vertex 6 -5 0
      vertex 5.990369454026222 -5.196034282445908 9
    endloop
  endfacet
  facet normal 0 -1 0
    outer loop
      vertex 6 -5 0
      vertex 33.253801214870954 -5 3.3462529016451588
      vertex 6 -5 9
    endloop
  endfacet
  facet normal 0 -1 0
    outer loop
      vertex 6 -5 0
      vertex 35.187202903687506 -5 0.1205670599498152
      vertex 34.928486389377746 -5 0.21313730896839722
    endloop
  endfacet
  facet normal 0 -1 0
    outer loop
      vertex 6 -5 0
      vertex 35.72555200707723 -5 0.013482765317848422
      vertex 35.45374709835484 -5 0.053801214870954794
    endloop
  endfacet
  facet normal 0 -1 0
    outer loop
      vertex 6 -5 0
      vertex 35.45374709835484 -5 0.053801214870954794
      vertex 35.187202903687506 -5 0.1205670599498152
    endloop
  endfacet
  facet normal 0 -1 0
    outer loop
      vertex 6 -5 0
      vertex 36 -5 0
      vertex 35.72555200707723 -5 0.013482765317848422
    endloop
  endfacet
  facet normal 0 -1 0
    outer loop
      vertex 6 -5 0
      vertex 34.928486389377746 -5 0.21313730896839722
      vertex 34.680089136887204 -5 0.33062045982460564
    endloop
  endfacet
  facet normal 0 -1 0
    outer loop
      vertex 6 -5 0
      vertex 34.680089136887204 -5 0.33062045982460564
      vertex 34.44440334754511 -5 0.4718850855528731
    endloop
  endfacet
  facet normal 0 -1 0
    outer loop
      vertex 6 -5 0
      vertex 34.44440334754511 -5 0.4718850855528731
      vertex 34.223698804341794 -5 0.6355707305843366
    endloop
  endfacet
  facet normal 0 -1 0
    outer loop
      vertex 6 -5 0
      vertex 34.223698804341794 -5 0.6355707305843366
      vertex 34.020101012677664 -5 0.8201010126776667
    endloop
  endfacet
  facet normal 0 -1 0
    outer loop
      vertex 6 -5 0
      vertex 34.020101012677664 -5 0.8201010126776667
      vertex 33.83557073058434 -5 1.0236988043417925
    endloop
  endfacet
  facet normal 0 -1 0
    outer loop
      vertex 6 -5 0
      vertex 33.83557073058434 -5 1.0236988043417925
      vertex 33.67188508555287 -5 1.2444033475451137
    endloop
  endfacet
  facet normal 0 -1 0
    outer loop
      vertex 6 -5 0
      vertex 33.67188508555287 -5 1.2444033475451137
      vertex 33.530620459824604 -5 1.4800891368872064
    endloop
  endfacet
  facet normal 0 -1 0
    outer loop
      vertex 6 -5 0
      vertex 33.530620459824604 -5 1.4800891368872064
      vertex 33.413137308968395 -5 1.7284863893777485
    endloop
  endfacet
  facet normal 0 -1 0
    outer loop
      vertex 6 -5 0
      vertex 33.413137308968395 -5 1.7284863893777485
      vertex 33.320567059949816 -5 1.9872029036875052
    endloop
  endfacet
  facet normal 0 -1 0
    outer loop
      vertex 6 -5 0
      vertex 33.320567059949816 -5 1.9872029036875052
      vertex 33.253801214870954 -5 2.253747098354841
    endloop
  endfacet
  facet normal 0 -1 0
    outer loop
      vertex 6 -5 0
      vertex 33.253801214870954 -5 2.253747098354841
      vertex 33.21348276531785 -5 2.52555200707723
    endloop
  endfacet
  facet normal 0 -1 0
    outer loop
      vertex 6 -5 0
      vertex 33.21348276531785 -5 2.52555200707723
      vertex 33.2 -5 2.8
    endloop
  endfacet
  facet normal 0 -1 0
    outer loop
      vertex 6 -5 0
      vertex 33.2 -5 2.8
      vertex 33.21348276531785 -5 3.0744479929227695
    endloop
  endfacet
  facet normal 0 -1 0
    outer loop
      vertex 6 -5 0
      vertex 33.21348276531785 -5 3.0744479929227695
      vertex 33.253801214870954 -5 3.3462529016451588
    endloop
  endfacet
  facet normal -0.671558983390028 -0.7409510994850822 0
    outer loop
      vertex 0.7312134280800819 -6.546020910143852 0
      vertex 0.7312134280800819 -6.546020910143852 9
      vertex 0.5857864394783974 -6.414213560521603 9
    endloop
  endfacet
  facet normal -0.5956992989376803 -0.8032075356003306 0
    outer loop
      vertex 0.8888595327734947 -6.662939228117466 0
      vertex 0.8888595327734947 -6.662939228117466 9
      vertex 0.7312134280800819 -6.546020910143852 9
    endloop
  endfacet
  facet normal -0.33688982640476 -0.941544074839288 0
    outer loop
      vertex 1.4194306433200836 -6.913880668580532 0
      vertex 1.4194306433200836 -6.913880668580532 9
      vertex 1.234633132815361 -6.8477590680122375 9
    endloop
  endfacet
  facet normal -0.24298019573678303 -0.9700312492284539 0
    outer loop
      vertex 1.6098193526268005 -6.961570560932159 0
      vertex 1.6098193526268005 -6.961570560932159 9
      vertex 1.4194306433200836 -6.913880668580532 9
    endloop
  endfacet
  facet normal -0.14673047607854156 -0.9891765097240051 0
    outer loop
      vertex 1.8039657175540924 -6.990369454026222 0
      vertex 1.8039657175540924 -6.990369454026222 9
      vertex 1.6098193526268005 -6.961570560932159 9
    endloop
  endfacet
  facet normal -0.0490676704157047 -0.9987954563973426 0
    outer loop
      vertex 2 -7 0
      vertex 2 -7 9
      vertex 1.8039657175540924 -6.990369454026222 9
    endloop
  endfacet
  facet normal -0.4275551031008397 -0.9039892885496102 0
    outer loop
      vertex 1.234633132815361 -6.8477590680122375 0
      vertex 1.234633132815361 -6.8477590680122375 9
      vertex 1.0572065263986588 -6.7638425305485725 9
    endloop
  endfacet
  facet normal -0.5141027351876691 -0.8577286153979925 0
    outer loop
      vertex 1.0572065263986588 -6.7638425305485725 0
      vertex 1.0572065263986588 -6.7638425305485725 9
      vertex 0.8888595327734947 -6.662939228117466 9
    endloop
  endfacet
  facet normal -0.8032075356003306 -0.5956992989376803 0
    outer loop
      vertex 0.45397908985614777 -6.268786571919918 0
      vertex 0.45397908985614777 -6.268786571919918 9
      vertex 0.337060771882534 -6.111140467226505 9
    endloop
  endfacet
  facet normal -0.8577286153979925 -0.5141027351876691 0
    outer loop
      vertex 0.337060771882534 -6.111140467226505 0
      vertex 0.337060771882534 -6.111140467226505 9
      vertex 0.23615746945142746 -5.942793473601341 9
    endloop
  endfacet
  facet normal -0.7409510994850822 -0.671558983390028 0
    outer loop
      vertex 0.5857864394783974 -6.414213560521603 0
      vertex 0.5857864394783974 -6.414213560521603 9
      vertex 0.45397908985614777 -6.268786571919918 9
    endloop
  endfacet
  facet normal -0.9039892885496102 -0.4275551031008397 0
    outer loop
      vertex 0.23615746945142746 -5.942793473601341 0
      vertex 0.23615746945142746 -5.942793473601341 9
      vertex 0.15224093198776245 -5.765366867184639 9
    endloop
  endfacet
  facet normal -0.941544074839288 -0.33688982640476 0
    outer loop
      vertex 0.15224093198776245 -5.765366867184639 0
      vertex 0.15224093198776245 -5.765366867184639 9
      vertex 0.08611933141946793 -5.580569356679916 9
    endloop
  endfacet
  facet normal 0 -1 0
    outer loop
      vertex 4 -7 0
      vertex 4 -7 9
      vertex 2 -7 9
    endloop
  endfacet
  facet normal -0.9700312492284539 -0.24298019573678303 0
    outer loop
      vertex 0.08611933141946793 -5.580569356679916 0
      vertex 0.08611933141946793 -5.580569356679916 9
      vertex 0.038429439067840576 -5.3901806473731995 9
    endloop
  endfacet
  facet normal -0.9891765097240051 -0.14673047607854156 0
    outer loop
      vertex 0.038429439067840576 -5.3901806473731995 0
      vertex 0.038429439067840576 -5.3901806473731995 9
      vertex 0.009630545973777771 -5.196034282445908 9
    endloop
  endfacet
  facet normal -0.9987954563973426 -0.0490676704157047 0
    outer loop
      vertex 0.009630545973777771 -5.196034282445908 0
      vertex 0.009630545973777771 -5.196034282445908 9
      vertex 0 -5 9
    endloop
  endfacet
  facet normal 0.0490676704157047 -0.9987954563973426 0
    outer loop
      vertex 4.196034282445908 -6.990369454026222 0
      vertex 4.196034282445908 -6.990369454026222 9
      vertex 4 -7 9
    endloop
  endfacet
  facet normal 0.14673047607854156 -0.9891765097240051 0
    outer loop
      vertex 4.3901806473731995 -6.961570560932159 0
      vertex 4.3901806473731995 -6.961570560932159 9
      vertex 4.196034282445908 -6.990369454026222 9
    endloop
  endfacet
  facet normal 0.24298019573678303 -0.9700312492284539 0
    outer loop
      vertex 4.580569356679916 -6.913880668580532 0
      vertex 4.580569356679916 -6.913880668580532 9
      vertex 4.3901806473731995 -6.961570560932159 9
    endloop
  endfacet
  facet normal 0.33688982640476 -0.941544074839288 0
    outer loop
      vertex 4.765366867184639 -6.8477590680122375 0
      vertex 4.765366867184639 -6.8477590680122375 9
      vertex 4.580569356679916 -6.913880668580532 9
    endloop
  endfacet
  facet normal 0.4275551031008397 -0.9039892885496102 0
    outer loop
      vertex 4.942793473601341 -6.7638425305485725 0
      vertex 4.942793473601341 -6.7638425305485725 9
      vertex 4.765366867184639 -6.8477590680122375 9
    endloop
  endfacet
  facet normal 0.5141027351876691 -0.8577286153979925 0
    outer loop
      vertex 5.111140467226505 -6.662939228117466 0
      vertex 5.111140467226505 -6.662939228117466 9
      vertex 4.942793473601341 -6.7638425305485725 9
    endloop
  endfacet
  facet normal 0.5956992989376803 -0.8032075356003306 0
    outer loop
      vertex 5.268786571919918 -6.546020910143852 0
      vertex 5.268786571919918 -6.546020910143852 9
      vertex 5.111140467226505 -6.662939228117466 9
    endloop
  endfacet
  facet normal 0.671558983390028 -0.7409510994850822 0
    outer loop
      vertex 5.414213560521603 -6.414213560521603 0
      vertex 5.414213560521603 -6.414213560521603 9
      vertex 5.268786571919918 -6.546020910143852 9
    endloop
  endfacet
  facet normal 0.7409510994850822 -0.671558983390028 0
    outer loop
      vertex 5.546020910143852 -6.268786571919918 0
      vertex 5.546020910143852 -6.268786571919918 9
      vertex 5.414213560521603 -6.414213560521603 9
    endloop
  endfacet
  facet normal 0.8032075356003306 -0.5956992989376803 0
    outer loop
      vertex 5.662939228117466 -6.111140467226505 0
      vertex 5.662939228117466 -6.111140467226505 9
      vertex 5.546020910143852 -6.268786571919918 9
    endloop
  endfacet
  facet normal 0.8577286153979925 -0.5141027351876691 0
    outer loop
      vertex 5.7638425305485725 -5.942793473601341 0
      vertex 5.7638425305485725 -5.942793473601341 9
      vertex 5.662939228117466 -6.111140467226505 9
    endloop
  endfacet
  facet normal 0.9039892885496102 -0.4275551031008397 0
    outer loop
      vertex 5.8477590680122375 -5.765366867184639 0
      vertex 5.8477590680122375 -5.765366867184639 9
      vertex 5.7638425305485725 -5.942793473601341 9
    endloop
  endfacet
  facet normal 0.941544074839288 -0.33688982640476 0
    outer loop
      vertex 5.913880668580532 -5.580569356679916 0
      vertex 5.913880668580532 -5.580569356679916 9
      vertex 5.8477590680122375 -5.765366867184639 9
    endloop
  endfacet
  facet normal 0.9700312492284539 -0.24298019573678303 0
    outer loop
      vertex 5.961570560932159 -5.3901806473731995 0
      vertex 5.961570560932159 -5.3901806473731995 9
      vertex 5.913880668580532 -5.580569356679916 9
    endloop
  endfacet
  facet normal 0.9891765097240051 -0.14673047607854156 0
    outer loop
      vertex 5.990369454026222 -5.196034282445908 0
      vertex 5.990369454026222 -5.196034282445908 9
      vertex 5.961570560932159 -5.3901806473731995 9
    endloop
  endfacet
  facet normal 0.9987954563973426 -0.0490676704157047 0
    outer loop
      vertex 6 -5 0
      vertex 6 -5 9
      vertex 5.990369454026222 -5.196034282445908 9
    endloop
  endfacet
  facet normal 0 0 1
    outer loop
      vertex 1.4194306433200836 -6.913880668580532 9
      vertex 1.6098193526268005 -6.961570560932159 9
      vertex 4.3901806473731995 -6.961570560932159 9
    endloop
  endfacet
  facet normal 0 0 1
    outer loop
      vertex 1.4194306433200836 -6.913880668580532 9
      vertex 4.580569356679916 -6.913880668580532 9
      vertex 1.234633132815361 -6.8477590680122375 9
    endloop
  endfacet
  facet normal 0 0 1
    outer loop
      vertex 1.8039657175540924 -6.990369454026222 9
      vertex 2 -7 9
      vertex 4 -7 9
    endloop
  endfacet
  facet normal 0 0 1
    outer loop
      vertex 1.6098193526268005 -6.961570560932159 9
      vertex 1.8039657175540924 -6.990369454026222 9
      vertex 4.196034282445908 -6.990369454026222 9
    endloop
  endfacet
  facet normal 0 0 1
    outer loop
      vertex 1.234633132815361 -6.8477590680122375 9
      vertex 4.765366867184639 -6.8477590680122375 9
      vertex 1.0572065263986588 -6.7638425305485725 9
    endloop
  endfacet
  facet normal 0 0 1
    outer loop
      vertex 0.8888595327734947 -6.662939228117466 9
      vertex 1.0572065263986588 -6.7638425305485725 9
      vertex 4.942793473601341 -6.7638425305485725 9
    endloop
  endfacet
  facet normal 0 0 1
    outer loop
      vertex 0.8888595327734947 -6.662939228117466 9
      vertex 5.111140467226505 -6.662939228117466 9
      vertex 0.7312134280800819 -6.546020910143852 9
    endloop
  endfacet
  facet normal 0 0 1
    outer loop
      vertex 0.7312134280800819 -6.546020910143852 9
      vertex 5.268786571919918 -6.546020910143852 9
      vertex 0.5857864394783974 -6.414213560521603 9
    endloop
  endfacet
  facet normal 0 0 1
    outer loop
      vertex 1.8039657175540924 -6.990369454026222 9
      vertex 4 -7 9
      vertex 4.196034282445908 -6.990369454026222 9
    endloop
  endfacet
  facet normal 0 0 1
    outer loop
      vertex 1.6098193526268005 -6.961570560932159 9
      vertex 4.196034282445908 -6.990369454026222 9
      vertex 4.3901806473731995 -6.961570560932159 9
    endloop
  endfacet
  facet normal 0 0 1
    outer loop
      vertex 1.4194306433200836 -6.913880668580532 9
      vertex 4.3901806473731995 -6.961570560932159 9
      vertex 4.580569356679916 -6.913880668580532 9
    endloop
  endfacet
  facet normal 0 0 1
    outer loop
      vertex 1.234633132815361 -6.8477590680122375 9
      vertex 4.580569356679916 -6.913880668580532 9
      vertex 4.765366867184639 -6.8477590680122375 9
    endloop
  endfacet
  facet normal 0 0 1
    outer loop
      vertex 1.0572065263986588 -6.7638425305485725 9
      vertex 4.765366867184639 -6.8477590680122375 9
      vertex 4.942793473601341 -6.7638425305485725 9
    endloop
  endfacet
  facet normal 0 0 1
    outer loop
      vertex 0.8888595327734947 -6.662939228117466 9
      vertex 4.942793473601341 -6.7638425305485725 9
      vertex 5.111140467226505 -6.662939228117466 9
    endloop
  endfacet
  facet normal 0 0 1
    outer loop
      vertex 0.7312134280800819 -6.546020910143852 9
      vertex 5.111140467226505 -6.662939228117466 9
      vertex 5.268786571919918 -6.546020910143852 9
    endloop
  endfacet
  facet normal 0 0 1
    outer loop
      vertex 0.5857864394783974 -6.414213560521603 9
      vertex 5.268786571919918 -6.546020910143852 9
      vertex 5.414213560521603 -6.414213560521603 9
    endloop
  endfacet
  facet normal 0 0 1
    outer loop
      vertex 0.45397908985614777 -6.268786571919918 9
      vertex 0.5857864394783974 -6.414213560521603 9
      vertex 5.414213560521603 -6.414213560521603 9
    endloop
  endfacet
  facet normal 0 0 1
    outer loop
      vertex 0.45397908985614777 -6.268786571919918 9
      vertex 5.546020910143852 -6.268786571919918 9
      vertex 0.337060771882534 -6.111140467226505 9
    endloop
  endfacet
  facet normal 0 0 1
    outer loop
      vertex 0.337060771882534 -6.111140467226505 9
      vertex 5.662939228117466 -6.111140467226505 9
      vertex 0.23615746945142746 -5.942793473601341 9
    endloop
  endfacet
  facet normal 0 0 1
    outer loop
      vertex 0.23615746945142746 -5.942793473601341 9
      vertex 5.7638425305485725 -5.942793473601341 9
      vertex 0.15224093198776245 -5.765366867184639 9
    endloop
  endfacet
  facet normal 0 0 1
    outer loop
      vertex 0.15224093198776245 -5.765366867184639 9
      vertex 5.8477590680122375 -5.765366867184639 9
      vertex 0.08611933141946793 -5.580569356679916 9
    endloop
  endfacet
  facet normal 0 0 1
    outer loop
      vertex 0.45397908985614777 -6.268786571919918 9
      vertex 5.414213560521603 -6.414213560521603 9
      vertex 5.546020910143852 -6.268786571919918 9
    endloop
  endfacet
  facet normal 0 0 1
    outer loop
      vertex 0.337060771882534 -6.111140467226505 9
      vertex 5.546020910143852 -6.268786571919918 9
      vertex 5.662939228117466 -6.111140467226505 9
    endloop
  endfacet
  facet normal 0 0 1
    outer loop
      vertex 0.23615746945142746 -5.942793473601341 9
      vertex 5.662939228117466 -6.111140467226505 9
      vertex 5.7638425305485725 -5.942793473601341 9
    endloop
  endfacet
  facet normal 0 0 1
    outer loop
      vertex 0.15224093198776245 -5.765366867184639 9
      vertex 5.7638425305485725 -5.942793473601341 9
      vertex 5.8477590680122375 -5.765366867184639 9
    endloop
  endfacet
  facet normal 0 0 1
    outer loop
      vertex 0.08611933141946793 -5.580569356679916 9
      vertex 5.8477590680122375 -5.765366867184639 9
      vertex 5.913880668580532 -5.580569356679916 9
    endloop
  endfacet
  facet normal 0 0 1
    outer loop
      vertex 0.08611933141946793 -5.580569356679916 9
      vertex 5.913880668580532 -5.580569356679916 9
      vertex 0.038429439067840576 -5.3901806473731995 9
    endloop
  endfacet
  facet normal 0 0 1
    outer loop
      vertex 0.038429439067840576 -5.3901806473731995 9
      vertex 5.961570560932159 -5.3901806473731995 9
      vertex 0.009630545973777771 -5.196034282445908 9
    endloop
  endfacet
  facet normal 0 0 1
    outer loop
      vertex 0.009630545973777771 -5.196034282445908 9
      vertex 5.990369454026222 -5.196034282445908 9
      vertex 0 -5 9
    endloop
  endfacet
  facet normal 0 0 1
    outer loop
      vertex 0.038429439067840576 -5.3901806473731995 9
      vertex 5.913880668580532 -5.580569356679916 9
      vertex 5.961570560932159 -5.3901806473731995 9
    endloop
  endfacet
  facet normal 0 0 1
    outer loop
      vertex 0.009630545973777771 -5.196034282445908 9
      vertex 5.961570560932159 -5.3901806473731995 9
      vertex 5.990369454026222 -5.196034282445908 9
    endloop
  endfacet
  facet normal 0 0 1
    outer loop
      vertex 5.990369454026222 -5.196034282445908 9
      vertex 6 -5 9
      vertex 0 -5 9
    endloop
  endfacet
  facet normal 0 -1 0
    outer loop
      vertex 6 -5 9
      vertex 33.253801214870954 -5 3.3462529016451588
      vertex 33.320567059949816 -5 3.6127970963124945
    endloop
  endfacet
  facet normal 0 -1 0
    outer loop
      vertex 6 -5 9
      vertex 33.320567059949816 -5 3.6127970963124945
      vertex 33.413137308968395 -5 3.871513610622251
    endloop
  endfacet
  facet normal 0 -1 0
    outer loop
      vertex 6 -5 9
      vertex 33.413137308968395 -5 3.871513610622251
      vertex 33.530620459824604 -5 4.119910863112793
    endloop
  endfacet
  facet normal 0 -1 0
    outer loop
      vertex 6 -5 9
      vertex 33.530620459824604 -5 4.119910863112793
      vertex 33.67188508555287 -5 4.355596652454886
    endloop
  endfacet
  facet normal 0 -1 0
    outer loop
      vertex 6 -5 9
      vertex 33.67188508555287 -5 4.355596652454886
      vertex 33.83557073058434 -5 4.576301195658207
    endloop
  endfacet
  facet normal 0 -1 0
    outer loop
      vertex 6 -5 9
      vertex 33.83557073058434 -5 4.576301195658207
      vertex 34.020101012677664 -5 4.779898987322333
    endloop
  endfacet
  facet normal 0 -1 0
    outer loop
      vertex 6 -5 9
      vertex 34.020101012677664 -5 4.779898987322333
      vertex 34.223698804341794 -5 4.964429269415663
    endloop
  endfacet
  facet normal 0 -1 0
    outer loop
      vertex 6 -5 9
      vertex 34.223698804341794 -5 4.964429269415663
      vertex 34.44440334754511 -5 5.128114914447126
    endloop
  endfacet
  facet normal 0 -1 0
    outer loop
      vertex 6 -5 9
      vertex 34.44440334754511 -5 5.128114914447126
      vertex 34.680089136887204 -5 5.269379540175394
    endloop
  endfacet
  facet normal 0 -1 0
    outer loop
      vertex 6 -5 9
      vertex 34.680089136887204 -5 5.269379540175394
      vertex 34.928486389377746 -5 5.386862691031602
    endloop
  endfacet
  facet normal 0 -1 0
    outer loop
      vertex 6 -5 9
      vertex 34.928486389377746 -5 5.386862691031602
      vertex 35.187202903687506 -5 5.479432940050184
    endloop
  endfacet
  facet normal 0 -1 0
    outer loop
      vertex 6 -5 9
      vertex 35.187202903687506 -5 5.479432940050184
      vertex 35.45374709835484 -5 5.546198785129045
    endloop
  endfacet
  facet normal 0 0 -1
    outer loop
      vertex 0 -5 0
      vertex 0 5 0
      vertex 6 -5 0
    endloop
  endfacet
  facet normal 0 0 -1
    outer loop
      vertex 6 -5 0
      vertex 0 5 0
      vertex 0.009630545973777771 5.196034282445908 0
    endloop
  endfacet
  facet normal 0 0 -1
    outer loop
      vertex 6 -5 0
      vertex 0.009630545973777771 5.196034282445908 0
      vertex 0.038429439067840576 5.3901806473731995 0
    endloop
  endfacet
  facet normal 0 0 -1
    outer loop
      vertex 6 -5 0
      vertex 0.038429439067840576 5.3901806473731995 0
      vertex 0.08611933141946793 5.580569356679916 0
    endloop
  endfacet
  facet normal 0 0 -1
    outer loop
      vertex 6 -5 0
      vertex 0.08611933141946793 5.580569356679916 0
      vertex 0.15224093198776245 5.765366867184639 0
    endloop
  endfacet
  facet normal 0 0 -1
    outer loop
      vertex 6 -5 0
      vertex 0.15224093198776245 5.765366867184639 0
      vertex 0.23615746945142746 5.942793473601341 0
    endloop
  endfacet
  facet normal 0 0 -1
    outer loop
      vertex 6 -5 0
      vertex 0.23615746945142746 5.942793473601341 0
      vertex 0.337060771882534 6.111140467226505 0
    endloop
  endfacet
  facet normal 0 0 -1
    outer loop
      vertex 6 -5 0
      vertex 0.337060771882534 6.111140467226505 0
      vertex 0.45397908985614777 6.268786571919918 0
    endloop
  endfacet
  facet normal 0 0 -1
    outer loop
      vertex 6 -5 0
      vertex 4 7 0
      vertex 6 5 0
    endloop
  endfacet
  facet normal 0 0 -1
    outer loop
      vertex 6 -5 0
      vertex 6 5 0
      vertex 27.5 5 0
    endloop
  endfacet
  facet normal -1 0 0
    outer loop
      vertex 0 -5 0
      vertex 0 5 9
      vertex 0 5 0
    endloop
  endfacet
  facet normal 0 0 -1
    outer loop
      vertex 6 -5 0
      vertex 0.45397908985614777 6.268786571919918 0
      vertex 0.5857864394783974 6.414213560521603 0
    endloop
  endfacet
  facet normal 0 0 -1
    outer loop
      vertex 6 -5 0
      vertex 0.5857864394783974 6.414213560521603 0
      vertex 0.7312134280800819 6.546020910143852 0
    endloop
  endfacet
  facet normal 0 0 -1
    outer loop
      vertex 6 -5 0
      vertex 0.7312134280800819 6.546020910143852 0
      vertex 0.8888595327734947 6.662939228117466 0
    endloop
  endfacet
  facet normal 0 0 -1
    outer loop
      vertex 6 -5 0
      vertex 0.8888595327734947 6.662939228117466 0
      vertex 1.0572065263986588 6.7638425305485725 0
    endloop
  endfacet
  facet normal 0 0 -1
    outer loop
      vertex 6 -5 0
      vertex 1.0572065263986588 6.7638425305485725 0
      vertex 1.234633132815361 6.8477590680122375 0
    endloop
  endfacet
  facet normal 0 0 -1
    outer loop
      vertex 6 -5 0
      vertex 1.234633132815361 6.8477590680122375 0
      vertex 1.4194306433200836 6.913880668580532 0
    endloop
  endfacet
  facet normal 0 0 -1
    outer loop
      vertex 6 -5 0
      vertex 1.4194306433200836 6.913880668580532 0
      vertex 1.6098193526268005 6.961570560932159 0
    endloop
  endfacet
  facet normal 0 0 -1
    outer loop
      vertex 6 -5 0
      vertex 1.6098193526268005 6.961570560932159 0
      vertex 1.8039657175540924 6.990369454026222 0
    endloop
  endfacet
  facet normal 0 0 -1
    outer loop
      vertex 6 -5 0
      vertex 1.8039657175540924 6.990369454026222 0
      vertex 2 7 0
    endloop
  endfacet
  facet normal 0 0 -1
    outer loop
      vertex 6 -5 0
      vertex 2 7 0
      vertex 4 7 0
    endloop
  endfacet
  facet normal 0 0 -1
    outer loop
      vertex 5.990369454026222 5.196034282445908 0
      vertex 6 5 0
      vertex 5.414213560521603 6.414213560521603 0
    endloop
  endfacet
  facet normal 0 0 -1
    outer loop
      vertex 5.990369454026222 5.196034282445908 0
      vertex 5.414213560521603 6.414213560521603 0
      vertex 5.961570560932159 5.3901806473731995 0
    endloop
  endfacet
  facet normal 0 0 -1
    outer loop
      vertex 6 5 0
      vertex 4 7 0
      vertex 4.196034282445908 6.990369454026222 0
    endloop
  endfacet
  facet normal 0 0 -1
    outer loop
      vertex 6 5 0
      vertex 4.196034282445908 6.990369454026222 0
      vertex 4.3901806473731995 6.961570560932159 0
    endloop
  endfacet
  facet normal 0 0 -1
    outer loop
      vertex 6 5 0
      vertex 4.3901806473731995 6.961570560932159 0
      vertex 4.580569356679916 6.913880668580532 0
    endloop
  endfacet
  facet normal 0 0 -1
    outer loop
      vertex 6 5 0
      vertex 4.942793473601341 6.7638425305485725 0
      vertex 5.111140467226505 6.662939228117466 0
    endloop
  endfacet
  facet normal 0 0 -1
    outer loop
      vertex 6 5 0
      vertex 5.111140467226505 6.662939228117466 0
      vertex 5.268786571919918 6.546020910143852 0
    endloop
  endfacet
  facet normal 0 0 -1
    outer loop
      vertex 5.913880668580532 5.580569356679916 0
      vertex 5.414213560521603 6.414213560521603 0
      vertex 5.8477590680122375 5.765366867184639 0
    endloop
  endfacet
  facet normal 0 0 -1
    outer loop
      vertex 5.961570560932159 5.3901806473731995 0
      vertex 5.414213560521603 6.414213560521603 0
      vertex 5.913880668580532 5.580569356679916 0
    endloop
  endfacet
  facet normal 0 0 -1
    outer loop
      vertex 6 5 0
      vertex 5.268786571919918 6.546020910143852 0
      vertex 5.414213560521603 6.414213560521603 0
    endloop
  endfacet
  facet normal 0 0 -1
    outer loop
      vertex 5.8477590680122375 5.765366867184639 0
      vertex 5.414213560521603 6.414213560521603 0
      vertex 5.7638425305485725 5.942793473601341 0
    endloop
  endfacet
  facet normal 0 0 -1
    outer loop
      vertex 5.7638425305485725 5.942793473601341 0
      vertex 5.414213560521603 6.414213560521603 0
      vertex 5.662939228117466 6.111140467226505 0
    endloop
  endfacet
  facet normal 0 0 -1
    outer loop
      vertex 6 5 0
      vertex 4.580569356679916 6.913880668580532 0
      vertex 4.765366867184639 6.8477590680122375 0
    endloop
  endfacet
  facet normal 0 0 -1
    outer loop
      vertex 6 5 0
      vertex 4.765366867184639 6.8477590680122375 0
      vertex 4.942793473601341 6.7638425305485725 0
    endloop
  endfacet
  facet normal 0 0 -1
    outer loop
      vertex 5.662939228117466 6.111140467226505 0
      vertex 5.414213560521603 6.414213560521603 0
      vertex 5.546020910143852 6.268786571919918 0
    endloop
  endfacet
  facet normal -0.9987954563973426 0.0490676704157047 0
    outer loop
      vertex 0 5 0
      vertex 0.009630545973777771 5.196034282445908 9
      vertex 0.009630545973777771 5.196034282445908 0
    endloop
  endfacet
  facet normal -0.9891765097240051 0.14673047607854156 0
    outer loop
      vertex 0.009630545973777771 5.196034282445908 0
      vertex 0.038429439067840576 5.3901806473731995 9
      vertex 0.038429439067840576 5.3901806473731995 0
    endloop
  endfacet
  facet normal -0.9700312492284539 0.24298019573678303 0
    outer loop
      vertex 0.038429439067840576 5.3901806473731995 0
      vertex 0.08611933141946793 5.580569356679916 9
      vertex 0.08611933141946793 5.580569356679916 0
    endloop
  endfacet
  facet normal -0.941544074839288 0.33688982640476 0
    outer loop
      vertex 0.08611933141946793 5.580569356679916 0
      vertex 0.15224093198776245 5.765366867184639 9
      vertex 0.15224093198776245 5.765366867184639 0
    endloop
  endfacet
  facet normal 0.9987954563973426 0.0490676704157047 0
    outer loop
      vertex 5.990369454026222 5.196034282445908 0
      vertex 6 5 9
      vertex 6 5 0
    endloop
  endfacet
  facet normal 0.9891765097240051 0.14673047607854156 0
    outer loop
      vertex 5.990369454026222 5.196034282445908 0
      vertex 5.961570560932159 5.3901806473731995 0
      vertex 5.990369454026222 5.196034282445908 9
    endloop
  endfacet
  facet normal 0.9700312492284539 0.24298019573678303 0
    outer loop
      vertex 5.961570560932159 5.3901806473731995 0
      vertex 5.913880668580532 5.580569356679916 0
      vertex 5.961570560932159 5.3901806473731995 9
    endloop
  endfacet
  facet normal 0.941544074839288 0.33688982640476 0
    outer loop
      vertex 5.913880668580532 5.580569356679916 0
      vertex 5.8477590680122375 5.765366867184639 0
      vertex 5.913880668580532 5.580569356679916 9
    endloop
  endfacet
  facet normal -0.9039892885496102 0.4275551031008397 0
    outer loop
      vertex 0.15224093198776245 5.765366867184639 0
      vertex 0.23615746945142746 5.942793473601341 9
      vertex 0.23615746945142746 5.942793473601341 0
    endloop
  endfacet
  facet normal -0.8577286153979925 0.5141027351876691 0
    outer loop
      vertex 0.23615746945142746 5.942793473601341 0
      vertex 0.337060771882534 6.111140467226505 9
      vertex 0.337060771882534 6.111140467226505 0
    endloop
  endfacet
  facet normal -0.8032075356003306 0.5956992989376803 0
    outer loop
      vertex 0.337060771882534 6.111140467226505 0
      vertex 0.45397908985614777 6.268786571919918 9
      vertex 0.45397908985614777 6.268786571919918 0
    endloop
  endfacet
  facet normal -0.7409510994850822 0.671558983390028 0
    outer loop
      vertex 0.45397908985614777 6.268786571919918 0
      vertex 0.5857864394783974 6.414213560521603 9
      vertex 0.5857864394783974 6.414213560521603 0
    endloop
  endfacet
  facet normal -0.671558983390028 0.7409510994850822 0
    outer loop
      vertex 0.5857864394783974 6.414213560521603 0
      vertex 0.7312134280800819 6.546020910143852 9
      vertex 0.7312134280800819 6.546020910143852 0
    endloop
  endfacet
  facet normal -0.5956992989376803 0.8032075356003306 0
    outer loop
      vertex 0.7312134280800819 6.546020910143852 0
      vertex 0.8888595327734947 6.662939228117466 9
      vertex 0.8888595327734947 6.662939228117466 0
    endloop
  endfacet
  facet normal -0.5141027351876691 0.8577286153979925 0
    outer loop
      vertex 0.8888595327734947 6.662939228117466 0
      vertex 1.0572065263986588 6.7638425305485725 9
      vertex 1.0572065263986588 6.7638425305485725 0
    endloop
  endfacet
  facet normal -0.4275551031008397 0.9039892885496102 0
    outer loop
      vertex 1.0572065263986588 6.7638425305485725 0
      vertex 1.234633132815361 6.8477590680122375 9
      vertex 1.234633132815361 6.8477590680122375 0
    endloop
  endfacet
  facet normal -0.33688982640476 0.941544074839288 0
    outer loop
      vertex 1.234633132815361 6.8477590680122375 0
      vertex 1.4194306433200836 6.913880668580532 9
      vertex 1.4194306433200836 6.913880668580532 0
    endloop
  endfacet
  facet normal -0.24298019573678303 0.9700312492284539 0
    outer loop
      vertex 1.4194306433200836 6.913880668580532 0
      vertex 1.6098193526268005 6.961570560932159 9
      vertex 1.6098193526268005 6.961570560932159 0
    endloop
  endfacet
  facet normal -0.14673047607854156 0.9891765097240051 0
    outer loop
      vertex 1.6098193526268005 6.961570560932159 0
      vertex 1.8039657175540924 6.990369454026222 9
      vertex 1.8039657175540924 6.990369454026222 0
    endloop
  endfacet
  facet normal -0.0490676704157047 0.9987954563973426 0
    outer loop
      vertex 1.8039657175540924 6.990369454026222 0
      vertex 2 7 9
      vertex 2 7 0
    endloop
  endfacet
  facet normal 0 1 0
    outer loop
      vertex 2 7 0
      vertex 4 7 9
      vertex 4 7 0
    endloop
  endfacet
  facet normal 0.9039892885496102 0.4275551031008397 0
    outer loop
      vertex 5.8477590680122375 5.765366867184639 0
      vertex 5.7638425305485725 5.942793473601341 0
      vertex 5.8477590680122375 5.765366867184639 9
    endloop
  endfacet
  facet normal 0.8577286153979925 0.5141027351876691 0
    outer loop
      vertex 5.7638425305485725 5.942793473601341 0
      vertex 5.662939228117466 6.111140467226505 0
      vertex 5.7638425305485725 5.942793473601341 9
    endloop
  endfacet
  facet normal 0.671558983390028 0.7409510994850822 0
    outer loop
      vertex 5.414213560521603 6.414213560521603 0
      vertex 5.268786571919918 6.546020910143852 0
      vertex 5.414213560521603 6.414213560521603 9
    endloop
  endfacet
  facet normal 0.8032075356003306 0.5956992989376803 0
    outer loop
      vertex 5.662939228117466 6.111140467226505 0
      vertex 5.546020910143852 6.268786571919918 0
      vertex 5.662939228117466 6.111140467226505 9
    endloop
  endfacet
  facet normal 0.7409510994850822 0.671558983390028 0
    outer loop
      vertex 5.414213560521603 6.414213560521603 0
      vertex 5.546020910143852 6.268786571919918 9
      vertex 5.546020910143852 6.268786571919918 0
    endloop
  endfacet
  facet normal 0.24298019573678303 0.9700312492284539 0
    outer loop
      vertex 4.3901806473731995 6.961570560932159 0
      vertex 4.580569356679916 6.913880668580532 9
      vertex 4.580569356679916 6.913880668580532 0
    endloop
  endfacet
  facet normal 0.33688982640476 0.941544074839288 0
    outer loop
      vertex 4.765366867184639 6.8477590680122375 0
      vertex 4.580569356679916 6.913880668580532 0
      vertex 4.765366867184639 6.8477590680122375 9
    endloop
  endfacet
  facet normal 0.4275551031008397 0.9039892885496102 0
    outer loop
      vertex 4.942793473601341 6.7638425305485725 0
      vertex 4.765366867184639 6.8477590680122375 0
      vertex 4.942793473601341 6.7638425305485725 9
    endloop
  endfacet
  facet normal 0.0490676704157047 0.9987954563973426 0
    outer loop
      vertex 4.196034282445908 6.990369454026222 0
      vertex 4 7 0
      vertex 4.196034282445908 6.990369454026222 9
    endloop
  endfacet
  facet normal 0.14673047607854156 0.9891765097240051 0
    outer loop
      vertex 4.196034282445908 6.990369454026222 0
      vertex 4.3901806473731995 6.961570560932159 9
      vertex 4.3901806473731995 6.961570560932159 0
    endloop
  endfacet
  facet normal 0.5956992989376803 0.8032075356003306 0
    outer loop
      vertex 5.268786571919918 6.546020910143852 0
      vertex 5.111140467226505 6.662939228117466 0
      vertex 5.268786571919918 6.546020910143852 9
    endloop
  endfacet
  facet normal 0.5141027351876691 0.8577286153979925 0
    outer loop
      vertex 4.942793473601341 6.7638425305485725 0
      vertex 5.111140467226505 6.662939228117466 9
      vertex 5.111140467226505 6.662939228117466 0
    endloop
  endfacet
  facet normal 0 0 -1
    outer loop
      vertex 6 -5 0
      vertex 27.5 5 0
      vertex 30.5 5 0
    endloop
  endfacet
  facet normal 0 0 -1
    outer loop
      vertex 6 -5 0
      vertex 30.5 5 0
      vertex 36 -5 0
    endloop
  endfacet
  facet normal 0 0 -1
    outer loop
      vertex 26.792904891073704 5.1771181002259254 0
      vertex 26.666644647717476 5.252795584499836 0
      vertex 30.5 5 0
    endloop
  endfacet
  facet normal 0 0 -1
    outer loop
      vertex 26.666644647717476 5.252795584499836 0
      vertex 26.548410072922707 5.340484321117401 0
      vertex 30.5 5 0
    endloop
  endfacet
  facet normal 0 0 -1
    outer loop
      vertex 26.439339831471443 5.439339831471443 0
      vertex 30.5 5 0
      vertex 26.548410072922707 5.340484321117401 0
    endloop
  endfacet
  facet normal 0 0 -1
    outer loop
      vertex 26.439339831471443 5.439339831471443 0
      vertex 26.3404843211174 5.548410072922707 0
      vertex 30.5 5 0
    endloop
  endfacet
  facet normal 0 0 -1
    outer loop
      vertex 26.3404843211174 5.548410072922707 0
      vertex 26.252795584499836 5.666644647717476 0
      vertex 30.5 5 0
    endloop
  endfacet
  facet normal 0 0 -1
    outer loop
      vertex 26.252795584499836 5.666644647717476 0
      vertex 26.177118100225925 5.792904891073704 0
      vertex 30.5 5 0
    endloop
  endfacet
  facet normal 0 0 -1
    outer loop
      vertex 26.177118100225925 5.792904891073704 0
      vertex 26.114180698990822 5.925974853336811 0
      vertex 30.5 5 0
    endloop
  endfacet
  facet normal 0 0 -1
    outer loop
      vertex 26.114180698990822 5.925974853336811 0
      vertex 26.064589492976665 6.064572982490063 0
      vertex 30.5 5 0
    endloop
  endfacet
  facet normal 0 0 -1
    outer loop
      vertex 26.92597485333681 5.114180698990822 0
      vertex 26.792904891073704 5.1771181002259254 0
      vertex 30.5 5 0
    endloop
  endfacet
  facet normal 0 0 -1
    outer loop
      vertex 26.92597485333681 5.114180698990822 0
      vertex 30.5 5 0
      vertex 27.064572982490063 5.0645894929766655 0
    endloop
  endfacet
  facet normal 0 0 -1
    outer loop
      vertex 27.2073645144701 5.02882207930088 0
      vertex 27.064572982490063 5.0645894929766655 0
      vertex 30.5 5 0
    endloop
  endfacet
  facet normal 0 0 -1
    outer loop
      vertex 27.2073645144701 5.02882207930088 0
      vertex 30.5 5 0
      vertex 27.35297428816557 5.007222913205624 0
    endloop
  endfacet
  facet normal 0 0 -1
    outer loop
      vertex 27.35297428816557 5.007222913205624 0
      vertex 30.5 5 0
      vertex 27.5 5 0
    endloop
  endfacet
  facet normal 0 0 -1
    outer loop
      vertex 30.64702571183443 5.007222913205624 0
      vertex 31.333355352282524 5.252795584499836 0
      vertex 30.7926354855299 5.02882207930088 0
    endloop
  endfacet
  facet normal 0 0 -1
    outer loop
      vertex 30.5 5 0
      vertex 31.560660168528557 5.439339831471443 0
      vertex 30.64702571183443 5.007222913205624 0
    endloop
  endfacet
  facet normal 0 0 -1
    outer loop
      vertex 30.7926354855299 5.02882207930088 0
      vertex 31.333355352282524 5.252795584499836 0
      vertex 30.935427017509937 5.0645894929766655 0
    endloop
  endfacet
  facet normal 0 0 -1
    outer loop
      vertex 30.935427017509937 5.0645894929766655 0
      vertex 31.333355352282524 5.252795584499836 0
      vertex 31.07402514666319 5.114180698990822 0
    endloop
  endfacet
  facet normal 0 0 -1
    outer loop
      vertex 31.07402514666319 5.114180698990822 0
      vertex 31.333355352282524 5.252795584499836 0
      vertex 31.207095108926296 5.1771181002259254 0
    endloop
  endfacet
  facet normal 0 0 -1
    outer loop
      vertex 30.64702571183443 5.007222913205624 0
      vertex 31.451589927077293 5.340484321117401 0
      vertex 31.333355352282524 5.252795584499836 0
    endloop
  endfacet
  facet normal 0 0 -1
    outer loop
      vertex 30.64702571183443 5.007222913205624 0
      vertex 31.560660168528557 5.439339831471443 0
      vertex 31.451589927077293 5.340484321117401 0
    endloop
  endfacet
  facet normal 0 0 -1
    outer loop
      vertex 30.5 5 0
      vertex 31.6595156788826 5.548410072922707 0
      vertex 31.560660168528557 5.439339831471443 0
    endloop
  endfacet
  facet normal 0 0 -1
    outer loop
      vertex 30.5 5 0
      vertex 31.747204415500164 5.666644647717476 0
      vertex 31.6595156788826 5.548410072922707 0
    endloop
  endfacet
  facet normal 0 0 -1
    outer loop
      vertex 30.5 5 0
      vertex 31.822881899774075 5.792904891073704 0
      vertex 31.747204415500164 5.666644647717476 0
    endloop
  endfacet
  facet normal 0 0 -1
    outer loop
      vertex 30.5 5 0
      vertex 31.885819301009178 5.925974853336811 0
      vertex 31.822881899774075 5.792904891073704 0
    endloop
  endfacet
  facet normal 0 0 -1
    outer loop
      vertex 30.5 5 0
      vertex 31.935410507023335 6.064572982490063 0
      vertex 31.885819301009178 5.925974853336811 0
    endloop
  endfacet
  facet normal 0 0 -1
    outer loop
      vertex 26.064589492976665 6.064572982490063 0
      vertex 26.02882207930088 6.2073645144701 0
      vertex 30.5 5 0
    endloop
  endfacet
  facet normal 0 0 -1
    outer loop
      vertex 26.02882207930088 6.2073645144701 0
      vertex 26.007222913205624 6.352974288165569 0
      vertex 30.5 5 0
    endloop
  endfacet
  facet normal 0 0 -1
    outer loop
      vertex 26.007222913205624 6.352974288165569 0
      vertex 26 6.5 0
      vertex 30.5 5 0
    endloop
  endfacet
  facet normal 0 0 -1
    outer loop
      vertex 26 6.5 0
      vertex 26 7.5 0
      vertex 30.5 5 0
    endloop
  endfacet
  facet normal 0 0 -1
    outer loop
      vertex 30.5 5 0
      vertex 26 7.5 0
      vertex 26.007222913205624 7.647025711834431 0
    endloop
  endfacet
  facet normal 0 0 -1
    outer loop
      vertex 30.5 5 0
      vertex 26.007222913205624 7.647025711834431 0
      vertex 26.02882207930088 7.7926354855299 0
    endloop
  endfacet
  facet normal 0 0 -1
    outer loop
      vertex 30.5 5 0
      vertex 26.02882207930088 7.7926354855299 0
      vertex 26.064589492976665 7.935427017509937 0
    endloop
  endfacet
  facet normal 0 0 -1
    outer loop
      vertex 30.5 5 0
      vertex 26.064589492976665 7.935427017509937 0
      vertex 26.114180698990822 8.074025146663189 0
    endloop
  endfacet
  facet normal 0 0 -1
    outer loop
      vertex 30.5 5 0
      vertex 26.114180698990822 8.074025146663189 0
      vertex 26.177118100225925 8.207095108926296 0
    endloop
  endfacet
  facet normal 0 0 -1
    outer loop
      vertex 30.5 5 0
      vertex 26.177118100225925 8.207095108926296 0
      vertex 26.252795584499836 8.333355352282524 0
    endloop
  endfacet
  facet normal 0 0 -1
    outer loop
      vertex 30.5 5 0
      vertex 26.252795584499836 8.333355352282524 0
      vertex 26.3404843211174 8.451589927077293 0
    endloop
  endfacet
  facet normal 0 0 -1
    outer loop
      vertex 30.5 5 0
      vertex 26.3404843211174 8.451589927077293 0
      vertex 26.439339831471443 8.560660168528557 0
    endloop
  endfacet
  facet normal 0 0 -1
    outer loop
      vertex 30.5 5 0
      vertex 26.439339831471443 8.560660168528557 0
      vertex 26.548410072922707 8.659515678882599 0
    endloop
  endfacet
  facet normal 0 0 -1
    outer loop
      vertex 30.5 5 0
      vertex 26.548410072922707 8.659515678882599 0
      vertex 26.666644647717476 8.747204415500164 0
    endloop
  endfacet
  facet normal 0 0 -1
    outer loop
      vertex 30.5 5 0
      vertex 26.666644647717476 8.747204415500164 0
      vertex 26.792904891073704 8.822881899774075 0
    endloop
  endfacet
  facet normal 0 0 -1
    outer loop
      vertex 30.5 5 0
      vertex 31.97117792069912 6.2073645144701 0
      vertex 31.935410507023335 6.064572982490063 0
    endloop
  endfacet
  facet normal 0 0 -1
    outer loop
      vertex 30.5 5 0
      vertex 31.992777086794376 6.352974288165569 0
      vertex 31.97117792069912 6.2073645144701 0
    endloop
  endfacet
  facet normal 0 0 -1
    outer loop
      vertex 30.5 5 0
      vertex 32 6.5 0
      vertex 31.992777086794376 6.352974288165569 0
    endloop
  endfacet
  facet normal 0 0 -1
    outer loop
      vertex 30.5 5 0
      vertex 32 7.5 0
      vertex 32 6.5 0
    endloop
  endfacet
  facet normal 0 0 -1
    outer loop
      vertex 30.5 5 0
      vertex 31.992777086794376 7.647025711834431 0
      vertex 32 7.5 0
    endloop
  endfacet
  facet normal 0 0 -1
    outer loop
      vertex 30.5 5 0
      vertex 31.97117792069912 7.7926354855299 0
      vertex 31.992777086794376 7.647025711834431 0
    endloop
  endfacet
  facet normal 0 0 -1
    outer loop
      vertex 30.5 5 0
      vertex 31.935410507023335 7.935427017509937 0
      vertex 31.97117792069912 7.7926354855299 0
    endloop
  endfacet
  facet normal 0 0 -1
    outer loop
      vertex 30.5 5 0
      vertex 31.885819301009178 8.074025146663189 0
      vertex 31.935410507023335 7.935427017509937 0
    endloop
  endfacet
  facet normal 0 0 -1
    outer loop
      vertex 30.5 5 0
      vertex 31.822881899774075 8.207095108926296 0
      vertex 31.885819301009178 8.074025146663189 0
    endloop
  endfacet
  facet normal 0 0 -1
    outer loop
      vertex 30.5 5 0
      vertex 31.560660168528557 8.560660168528557 0
      vertex 31.6595156788826 8.451589927077293 0
    endloop
  endfacet
  facet normal 0 0 -1
    outer loop
      vertex 30.5 5 0
      vertex 31.747204415500164 8.333355352282524 0
      vertex 31.822881899774075 8.207095108926296 0
    endloop
  endfacet
  facet normal 0 0 -1
    outer loop
      vertex 30.5 5 0
      vertex 31.6595156788826 8.451589927077293 0
      vertex 31.747204415500164 8.333355352282524 0
    endloop
  endfacet
  facet normal 0 0 -1
    outer loop
      vertex 30.5 5 0
      vertex 26.792904891073704 8.822881899774075 0
      vertex 26.92597485333681 8.885819301009178 0
    endloop
  endfacet
  facet normal 0 0 -1
    outer loop
      vertex 30.5 5 0
      vertex 26.92597485333681 8.885819301009178 0
      vertex 27.064572982490063 8.935410507023335 0
    endloop
  endfacet
  facet normal 0 0 -1
    outer loop
      vertex 30.5 5 0
      vertex 27.064572982490063 8.935410507023335 0
      vertex 27.2073645144701 8.97117792069912 0
    endloop
  endfacet
  facet normal 0 0 -1
    outer loop
      vertex 30.5 5 0
      vertex 27.2073645144701 8.97117792069912 0
      vertex 27.35297428816557 8.992777086794376 0
    endloop
  endfacet
  facet normal 0 0 -1
    outer loop
      vertex 30.5 5 0
      vertex 27.35297428816557 8.992777086794376 0
      vertex 27.5 9 0
    endloop
  endfacet
  facet normal 0 0 -1
    outer loop
      vertex 30.5 5 0
      vertex 27.5 9 0
      vertex 30.5 9 0
    endloop
  endfacet
  facet normal 0 0 -1
    outer loop
      vertex 30.5 5 0
      vertex 31.07402514666319 8.885819301009178 0
      vertex 31.207095108926296 8.822881899774075 0
    endloop
  endfacet
  facet normal 0 0 -1
    outer loop
      vertex 30.5 5 0
      vertex 30.5 9 0
      vertex 30.64702571183443 8.992777086794376 0
    endloop
  endfacet
  facet normal 0 0 -1
    outer loop
      vertex 30.5 5 0
      vertex 30.64702571183443 8.992777086794376 0
      vertex 30.7926354855299 8.97117792069912 0
    endloop
  endfacet
  facet normal 0 0 -1
    outer loop
      vertex 30.5 5 0
      vertex 30.7926354855299 8.97117792069912 0
      vertex 30.935427017509937 8.935410507023335 0
    endloop
  endfacet
  facet normal 0 0 -1
    outer loop
      vertex 30.5 5 0
      vertex 30.935427017509937 8.935410507023335 0
      vertex 31.07402514666319 8.885819301009178 0
    endloop
  endfacet
  facet normal 0 0 -1
    outer loop
      vertex 30.5 5 0
      vertex 31.333355352282524 8.747204415500164 0
      vertex 31.451589927077293 8.659515678882599 0
    endloop
  endfacet
  facet normal 0 0 -1
    outer loop
      vertex 30.5 5 0
      vertex 31.451589927077293 8.659515678882599 0
      vertex 31.560660168528557 8.560660168528557 0
    endloop
  endfacet
  facet normal 0 0 -1
    outer loop
      vertex 30.5 5 0
      vertex 31.207095108926296 8.822881899774075 0
      vertex 31.333355352282524 8.747204415500164 0
    endloop
  endfacet
  facet normal 0 1 0
    outer loop
      vertex 6 5 0
      vertex 27.5 5 9
      vertex 27.5 5 0
    endloop
  endfacet
  facet normal -0.33688986808449944 -0.9415440599260391 0
    outer loop
      vertex 26.92597485333681 5.114180698990822 0
      vertex 27.064572982490063 5.0645894929766655 0
      vertex 26.92597485333681 5.114180698990822 9
    endloop
  endfacet
  facet normal -0.5141027780042697 -0.857728589734709 0
    outer loop
      vertex 26.792904891073704 5.1771181002259254 0
      vertex 26.666644647717476 5.252795584499836 9
      vertex 26.666644647717476 5.252795584499836 0
    endloop
  endfacet
  facet normal -0.5956993028830408 -0.8032075326742517 0
    outer loop
      vertex 26.666644647717476 5.252795584499836 0
      vertex 26.548410072922707 5.340484321117401 9
      vertex 26.548410072922707 5.340484321117401 0
    endloop
  endfacet
  facet normal -0.4275550731976791 -0.9039893026927517 0
    outer loop
      vertex 26.92597485333681 5.114180698990822 0
      vertex 26.792904891073704 5.1771181002259254 9
      vertex 26.792904891073704 5.1771181002259254 0
    endloop
  endfacet
  facet normal -0.6715589764431048 -0.7409511057814068 0
    outer loop
      vertex 26.439339831471443 5.439339831471443 0
      vertex 26.548410072922707 5.340484321117401 0
      vertex 26.439339831471443 5.439339831471443 9
    endloop
  endfacet
  facet normal -0.7409511057814068 -0.6715589764431048 0
    outer loop
      vertex 26.439339831471443 5.439339831471443 0
      vertex 26.3404843211174 5.548410072922707 9
      vertex 26.3404843211174 5.548410072922707 0
    endloop
  endfacet
  facet normal -0.8032075326742517 -0.5956993028830408 0
    outer loop
      vertex 26.3404843211174 5.548410072922707 0
      vertex 26.252795584499836 5.666644647717476 9
      vertex 26.252795584499836 5.666644647717476 0
    endloop
  endfacet
  facet normal -0.24298016001722236 -0.970031258175738 0
    outer loop
      vertex 27.2073645144701 5.02882207930088 0
      vertex 27.064572982490063 5.0645894929766655 9
      vertex 27.064572982490063 5.0645894929766655 0
    endloop
  endfacet
  facet normal -0.14673045131624157 -0.989176513397145 0
    outer loop
      vertex 27.2073645144701 5.02882207930088 0
      vertex 27.35297428816557 5.007222913205624 0
      vertex 27.2073645144701 5.02882207930088 9
    endloop
  endfacet
  facet normal -0.04906769566193293 -0.9987954551570746 0
    outer loop
      vertex 27.35297428816557 5.007222913205624 0
      vertex 27.5 5 0
      vertex 27.35297428816557 5.007222913205624 9
    endloop
  endfacet
  facet normal 0.04906769566193293 -0.9987954551570746 0
    outer loop
      vertex 30.5 5 0
      vertex 30.64702571183443 5.007222913205624 0
      vertex 30.5 5 9
    endloop
  endfacet
  facet normal 0.14673045131624157 -0.989176513397145 0
    outer loop
      vertex 30.64702571183443 5.007222913205624 0
      vertex 30.7926354855299 5.02882207930088 0
      vertex 30.64702571183443 5.007222913205624 9
    endloop
  endfacet
  facet normal 0.24298016001722236 -0.970031258175738 0
    outer loop
      vertex 30.7926354855299 5.02882207930088 0
      vertex 30.935427017509937 5.0645894929766655 0
      vertex 30.7926354855299 5.02882207930088 9
    endloop
  endfacet
  facet normal 0.33688986808449944 -0.9415440599260391 0
    outer loop
      vertex 30.935427017509937 5.0645894929766655 0
      vertex 31.07402514666319 5.114180698990822 0
      vertex 30.935427017509937 5.0645894929766655 9
    endloop
  endfacet
  facet normal 0.4275550731976791 -0.9039893026927517 0
    outer loop
      vertex 31.07402514666319 5.114180698990822 0
      vertex 31.207095108926296 5.1771181002259254 0
      vertex 31.07402514666319 5.114180698990822 9
    endloop
  endfacet
  facet normal 0.5141027780042697 -0.857728589734709 0
    outer loop
      vertex 31.207095108926296 5.1771181002259254 0
      vertex 31.333355352282524 5.252795584499836 0
      vertex 31.207095108926296 5.1771181002259254 9
    endloop
  endfacet
  facet normal 0.5956993028830408 -0.8032075326742517 0
    outer loop
      vertex 31.333355352282524 5.252795584499836 0
      vertex 31.451589927077293 5.340484321117401 0
      vertex 31.333355352282524 5.252795584499836 9
    endloop
  endfacet
  facet normal 0.6715589764431048 -0.7409511057814068 0
    outer loop
      vertex 31.451589927077293 5.340484321117401 0
      vertex 31.560660168528557 5.439339831471443 0
      vertex 31.451589927077293 5.340484321117401 9
    endloop
  endfacet
  facet normal 0.7409511057814068 -0.6715589764431048 0
    outer loop
      vertex 31.560660168528557 5.439339831471443 0
      vertex 31.6595156788826 5.548410072922707 0
      vertex 31.560660168528557 5.439339831471443 9
    endloop
  endfacet
  facet normal 0.8032075326742517 -0.5956993028830408 0
    outer loop
      vertex 31.6595156788826 5.548410072922707 0
      vertex 31.747204415500164 5.666644647717476 0
      vertex 31.6595156788826 5.548410072922707 9
    endloop
  endfacet
  facet normal 0.857728589734709 -0.5141027780042697 0
    outer loop
      vertex 31.747204415500164 5.666644647717476 0
      vertex 31.822881899774075 5.792904891073704 0
      vertex 31.747204415500164 5.666644647717476 9
    endloop
  endfacet
  facet normal -0.857728589734709 -0.5141027780042697 0
    outer loop
      vertex 26.252795584499836 5.666644647717476 0
      vertex 26.177118100225925 5.792904891073704 9
      vertex 26.177118100225925 5.792904891073704 0
    endloop
  endfacet
  facet normal -0.9039893026927517 -0.4275550731976791 0
    outer loop
      vertex 26.177118100225925 5.792904891073704 0
      vertex 26.114180698990822 5.925974853336811 9
      vertex 26.114180698990822 5.925974853336811 0
    endloop
  endfacet
  facet normal -0.9415440599260391 -0.33688986808449944 0
    outer loop
      vertex 26.114180698990822 5.925974853336811 0
      vertex 26.064589492976665 6.064572982490063 9
      vertex 26.064589492976665 6.064572982490063 0
    endloop
  endfacet
  facet normal -0.970031258175738 -0.24298016001722236 0
    outer loop
      vertex 26.064589492976665 6.064572982490063 0
      vertex 26.02882207930088 6.2073645144701 9
      vertex 26.02882207930088 6.2073645144701 0
    endloop
  endfacet
  facet normal -0.989176513397145 -0.14673045131624157 0
    outer loop
      vertex 26.02882207930088 6.2073645144701 0
      vertex 26.007222913205624 6.352974288165569 9
      vertex 26.007222913205624 6.352974288165569 0
    endloop
  endfacet
  facet normal -0.9987954551570746 -0.04906769566193293 0
    outer loop
      vertex 26.007222913205624 6.352974288165569 0
      vertex 26 6.5 9
      vertex 26 6.5 0
    endloop
  endfacet
  facet normal -1 0 0
    outer loop
      vertex 26 6.5 0
      vertex 26 7.5 9
      vertex 26 7.5 0
    endloop
  endfacet
  facet normal -0.9987954551570746 0.04906769566193293 0
    outer loop
      vertex 26 7.5 0
      vertex 26.007222913205624 7.647025711834431 9
      vertex 26.007222913205624 7.647025711834431 0
    endloop
  endfacet
  facet normal -0.989176513397145 0.14673045131624157 0
    outer loop
      vertex 26.007222913205624 7.647025711834431 0
      vertex 26.02882207930088 7.7926354855299 9
      vertex 26.02882207930088 7.7926354855299 0
    endloop
  endfacet
  facet normal -0.970031258175738 0.24298016001722236 0
    outer loop
      vertex 26.02882207930088 7.7926354855299 0
      vertex 26.064589492976665 7.935427017509937 9
      vertex 26.064589492976665 7.935427017509937 0
    endloop
  endfacet
  facet normal -0.9415440599260391 0.33688986808449944 0
    outer loop
      vertex 26.064589492976665 7.935427017509937 0
      vertex 26.114180698990822 8.074025146663189 9
      vertex 26.114180698990822 8.074025146663189 0
    endloop
  endfacet
  facet normal -0.9039893026927517 0.4275550731976791 0
    outer loop
      vertex 26.114180698990822 8.074025146663189 0
      vertex 26.177118100225925 8.207095108926296 9
      vertex 26.177118100225925 8.207095108926296 0
    endloop
  endfacet
  facet normal -0.857728589734709 0.5141027780042697 0
    outer loop
      vertex 26.177118100225925 8.207095108926296 0
      vertex 26.252795584499836 8.333355352282524 9
      vertex 26.252795584499836 8.333355352282524 0
    endloop
  endfacet
  facet normal -0.8032075326742517 0.5956993028830408 0
    outer loop
      vertex 26.252795584499836 8.333355352282524 0
      vertex 26.3404843211174 8.451589927077293 9
      vertex 26.3404843211174 8.451589927077293 0
    endloop
  endfacet
  facet normal -0.7409511057814068 0.6715589764431048 0
    outer loop
      vertex 26.3404843211174 8.451589927077293 0
      vertex 26.439339831471443 8.560660168528557 9
      vertex 26.439339831471443 8.560660168528557 0
    endloop
  endfacet
  facet normal -0.6715589764431048 0.7409511057814068 0
    outer loop
      vertex 26.439339831471443 8.560660168528557 0
      vertex 26.548410072922707 8.659515678882599 9
      vertex 26.548410072922707 8.659515678882599 0
    endloop
  endfacet
  facet normal -0.5956993028830408 0.8032075326742517 0
    outer loop
      vertex 26.548410072922707 8.659515678882599 0
      vertex 26.666644647717476 8.747204415500164 9
      vertex 26.666644647717476 8.747204415500164 0
    endloop
  endfacet
  facet normal -0.5141027780042697 0.857728589734709 0
    outer loop
      vertex 26.666644647717476 8.747204415500164 0
      vertex 26.792904891073704 8.822881899774075 9
      vertex 26.792904891073704 8.822881899774075 0
    endloop
  endfacet
  facet normal -0.4275550731976791 0.9039893026927517 0
    outer loop
      vertex 26.792904891073704 8.822881899774075 0
      vertex 26.92597485333681 8.885819301009178 9
      vertex 26.92597485333681 8.885819301009178 0
    endloop
  endfacet
  facet normal -0.33688986808449944 0.9415440599260391 0
    outer loop
      vertex 26.92597485333681 8.885819301009178 0
      vertex 27.064572982490063 8.935410507023335 9
      vertex 27.064572982490063 8.935410507023335 0
    endloop
  endfacet
  facet normal -0.24298016001722236 0.970031258175738 0
    outer loop
      vertex 27.064572982490063 8.935410507023335 0
      vertex 27.2073645144701 8.97117792069912 9
      vertex 27.2073645144701 8.97117792069912 0
    endloop
  endfacet
  facet normal -0.14673045131624157 0.989176513397145 0
    outer loop
      vertex 27.2073645144701 8.97117792069912 0
      vertex 27.35297428816557 8.992777086794376 9
      vertex 27.35297428816557 8.992777086794376 0
    endloop
  endfacet
  facet normal -0.04906769566193293 0.9987954551570746 0
    outer loop
      vertex 27.35297428816557 8.992777086794376 0
      vertex 27.5 9 9
      vertex 27.5 9 0
    endloop
  endfacet
  facet normal 0.9039893026927517 -0.4275550731976791 0
    outer loop
      vertex 31.822881899774075 5.792904891073704 0
      vertex 31.885819301009178 5.925974853336811 0
      vertex 31.822881899774075 5.792904891073704 9
    endloop
  endfacet
  facet normal 0.9415440599260391 -0.33688986808449944 0
    outer loop
      vertex 31.885819301009178 5.925974853336811 0
      vertex 31.935410507023335 6.064572982490063 0
      vertex 31.885819301009178 5.925974853336811 9
    endloop
  endfacet
  facet normal 0.970031258175738 -0.24298016001722236 0
    outer loop
      vertex 31.935410507023335 6.064572982490063 0
      vertex 31.97117792069912 6.2073645144701 0
      vertex 31.935410507023335 6.064572982490063 9
    endloop
  endfacet
  facet normal 0.989176513397145 -0.14673045131624157 0
    outer loop
      vertex 31.97117792069912 6.2073645144701 0
      vertex 31.992777086794376 6.352974288165569 0
      vertex 31.97117792069912 6.2073645144701 9
    endloop
  endfacet
  facet normal 0.9987954551570746 -0.04906769566193293 0
    outer loop
      vertex 31.992777086794376 6.352974288165569 0
      vertex 32 6.5 0
      vertex 31.992777086794376 6.352974288165569 9
    endloop
  endfacet
  facet normal 0 1 0
    outer loop
      vertex 27.5 9 0
      vertex 30.5 9 9
      vertex 30.5 9 0
    endloop
  endfacet
  facet normal 0.9987954551570746 0.04906769566193293 0
    outer loop
      vertex 31.992777086794376 7.647025711834431 0
      vertex 32 7.5 9
      vertex 32 7.5 0
    endloop
  endfacet
  facet normal 0.989176513397145 0.14673045131624157 0
    outer loop
      vertex 31.992777086794376 7.647025711834431 0
      vertex 31.97117792069912 7.7926354855299 0
      vertex 31.992777086794376 7.647025711834431 9
    endloop
  endfacet
  facet normal 0.970031258175738 0.24298016001722236 0
    outer loop
      vertex 31.97117792069912 7.7926354855299 0
      vertex 31.935410507023335 7.935427017509937 0
      vertex 31.97117792069912 7.7926354855299 9
    endloop
  endfacet
  facet normal 0.9415440599260391 0.33688986808449944 0
    outer loop
      vertex 31.935410507023335 7.935427017509937 0
      vertex 31.885819301009178 8.074025146663189 0
      vertex 31.935410507023335 7.935427017509937 9
    endloop
  endfacet
  facet normal 0.9039893026927517 0.4275550731976791 0
    outer loop
      vertex 31.885819301009178 8.074025146663189 0
      vertex 31.822881899774075 8.207095108926296 0
      vertex 31.885819301009178 8.074025146663189 9
    endloop
  endfacet
  facet normal 0.04906769566193293 0.9987954551570746 0
    outer loop
      vertex 30.5 9 0
      vertex 30.64702571183443 8.992777086794376 9
      vertex 30.64702571183443 8.992777086794376 0
    endloop
  endfacet
  facet normal 0.14673045131624157 0.989176513397145 0
    outer loop
      vertex 30.64702571183443 8.992777086794376 0
      vertex 30.7926354855299 8.97117792069912 9
      vertex 30.7926354855299 8.97117792069912 0
    endloop
  endfacet
  facet normal 0.24298016001722236 0.970031258175738 0
    outer loop
      vertex 30.935427017509937 8.935410507023335 0
      vertex 30.7926354855299 8.97117792069912 0
      vertex 30.935427017509937 8.935410507023335 9
    endloop
  endfacet
  facet normal 0.8032075326742517 0.5956993028830408 0
    outer loop
      vertex 31.747204415500164 8.333355352282524 0
      vertex 31.6595156788826 8.451589927077293 0
      vertex 31.747204415500164 8.333355352282524 9
    endloop
  endfacet
  facet normal 0.857728589734709 0.5141027780042697 0
    outer loop
      vertex 31.822881899774075 8.207095108926296 0
      vertex 31.747204415500164 8.333355352282524 0
      vertex 31.822881899774075 8.207095108926296 9
    endloop
  endfacet
  facet normal 0.7409511057814068 0.6715589764431048 0
    outer loop
      vertex 31.6595156788826 8.451589927077293 0
      vertex 31.560660168528557 8.560660168528557 0
      vertex 31.6595156788826 8.451589927077293 9
    endloop
  endfacet
  facet normal 0.6715589764431048 0.7409511057814068 0
    outer loop
      vertex 31.451589927077293 8.659515678882599 0
      vertex 31.560660168528557 8.560660168528557 9
      vertex 31.560660168528557 8.560660168528557 0
    endloop
  endfacet
  facet normal 0.5956993028830408 0.8032075326742517 0
    outer loop
      vertex 31.451589927077293 8.659515678882599 0
      vertex 31.333355352282524 8.747204415500164 0
      vertex 31.451589927077293 8.659515678882599 9
    endloop
  endfacet
  facet normal 0.5141027780042697 0.857728589734709 0
    outer loop
      vertex 31.333355352282524 8.747204415500164 0
      vertex 31.207095108926296 8.822881899774075 0
      vertex 31.333355352282524 8.747204415500164 9
    endloop
  endfacet
  facet normal 0.4275550731976791 0.9039893026927517 0
    outer loop
      vertex 31.207095108926296 8.822881899774075 0
      vertex 31.07402514666319 8.885819301009178 0
      vertex 31.207095108926296 8.822881899774075 9
    endloop
  endfacet
  facet normal 0.33688986808449944 0.9415440599260391 0
    outer loop
      vertex 30.935427017509937 8.935410507023335 0
      vertex 31.07402514666319 8.885819301009178 9
      vertex 31.07402514666319 8.885819301009178 0
    endloop
  endfacet
  facet normal -1 0 0
    outer loop
      vertex 0 -5 0
      vertex 0 -5 9
      vertex 0 5 9
    endloop
  endfacet
  facet normal 0 0 1
    outer loop
      vertex 0 -5 9
      vertex 6 -5 9
      vertex 0 5 9
    endloop
  endfacet
  facet normal 0 0 1
    outer loop
      vertex 6 -5 9
      vertex 0.009630545973777771 5.196034282445908 9
      vertex 0 5 9
    endloop
  endfacet
  facet normal 0 0 1
    outer loop
      vertex 6 -5 9
      vertex 0.038429439067840576 5.3901806473731995 9
      vertex 0.009630545973777771 5.196034282445908 9
    endloop
  endfacet
  facet normal 0 0 1
    outer loop
      vertex 6 -5 9
      vertex 0.08611933141946793 5.580569356679916 9
      vertex 0.038429439067840576 5.3901806473731995 9
    endloop
  endfacet
  facet normal 0 0 1
    outer loop
      vertex 6 -5 9
      vertex 0.15224093198776245 5.765366867184639 9
      vertex 0.08611933141946793 5.580569356679916 9
    endloop
  endfacet
  facet normal 0 0 1
    outer loop
      vertex 6 -5 9
      vertex 0.23615746945142746 5.942793473601341 9
      vertex 0.15224093198776245 5.765366867184639 9
    endloop
  endfacet
  facet normal 0 0 1
    outer loop
      vertex 6 -5 9
      vertex 0.337060771882534 6.111140467226505 9
      vertex 0.23615746945142746 5.942793473601341 9
    endloop
  endfacet
  facet normal 0 0 1
    outer loop
      vertex 6 -5 9
      vertex 0.45397908985614777 6.268786571919918 9
      vertex 0.337060771882534 6.111140467226505 9
    endloop
  endfacet
  facet normal 0 0 1
    outer loop
      vertex 6 -5 9
      vertex 6 5 9
      vertex 4 7 9
    endloop
  endfacet
  facet normal 0 0 1
    outer loop
      vertex 6 -5 9
      vertex 27.5 5 9
      vertex 6 5 9
    endloop
  endfacet
  facet normal -0.9987954563973426 0.0490676704157047 0
    outer loop
      vertex 0 5 0
      vertex 0 5 9
      vertex 0.009630545973777771 5.196034282445908 9
    endloop
  endfacet
  facet normal -0.9891765097240051 0.14673047607854156 0
    outer loop
      vertex 0.009630545973777771 5.196034282445908 0
      vertex 0.009630545973777771 5.196034282445908 9
      vertex 0.038429439067840576 5.3901806473731995 9
    endloop
  endfacet
  facet normal -0.9700312492284539 0.24298019573678303 0
    outer loop
      vertex 0.038429439067840576 5.3901806473731995 0
      vertex 0.038429439067840576 5.3901806473731995 9
      vertex 0.08611933141946793 5.580569356679916 9
    endloop
  endfacet
  facet normal -0.941544074839288 0.33688982640476 0
    outer loop
      vertex 0.08611933141946793 5.580569356679916 0
      vertex 0.08611933141946793 5.580569356679916 9
      vertex 0.15224093198776245 5.765366867184639 9
    endloop
  endfacet
  facet normal 0.9987954563973426 0.0490676704157047 0
    outer loop
      vertex 5.990369454026222 5.196034282445908 0
      vertex 5.990369454026222 5.196034282445908 9
      vertex 6 5 9
    endloop
  endfacet
  facet normal 0.9891765097240051 0.14673047607854156 0
    outer loop
      vertex 5.961570560932159 5.3901806473731995 0
      vertex 5.961570560932159 5.3901806473731995 9
      vertex 5.990369454026222 5.196034282445908 9
    endloop
  endfacet
  facet normal 0.9700312492284539 0.24298019573678303 0
    outer loop
      vertex 5.913880668580532 5.580569356679916 0
      vertex 5.913880668580532 5.580569356679916 9
      vertex 5.961570560932159 5.3901806473731995 9
    endloop
  endfacet
  facet normal 0.941544074839288 0.33688982640476 0
    outer loop
      vertex 5.8477590680122375 5.765366867184639 0
      vertex 5.8477590680122375 5.765366867184639 9
      vertex 5.913880668580532 5.580569356679916 9
    endloop
  endfacet
  facet normal -0.9039892885496102 0.4275551031008397 0
    outer loop
      vertex 0.15224093198776245 5.765366867184639 0
      vertex 0.15224093198776245 5.765366867184639 9
      vertex 0.23615746945142746 5.942793473601341 9
    endloop
  endfacet
  facet normal -0.8577286153979925 0.5141027351876691 0
    outer loop
      vertex 0.23615746945142746 5.942793473601341 0
      vertex 0.23615746945142746 5.942793473601341 9
      vertex 0.337060771882534 6.111140467226505 9
    endloop
  endfacet
  facet normal -0.8032075356003306 0.5956992989376803 0
    outer loop
      vertex 0.337060771882534 6.111140467226505 0
      vertex 0.337060771882534 6.111140467226505 9
      vertex 0.45397908985614777 6.268786571919918 9
    endloop
  endfacet
  facet normal -0.7409510994850822 0.671558983390028 0
    outer loop
      vertex 0.45397908985614777 6.268786571919918 0
      vertex 0.45397908985614777 6.268786571919918 9
      vertex 0.5857864394783974 6.414213560521603 9
    endloop
  endfacet
  facet normal -0.671558983390028 0.7409510994850822 0
    outer loop
      vertex 0.5857864394783974 6.414213560521603 0
      vertex 0.5857864394783974 6.414213560521603 9
      vertex 0.7312134280800819 6.546020910143852 9
    endloop
  endfacet
  facet normal -0.5956992989376803 0.8032075356003306 0
    outer loop
      vertex 0.7312134280800819 6.546020910143852 0
      vertex 0.7312134280800819 6.546020910143852 9
      vertex 0.8888595327734947 6.662939228117466 9
    endloop
  endfacet
  facet normal -0.5141027351876691 0.8577286153979925 0
    outer loop
      vertex 0.8888595327734947 6.662939228117466 0
      vertex 0.8888595327734947 6.662939228117466 9
      vertex 1.0572065263986588 6.7638425305485725 9
    endloop
  endfacet
  facet normal -0.4275551031008397 0.9039892885496102 0
    outer loop
      vertex 1.0572065263986588 6.7638425305485725 0
      vertex 1.0572065263986588 6.7638425305485725 9
      vertex 1.234633132815361 6.8477590680122375 9
    endloop
  endfacet
  facet normal -0.33688982640476 0.941544074839288 0
    outer loop
      vertex 1.234633132815361 6.8477590680122375 0
      vertex 1.234633132815361 6.8477590680122375 9
      vertex 1.4194306433200836 6.913880668580532 9
    endloop
  endfacet
  facet normal -0.24298019573678303 0.9700312492284539 0
    outer loop
      vertex 1.4194306433200836 6.913880668580532 0
      vertex 1.4194306433200836 6.913880668580532 9
      vertex 1.6098193526268005 6.961570560932159 9
    endloop
  endfacet
  facet normal -0.14673047607854156 0.9891765097240051 0
    outer loop
      vertex 1.6098193526268005 6.961570560932159 0
      vertex 1.6098193526268005 6.961570560932159 9
      vertex 1.8039657175540924 6.990369454026222 9
    endloop
  endfacet
  facet normal -0.0490676704157047 0.9987954563973426 0
    outer loop
      vertex 1.8039657175540924 6.990369454026222 0
      vertex 1.8039657175540924 6.990369454026222 9
      vertex 2 7 9
    endloop
  endfacet
  facet normal 0 1 0
    outer loop
      vertex 2 7 0
      vertex 2 7 9
      vertex 4 7 9
    endloop
  endfacet
  facet normal 0.9039892885496102 0.4275551031008397 0
    outer loop
      vertex 5.7638425305485725 5.942793473601341 0
      vertex 5.7638425305485725 5.942793473601341 9
      vertex 5.8477590680122375 5.765366867184639 9
    endloop
  endfacet
  facet normal 0.8577286153979925 0.5141027351876691 0
    outer loop
      vertex 5.662939228117466 6.111140467226505 0
      vertex 5.662939228117466 6.111140467226505 9
      vertex 5.7638425305485725 5.942793473601341 9
    endloop
  endfacet
  facet normal 0.7409510994850822 0.671558983390028 0
    outer loop
      vertex 5.414213560521603 6.414213560521603 0
      vertex 5.414213560521603 6.414213560521603 9
      vertex 5.546020910143852 6.268786571919918 9
    endloop
  endfacet
  facet normal 0.671558983390028 0.7409510994850822 0
    outer loop
      vertex 5.268786571919918 6.546020910143852 0
      vertex 5.268786571919918 6.546020910143852 9
      vertex 5.414213560521603 6.414213560521603 9
    endloop
  endfacet
  facet normal 0.8032075356003306 0.5956992989376803 0
    outer loop
      vertex 5.546020910143852 6.268786571919918 0
      vertex 5.546020910143852 6.268786571919918 9
      vertex 5.662939228117466 6.111140467226505 9
    endloop
  endfacet
  facet normal 0.24298019573678303 0.9700312492284539 0
    outer loop
      vertex 4.3901806473731995 6.961570560932159 0
      vertex 4.3901806473731995 6.961570560932159 9
      vertex 4.580569356679916 6.913880668580532 9
    endloop
  endfacet
  facet normal 0.5141027351876691 0.8577286153979925 0
    outer loop
      vertex 4.942793473601341 6.7638425305485725 0
      vertex 4.942793473601341 6.7638425305485725 9
      vertex 5.111140467226505 6.662939228117466 9
    endloop
  endfacet
  facet normal 0.33688982640476 0.941544074839288 0
    outer loop
      vertex 4.580569356679916 6.913880668580532 0
      vertex 4.580569356679916 6.913880668580532 9
      vertex 4.765366867184639 6.8477590680122375 9
    endloop
  endfacet
  facet normal 0.4275551031008397 0.9039892885496102 0
    outer loop
      vertex 4.765366867184639 6.8477590680122375 0
      vertex 4.765366867184639 6.8477590680122375 9
      vertex 4.942793473601341 6.7638425305485725 9
    endloop
  endfacet
  facet normal 0.0490676704157047 0.9987954563973426 0
    outer loop
      vertex 4 7 0
      vertex 4 7 9
      vertex 4.196034282445908 6.990369454026222 9
    endloop
  endfacet
  facet normal 0.14673047607854156 0.9891765097240051 0
    outer loop
      vertex 4.196034282445908 6.990369454026222 0
      vertex 4.196034282445908 6.990369454026222 9
      vertex 4.3901806473731995 6.961570560932159 9
    endloop
  endfacet
  facet normal 0.5956992989376803 0.8032075356003306 0
    outer loop
      vertex 5.111140467226505 6.662939228117466 0
      vertex 5.111140467226505 6.662939228117466 9
      vertex 5.268786571919918 6.546020910143852 9
    endloop
  endfacet
  facet normal 0 1 0
    outer loop
      vertex 6 5 0
      vertex 6 5 9
      vertex 27.5 5 9
    endloop
  endfacet
  facet normal 0 0 1
    outer loop
      vertex 6 -5 9
      vertex 0.5857864394783974 6.414213560521603 9
      vertex 0.45397908985614777 6.268786571919918 9
    endloop
  endfacet
  facet normal 0 0 1
    outer loop
      vertex 6 -5 9
      vertex 0.7312134280800819 6.546020910143852 9
      vertex 0.5857864394783974 6.414213560521603 9
    endloop
  endfacet
  facet normal 0 0 1
    outer loop
      vertex 6 -5 9
      vertex 0.8888595327734947 6.662939228117466 9
      vertex 0.7312134280800819 6.546020910143852 9
    endloop
  endfacet
  facet normal 0 0 1
    outer loop
      vertex 6 -5 9
      vertex 1.0572065263986588 6.7638425305485725 9
      vertex 0.8888595327734947 6.662939228117466 9
    endloop
  endfacet
  facet normal 0 0 1
    outer loop
      vertex 6 -5 9
      vertex 1.234633132815361 6.8477590680122375 9
      vertex 1.0572065263986588 6.7638425305485725 9
    endloop
  endfacet
  facet normal 0 0 1
    outer loop
      vertex 6 -5 9
      vertex 1.4194306433200836 6.913880668580532 9
      vertex 1.234633132815361 6.8477590680122375 9
    endloop
  endfacet
  facet normal 0 0 1
    outer loop
      vertex 6 -5 9
      vertex 1.6098193526268005 6.961570560932159 9
      vertex 1.4194306433200836 6.913880668580532 9
    endloop
  endfacet
  facet normal 0 0 1
    outer loop
      vertex 6 -5 9
      vertex 1.8039657175540924 6.990369454026222 9
      vertex 1.6098193526268005 6.961570560932159 9
    endloop
  endfacet
  facet normal 0 0 1
    outer loop
      vertex 6 -5 9
      vertex 2 7 9
      vertex 1.8039657175540924 6.990369454026222 9
    endloop
  endfacet
  facet normal 0 0 1
    outer loop
      vertex 6 -5 9
      vertex 4 7 9
      vertex 2 7 9
    endloop
  endfacet
  facet normal 0 0 1
    outer loop
      vertex 5.990369454026222 5.196034282445908 9
      vertex 5.414213560521603 6.414213560521603 9
      vertex 6 5 9
    endloop
  endfacet
  facet normal 0 0 1
    outer loop
      vertex 5.990369454026222 5.196034282445908 9
      vertex 5.961570560932159 5.3901806473731995 9
      vertex 5.414213560521603 6.414213560521603 9
    endloop
  endfacet
  facet normal 0 0 1
    outer loop
      vertex 6 5 9
      vertex 4.196034282445908 6.990369454026222 9
      vertex 4 7 9
    endloop
  endfacet
  facet normal 0 0 1
    outer loop
      vertex 6 5 9
      vertex 4.3901806473731995 6.961570560932159 9
      vertex 4.196034282445908 6.990369454026222 9
    endloop
  endfacet
  facet normal 0 0 1
    outer loop
      vertex 6 5 9
      vertex 4.580569356679916 6.913880668580532 9
      vertex 4.3901806473731995 6.961570560932159 9
    endloop
  endfacet
  facet normal 0 0 1
    outer loop
      vertex 6 5 9
      vertex 5.111140467226505 6.662939228117466 9
      vertex 4.942793473601341 6.7638425305485725 9
    endloop
  endfacet
  facet normal 0 0 1
    outer loop
      vertex 6 5 9
      vertex 5.268786571919918 6.546020910143852 9
      vertex 5.111140467226505 6.662939228117466 9
    endloop
  endfacet
  facet normal 0 0 1
    outer loop
      vertex 5.913880668580532 5.580569356679916 9
      vertex 5.8477590680122375 5.765366867184639 9
      vertex 5.414213560521603 6.414213560521603 9
    endloop
  endfacet
  facet normal 0 0 1
    outer loop
      vertex 5.961570560932159 5.3901806473731995 9
      vertex 5.913880668580532 5.580569356679916 9
      vertex 5.414213560521603 6.414213560521603 9
    endloop
  endfacet
  facet normal 0 0 1
    outer loop
      vertex 6 5 9
      vertex 5.414213560521603 6.414213560521603 9
      vertex 5.268786571919918 6.546020910143852 9
    endloop
  endfacet
  facet normal 0 0 1
    outer loop
      vertex 5.8477590680122375 5.765366867184639 9
      vertex 5.7638425305485725 5.942793473601341 9
      vertex 5.414213560521603 6.414213560521603 9
    endloop
  endfacet
  facet normal 0 0 1
    outer loop
      vertex 5.7638425305485725 5.942793473601341 9
      vertex 5.662939228117466 6.111140467226505 9
      vertex 5.414213560521603 6.414213560521603 9
    endloop
  endfacet
  facet normal 0 0 1
    outer loop
      vertex 6 5 9
      vertex 4.765366867184639 6.8477590680122375 9
      vertex 4.580569356679916 6.913880668580532 9
    endloop
  endfacet
  facet normal 0 0 1
    outer loop
      vertex 6 5 9
      vertex 4.942793473601341 6.7638425305485725 9
      vertex 4.765366867184639 6.8477590680122375 9
    endloop
  endfacet
  facet normal 0 0 1
    outer loop
      vertex 5.662939228117466 6.111140467226505 9
      vertex 5.546020910143852 6.268786571919918 9
      vertex 5.414213560521603 6.414213560521603 9
    endloop
  endfacet
  facet normal 0 0 1
    outer loop
      vertex 6 -5 9
      vertex 30.5 5 9
      vertex 27.5 5 9
    endloop
  endfacet
  facet normal 0 0 1
    outer loop
      vertex 6 -5 9
      vertex 56 -5 9
      vertex 30.5 5 9
    endloop
  endfacet
  facet normal -0.4275550731976791 -0.9039893026927517 0
    outer loop
      vertex 26.92597485333681 5.114180698990822 0
      vertex 26.92597485333681 5.114180698990822 9
      vertex 26.792904891073704 5.1771181002259254 9
    endloop
  endfacet
  facet normal -0.5956993028830408 -0.8032075326742517 0
    outer loop
      vertex 26.666644647717476 5.252795584499836 0
      vertex 26.666644647717476 5.252795584499836 9
      vertex 26.548410072922707 5.340484321117401 9
    endloop
  endfacet
  facet normal -0.5141027780042697 -0.857728589734709 0
    outer loop
      vertex 26.792904891073704 5.1771181002259254 0
      vertex 26.792904891073704 5.1771181002259254 9
      vertex 26.666644647717476 5.252795584499836 9
    endloop
  endfacet
  facet normal -0.7409511057814068 -0.6715589764431048 0
    outer loop
      vertex 26.439339831471443 5.439339831471443 0
      vertex 26.439339831471443 5.439339831471443 9
      vertex 26.3404843211174 5.548410072922707 9
    endloop
  endfacet
  facet normal -0.857728589734709 -0.5141027780042697 0
    outer loop
      vertex 26.252795584499836 5.666644647717476 0
      vertex 26.252795584499836 5.666644647717476 9
      vertex 26.177118100225925 5.792904891073704 9
    endloop
  endfacet
  facet normal -0.8032075326742517 -0.5956993028830408 0
    outer loop
      vertex 26.3404843211174 5.548410072922707 0
      vertex 26.3404843211174 5.548410072922707 9
      vertex 26.252795584499836 5.666644647717476 9
    endloop
  endfacet
  facet normal -0.6715589764431048 -0.7409511057814068 0
    outer loop
      vertex 26.548410072922707 5.340484321117401 0
      vertex 26.548410072922707 5.340484321117401 9
      vertex 26.439339831471443 5.439339831471443 9
    endloop
  endfacet
  facet normal -0.33688986808449944 -0.9415440599260391 0
    outer loop
      vertex 27.064572982490063 5.0645894929766655 0
      vertex 27.064572982490063 5.0645894929766655 9
      vertex 26.92597485333681 5.114180698990822 9
    endloop
  endfacet
  facet normal -0.24298016001722236 -0.970031258175738 0
    outer loop
      vertex 27.2073645144701 5.02882207930088 0
      vertex 27.2073645144701 5.02882207930088 9
      vertex 27.064572982490063 5.0645894929766655 9
    endloop
  endfacet
  facet normal -0.14673045131624157 -0.989176513397145 0
    outer loop
      vertex 27.35297428816557 5.007222913205624 0
      vertex 27.35297428816557 5.007222913205624 9
      vertex 27.2073645144701 5.02882207930088 9
    endloop
  endfacet
  facet normal -0.04906769566193293 -0.9987954551570746 0
    outer loop
      vertex 27.5 5 0
      vertex 27.5 5 9
      vertex 27.35297428816557 5.007222913205624 9
    endloop
  endfacet
  facet normal 0.04906769566193293 -0.9987954551570746 0
    outer loop
      vertex 30.64702571183443 5.007222913205624 0
      vertex 30.64702571183443 5.007222913205624 9
      vertex 30.5 5 9
    endloop
  endfacet
  facet normal 0.14673045131624157 -0.989176513397145 0
    outer loop
      vertex 30.7926354855299 5.02882207930088 0
      vertex 30.7926354855299 5.02882207930088 9
      vertex 30.64702571183443 5.007222913205624 9
    endloop
  endfacet
  facet normal 0.24298016001722236 -0.970031258175738 0
    outer loop
      vertex 30.935427017509937 5.0645894929766655 0
      vertex 30.935427017509937 5.0645894929766655 9
      vertex 30.7926354855299 5.02882207930088 9
    endloop
  endfacet
  facet normal 0.33688986808449944 -0.9415440599260391 0
    outer loop
      vertex 31.07402514666319 5.114180698990822 0
      vertex 31.07402514666319 5.114180698990822 9
      vertex 30.935427017509937 5.0645894929766655 9
    endloop
  endfacet
  facet normal 0.4275550731976791 -0.9039893026927517 0
    outer loop
      vertex 31.207095108926296 5.1771181002259254 0
      vertex 31.207095108926296 5.1771181002259254 9
      vertex 31.07402514666319 5.114180698990822 9
    endloop
  endfacet
  facet normal 0.5141027780042697 -0.857728589734709 0
    outer loop
      vertex 31.333355352282524 5.252795584499836 0
      vertex 31.333355352282524 5.252795584499836 9
      vertex 31.207095108926296 5.1771181002259254 9
    endloop
  endfacet
  facet normal 0.5956993028830408 -0.8032075326742517 0
    outer loop
      vertex 31.451589927077293 5.340484321117401 0
      vertex 31.451589927077293 5.340484321117401 9
      vertex 31.333355352282524 5.252795584499836 9
    endloop
  endfacet
  facet normal 0.6715589764431048 -0.7409511057814068 0
    outer loop
      vertex 31.560660168528557 5.439339831471443 0
      vertex 31.560660168528557 5.439339831471443 9
      vertex 31.451589927077293 5.340484321117401 9
    endloop
  endfacet
  facet normal 0.7409511057814068 -0.6715589764431048 0
    outer loop
      vertex 31.6595156788826 5.548410072922707 0
      vertex 31.6595156788826 5.548410072922707 9
      vertex 31.560660168528557 5.439339831471443 9
    endloop
  endfacet
  facet normal 0.8032075326742517 -0.5956993028830408 0
    outer loop
      vertex 31.747204415500164 5.666644647717476 0
      vertex 31.747204415500164 5.666644647717476 9
      vertex 31.6595156788826 5.548410072922707 9
    endloop
  endfacet
  facet normal -0.9039893026927517 -0.4275550731976791 0
    outer loop
      vertex 26.177118100225925 5.792904891073704 0
      vertex 26.177118100225925 5.792904891073704 9
      vertex 26.114180698990822 5.925974853336811 9
    endloop
  endfacet
  facet normal -0.9415440599260391 -0.33688986808449944 0
    outer loop
      vertex 26.114180698990822 5.925974853336811 0
      vertex 26.114180698990822 5.925974853336811 9
      vertex 26.064589492976665 6.064572982490063 9
    endloop
  endfacet
  facet normal -0.970031258175738 -0.24298016001722236 0
    outer loop
      vertex 26.064589492976665 6.064572982490063 0
      vertex 26.064589492976665 6.064572982490063 9
      vertex 26.02882207930088 6.2073645144701 9
    endloop
  endfacet
  facet normal -0.989176513397145 -0.14673045131624157 0
    outer loop
      vertex 26.02882207930088 6.2073645144701 0
      vertex 26.02882207930088 6.2073645144701 9
      vertex 26.007222913205624 6.352974288165569 9
    endloop
  endfacet
  facet normal -0.9987954551570746 -0.04906769566193293 0
    outer loop
      vertex 26.007222913205624 6.352974288165569 0
      vertex 26.007222913205624 6.352974288165569 9
      vertex 26 6.5 9
    endloop
  endfacet
  facet normal -1 0 0
    outer loop
      vertex 26 6.5 0
      vertex 26 6.5 9
      vertex 26 7.5 9
    endloop
  endfacet
  facet normal -0.9987954551570746 0.04906769566193293 0
    outer loop
      vertex 26 7.5 0
      vertex 26 7.5 9
      vertex 26.007222913205624 7.647025711834431 9
    endloop
  endfacet
  facet normal -0.989176513397145 0.14673045131624157 0
    outer loop
      vertex 26.007222913205624 7.647025711834431 0
      vertex 26.007222913205624 7.647025711834431 9
      vertex 26.02882207930088 7.7926354855299 9
    endloop
  endfacet
  facet normal -0.970031258175738 0.24298016001722236 0
    outer loop
      vertex 26.02882207930088 7.7926354855299 0
      vertex 26.02882207930088 7.7926354855299 9
      vertex 26.064589492976665 7.935427017509937 9
    endloop
  endfacet
  facet normal -0.9415440599260391 0.33688986808449944 0
    outer loop
      vertex 26.064589492976665 7.935427017509937 0
      vertex 26.064589492976665 7.935427017509937 9
      vertex 26.114180698990822 8.074025146663189 9
    endloop
  endfacet
  facet normal -0.9039893026927517 0.4275550731976791 0
    outer loop
      vertex 26.114180698990822 8.074025146663189 0
      vertex 26.114180698990822 8.074025146663189 9
      vertex 26.177118100225925 8.207095108926296 9
    endloop
  endfacet
  facet normal -0.857728589734709 0.5141027780042697 0
    outer loop
      vertex 26.177118100225925 8.207095108926296 0
      vertex 26.177118100225925 8.207095108926296 9
      vertex 26.252795584499836 8.333355352282524 9
    endloop
  endfacet
  facet normal -0.8032075326742517 0.5956993028830408 0
    outer loop
      vertex 26.252795584499836 8.333355352282524 0
      vertex 26.252795584499836 8.333355352282524 9
      vertex 26.3404843211174 8.451589927077293 9
    endloop
  endfacet
  facet normal -0.7409511057814068 0.6715589764431048 0
    outer loop
      vertex 26.3404843211174 8.451589927077293 0
      vertex 26.3404843211174 8.451589927077293 9
      vertex 26.439339831471443 8.560660168528557 9
    endloop
  endfacet
  facet normal -0.6715589764431048 0.7409511057814068 0
    outer loop
      vertex 26.439339831471443 8.560660168528557 0
      vertex 26.439339831471443 8.560660168528557 9
      vertex 26.548410072922707 8.659515678882599 9
    endloop
  endfacet
  facet normal -0.5956993028830408 0.8032075326742517 0
    outer loop
      vertex 26.548410072922707 8.659515678882599 0
      vertex 26.548410072922707 8.659515678882599 9
      vertex 26.666644647717476 8.747204415500164 9
    endloop
  endfacet
  facet normal -0.5141027780042697 0.857728589734709 0
    outer loop
      vertex 26.666644647717476 8.747204415500164 0
      vertex 26.666644647717476 8.747204415500164 9
      vertex 26.792904891073704 8.822881899774075 9
    endloop
  endfacet
  facet normal -0.4275550731976791 0.9039893026927517 0
    outer loop
      vertex 26.792904891073704 8.822881899774075 0
      vertex 26.792904891073704 8.822881899774075 9
      vertex 26.92597485333681 8.885819301009178 9
    endloop
  endfacet
  facet normal -0.33688986808449944 0.9415440599260391 0
    outer loop
      vertex 26.92597485333681 8.885819301009178 0
      vertex 26.92597485333681 8.885819301009178 9
      vertex 27.064572982490063 8.935410507023335 9
    endloop
  endfacet
  facet normal -0.24298016001722236 0.970031258175738 0
    outer loop
      vertex 27.064572982490063 8.935410507023335 0
      vertex 27.064572982490063 8.935410507023335 9
      vertex 27.2073645144701 8.97117792069912 9
    endloop
  endfacet
  facet normal -0.14673045131624157 0.989176513397145 0
    outer loop
      vertex 27.2073645144701 8.97117792069912 0
      vertex 27.2073645144701 8.97117792069912 9
      vertex 27.35297428816557 8.992777086794376 9
    endloop
  endfacet
  facet normal -0.04906769566193293 0.9987954551570746 0
    outer loop
      vertex 27.35297428816557 8.992777086794376 0
      vertex 27.35297428816557 8.992777086794376 9
      vertex 27.5 9 9
    endloop
  endfacet
  facet normal 0.857728589734709 -0.5141027780042697 0
    outer loop
      vertex 31.822881899774075 5.792904891073704 0
      vertex 31.822881899774075 5.792904891073704 9
      vertex 31.747204415500164 5.666644647717476 9
    endloop
  endfacet
  facet normal 0.9039893026927517 -0.4275550731976791 0
    outer loop
      vertex 31.885819301009178 5.925974853336811 0
      vertex 31.885819301009178 5.925974853336811 9
      vertex 31.822881899774075 5.792904891073704 9
    endloop
  endfacet
  facet normal 0.9415440599260391 -0.33688986808449944 0
    outer loop
      vertex 31.935410507023335 6.064572982490063 0
      vertex 31.935410507023335 6.064572982490063 9
      vertex 31.885819301009178 5.925974853336811 9
    endloop
  endfacet
  facet normal 0.970031258175738 -0.24298016001722236 0
    outer loop
      vertex 31.97117792069912 6.2073645144701 0
      vertex 31.97117792069912 6.2073645144701 9
      vertex 31.935410507023335 6.064572982490063 9
    endloop
  endfacet
  facet normal 0.989176513397145 -0.14673045131624157 0
    outer loop
      vertex 31.992777086794376 6.352974288165569 0
      vertex 31.992777086794376 6.352974288165569 9
      vertex 31.97117792069912 6.2073645144701 9
    endloop
  endfacet
  facet normal 0.9987954551570746 -0.04906769566193293 0
    outer loop
      vertex 31.992777086794376 6.352974288165569 9
      vertex 32 6.5 0
      vertex 32 6.5 9
    endloop
  endfacet
  facet normal 0 1 0
    outer loop
      vertex 27.5 9 0
      vertex 27.5 9 9
      vertex 30.5 9 9
    endloop
  endfacet
  facet normal 0.9987954551570746 0.04906769566193293 0
    outer loop
      vertex 31.992777086794376 7.647025711834431 0
      vertex 31.992777086794376 7.647025711834431 9
      vertex 32 7.5 9
    endloop
  endfacet
  facet normal 0.989176513397145 0.14673045131624157 0
    outer loop
      vertex 31.97117792069912 7.7926354855299 0
      vertex 31.97117792069912 7.7926354855299 9
      vertex 31.992777086794376 7.647025711834431 9
    endloop
  endfacet
  facet normal 0.970031258175738 0.24298016001722236 0
    outer loop
      vertex 31.935410507023335 7.935427017509937 0
      vertex 31.935410507023335 7.935427017509937 9
      vertex 31.97117792069912 7.7926354855299 9
    endloop
  endfacet
  facet normal 0.9415440599260391 0.33688986808449944 0
    outer loop
      vertex 31.885819301009178 8.074025146663189 0
      vertex 31.885819301009178 8.074025146663189 9
      vertex 31.935410507023335 7.935427017509937 9
    endloop
  endfacet
  facet normal 0.9039893026927517 0.4275550731976791 0
    outer loop
      vertex 31.822881899774075 8.207095108926296 0
      vertex 31.822881899774075 8.207095108926296 9
      vertex 31.885819301009178 8.074025146663189 9
    endloop
  endfacet
  facet normal 0.04906769566193293 0.9987954551570746 0
    outer loop
      vertex 30.5 9 0
      vertex 30.5 9 9
      vertex 30.64702571183443 8.992777086794376 9
    endloop
  endfacet
  facet normal 0.14673045131624157 0.989176513397145 0
    outer loop
      vertex 30.64702571183443 8.992777086794376 0
      vertex 30.64702571183443 8.992777086794376 9
      vertex 30.7926354855299 8.97117792069912 9
    endloop
  endfacet
  facet normal 0.24298016001722236 0.970031258175738 0
    outer loop
      vertex 30.7926354855299 8.97117792069912 0
      vertex 30.7926354855299 8.97117792069912 9
      vertex 30.935427017509937 8.935410507023335 9
    endloop
  endfacet
  facet normal 0.33688986808449944 0.9415440599260391 0
    outer loop
      vertex 30.935427017509937 8.935410507023335 0
      vertex 30.935427017509937 8.935410507023335 9
      vertex 31.07402514666319 8.885819301009178 9
    endloop
  endfacet
  facet normal 0.857728589734709 0.5141027780042697 0
    outer loop
      vertex 31.747204415500164 8.333355352282524 0
      vertex 31.747204415500164 8.333355352282524 9
      vertex 31.822881899774075 8.207095108926296 9
    endloop
  endfacet
  facet normal 0.8032075326742517 0.5956993028830408 0
    outer loop
      vertex 31.6595156788826 8.451589927077293 0
      vertex 31.6595156788826 8.451589927077293 9
      vertex 31.747204415500164 8.333355352282524 9
    endloop
  endfacet
  facet normal 0.7409511057814068 0.6715589764431048 0
    outer loop
      vertex 31.560660168528557 8.560660168528557 0
      vertex 31.560660168528557 8.560660168528557 9
      vertex 31.6595156788826 8.451589927077293 9
    endloop
  endfacet
  facet normal 0.6715589764431048 0.7409511057814068 0
    outer loop
      vertex 31.451589927077293 8.659515678882599 0
      vertex 31.451589927077293 8.659515678882599 9
      vertex 31.560660168528557 8.560660168528557 9
    endloop
  endfacet
  facet normal 0.5956993028830408 0.8032075326742517 0
    outer loop
      vertex 31.333355352282524 8.747204415500164 0
      vertex 31.333355352282524 8.747204415500164 9
      vertex 31.451589927077293 8.659515678882599 9
    endloop
  endfacet
  facet normal 0.4275550731976791 0.9039893026927517 0
    outer loop
      vertex 31.07402514666319 8.885819301009178 0
      vertex 31.07402514666319 8.885819301009178 9
      vertex 31.207095108926296 8.822881899774075 9
    endloop
  endfacet
  facet normal 0.5141027780042697 0.857728589734709 0
    outer loop
      vertex 31.207095108926296 8.822881899774075 0
      vertex 31.207095108926296 8.822881899774075 9
      vertex 31.333355352282524 8.747204415500164 9
    endloop
  endfacet
  facet normal 0 0 1
    outer loop
      vertex 26.792904891073704 5.1771181002259254 9
      vertex 30.5 5 9
      vertex 26.666644647717476 5.252795584499836 9
    endloop
  endfacet
  facet normal 0 0 1
    outer loop
      vertex 26.666644647717476 5.252795584499836 9
      vertex 30.5 5 9
      vertex 26.548410072922707 5.340484321117401 9
    endloop
  endfacet
  facet normal 0 0 1
    outer loop
      vertex 26.439339831471443 5.439339831471443 9
      vertex 26.548410072922707 5.340484321117401 9
      vertex 30.5 5 9
    endloop
  endfacet
  facet normal 0 0 1
    outer loop
      vertex 26.439339831471443 5.439339831471443 9
      vertex 30.5 5 9
      vertex 26.3404843211174 5.548410072922707 9
    endloop
  endfacet
  facet normal 0 0 1
    outer loop
      vertex 26.3404843211174 5.548410072922707 9
      vertex 30.5 5 9
      vertex 26.252795584499836 5.666644647717476 9
    endloop
  endfacet
  facet normal 0 0 1
    outer loop
      vertex 26.252795584499836 5.666644647717476 9
      vertex 30.5 5 9
      vertex 26.177118100225925 5.792904891073704 9
    endloop
  endfacet
  facet normal 0 0 1
    outer loop
      vertex 26.177118100225925 5.792904891073704 9
      vertex 30.5 5 9
      vertex 26.114180698990822 5.925974853336811 9
    endloop
  endfacet
  facet normal 0 0 1
    outer loop
      vertex 26.114180698990822 5.925974853336811 9
      vertex 30.5 5 9
      vertex 26.064589492976665 6.064572982490063 9
    endloop
  endfacet
  facet normal 0 0 1
    outer loop
      vertex 26.92597485333681 5.114180698990822 9
      vertex 30.5 5 9
      vertex 26.792904891073704 5.1771181002259254 9
    endloop
  endfacet
  facet normal 0 0 1
    outer loop
      vertex 26.92597485333681 5.114180698990822 9
      vertex 27.064572982490063 5.0645894929766655 9
      vertex 30.5 5 9
    endloop
  endfacet
  facet normal 0 0 1
    outer loop
      vertex 27.2073645144701 5.02882207930088 9
      vertex 30.5 5 9
      vertex 27.064572982490063 5.0645894929766655 9
    endloop
  endfacet
  facet normal 0 0 1
    outer loop
      vertex 27.2073645144701 5.02882207930088 9
      vertex 27.35297428816557 5.007222913205624 9
      vertex 30.5 5 9
    endloop
  endfacet
  facet normal 0 0 1
    outer loop
      vertex 27.35297428816557 5.007222913205624 9
      vertex 27.5 5 9
      vertex 30.5 5 9
    endloop
  endfacet
  facet normal 0 0 1
    outer loop
      vertex 30.64702571183443 5.007222913205624 9
      vertex 30.7926354855299 5.02882207930088 9
      vertex 31.333355352282524 5.252795584499836 9
    endloop
  endfacet
  facet normal 0 0 1
    outer loop
      vertex 30.5 5 9
      vertex 30.64702571183443 5.007222913205624 9
      vertex 31.560660168528557 5.439339831471443 9
    endloop
  endfacet
  facet normal 0 0 1
    outer loop
      vertex 30.7926354855299 5.02882207930088 9
      vertex 30.935427017509937 5.0645894929766655 9
      vertex 31.333355352282524 5.252795584499836 9
    endloop
  endfacet
  facet normal 0 0 1
    outer loop
      vertex 30.935427017509937 5.0645894929766655 9
      vertex 31.07402514666319 5.114180698990822 9
      vertex 31.333355352282524 5.252795584499836 9
    endloop
  endfacet
  facet normal 0 0 1
    outer loop
      vertex 31.07402514666319 5.114180698990822 9
      vertex 31.207095108926296 5.1771181002259254 9
      vertex 31.333355352282524 5.252795584499836 9
    endloop
  endfacet
  facet normal 0 0 1
    outer loop
      vertex 30.64702571183443 5.007222913205624 9
      vertex 31.333355352282524 5.252795584499836 9
      vertex 31.451589927077293 5.340484321117401 9
    endloop
  endfacet
  facet normal 0 0 1
    outer loop
      vertex 30.64702571183443 5.007222913205624 9
      vertex 31.451589927077293 5.340484321117401 9
      vertex 31.560660168528557 5.439339831471443 9
    endloop
  endfacet
  facet normal 0 0 1
    outer loop
      vertex 30.5 5 9
      vertex 31.560660168528557 5.439339831471443 9
      vertex 31.6595156788826 5.548410072922707 9
    endloop
  endfacet
  facet normal 0 0 1
    outer loop
      vertex 30.5 5 9
      vertex 31.6595156788826 5.548410072922707 9
      vertex 31.747204415500164 5.666644647717476 9
    endloop
  endfacet
  facet normal 0 0 1
    outer loop
      vertex 30.5 5 9
      vertex 31.747204415500164 5.666644647717476 9
      vertex 31.822881899774075 5.792904891073704 9
    endloop
  endfacet
  facet normal 0 0 1
    outer loop
      vertex 30.5 5 9
      vertex 31.822881899774075 5.792904891073704 9
      vertex 31.885819301009178 5.925974853336811 9
    endloop
  endfacet
  facet normal 0 0 1
    outer loop
      vertex 30.5 5 9
      vertex 31.885819301009178 5.925974853336811 9
      vertex 31.935410507023335 6.064572982490063 9
    endloop
  endfacet
  facet normal 0 0 1
    outer loop
      vertex 26.064589492976665 6.064572982490063 9
      vertex 30.5 5 9
      vertex 26.02882207930088 6.2073645144701 9
    endloop
  endfacet
  facet normal 0 0 1
    outer loop
      vertex 26.02882207930088 6.2073645144701 9
      vertex 30.5 5 9
      vertex 26.007222913205624 6.352974288165569 9
    endloop
  endfacet
  facet normal 0 0 1
    outer loop
      vertex 26.007222913205624 6.352974288165569 9
      vertex 30.5 5 9
      vertex 26 6.5 9
    endloop
  endfacet
  facet normal 0 0 1
    outer loop
      vertex 26 6.5 9
      vertex 30.5 5 9
      vertex 26 7.5 9
    endloop
  endfacet
  facet normal 0 0 1
    outer loop
      vertex 30.5 5 9
      vertex 26.007222913205624 7.647025711834431 9
      vertex 26 7.5 9
    endloop
  endfacet
  facet normal 0 0 1
    outer loop
      vertex 30.5 5 9
      vertex 26.02882207930088 7.7926354855299 9
      vertex 26.007222913205624 7.647025711834431 9
    endloop
  endfacet
  facet normal 0 0 1
    outer loop
      vertex 30.5 5 9
      vertex 26.064589492976665 7.935427017509937 9
      vertex 26.02882207930088 7.7926354855299 9
    endloop
  endfacet
  facet normal 0 0 1
    outer loop
      vertex 30.5 5 9
      vertex 26.114180698990822 8.074025146663189 9
      vertex 26.064589492976665 7.935427017509937 9
    endloop
  endfacet
  facet normal 0 0 1
    outer loop
      vertex 30.5 5 9
      vertex 26.177118100225925 8.207095108926296 9
      vertex 26.114180698990822 8.074025146663189 9
    endloop
  endfacet
  facet normal 0 0 1
    outer loop
      vertex 30.5 5 9
      vertex 26.252795584499836 8.333355352282524 9
      vertex 26.177118100225925 8.207095108926296 9
    endloop
  endfacet
  facet normal 0 0 1
    outer loop
      vertex 30.5 5 9
      vertex 26.3404843211174 8.451589927077293 9
      vertex 26.252795584499836 8.333355352282524 9
    endloop
  endfacet
  facet normal 0 0 1
    outer loop
      vertex 30.5 5 9
      vertex 26.439339831471443 8.560660168528557 9
      vertex 26.3404843211174 8.451589927077293 9
    endloop
  endfacet
  facet normal 0 0 1
    outer loop
      vertex 30.5 5 9
      vertex 26.548410072922707 8.659515678882599 9
      vertex 26.439339831471443 8.560660168528557 9
    endloop
  endfacet
  facet normal 0 0 1
    outer loop
      vertex 30.5 5 9
      vertex 26.666644647717476 8.747204415500164 9
      vertex 26.548410072922707 8.659515678882599 9
    endloop
  endfacet
  facet normal 0 0 1
    outer loop
      vertex 30.5 5 9
      vertex 26.792904891073704 8.822881899774075 9
      vertex 26.666644647717476 8.747204415500164 9
    endloop
  endfacet
  facet normal 0 0 1
    outer loop
      vertex 30.5 5 9
      vertex 31.935410507023335 6.064572982490063 9
      vertex 31.97117792069912 6.2073645144701 9
    endloop
  endfacet
  facet normal 0 0 1
    outer loop
      vertex 30.5 5 9
      vertex 31.97117792069912 6.2073645144701 9
      vertex 31.992777086794376 6.352974288165569 9
    endloop
  endfacet
  facet normal 0 0 1
    outer loop
      vertex 30.5 5 9
      vertex 31.992777086794376 6.352974288165569 9
      vertex 32 6.5 9
    endloop
  endfacet
  facet normal 0 0 1
    outer loop
      vertex 30.5 5 9
      vertex 32 6.5 9
      vertex 32 7.5 9
    endloop
  endfacet
  facet normal 0 0 1
    outer loop
      vertex 30.5 5 9
      vertex 32 7.5 9
      vertex 31.992777086794376 7.647025711834431 9
    endloop
  endfacet
  facet normal 0 0 1
    outer loop
      vertex 30.5 5 9
      vertex 31.992777086794376 7.647025711834431 9
      vertex 31.97117792069912 7.7926354855299 9
    endloop
  endfacet
  facet normal 0 0 1
    outer loop
      vertex 30.5 5 9
      vertex 31.97117792069912 7.7926354855299 9
      vertex 31.935410507023335 7.935427017509937 9
    endloop
  endfacet
  facet normal 0 0 1
    outer loop
      vertex 30.5 5 9
      vertex 31.935410507023335 7.935427017509937 9
      vertex 31.885819301009178 8.074025146663189 9
    endloop
  endfacet
  facet normal 0 0 1
    outer loop
      vertex 30.5 5 9
      vertex 31.885819301009178 8.074025146663189 9
      vertex 31.822881899774075 8.207095108926296 9
    endloop
  endfacet
  facet normal 0 0 1
    outer loop
      vertex 30.5 5 9
      vertex 31.6595156788826 8.451589927077293 9
      vertex 31.560660168528557 8.560660168528557 9
    endloop
  endfacet
  facet normal 0 0 1
    outer loop
      vertex 30.5 5 9
      vertex 31.822881899774075 8.207095108926296 9
      vertex 31.747204415500164 8.333355352282524 9
    endloop
  endfacet
  facet normal 0 0 1
    outer loop
      vertex 30.5 5 9
      vertex 31.747204415500164 8.333355352282524 9
      vertex 31.6595156788826 8.451589927077293 9
    endloop
  endfacet
  facet normal 0 0 1
    outer loop
      vertex 30.5 5 9
      vertex 26.92597485333681 8.885819301009178 9
      vertex 26.792904891073704 8.822881899774075 9
    endloop
  endfacet
  facet normal 0 0 1
    outer loop
      vertex 30.5 5 9
      vertex 27.064572982490063 8.935410507023335 9
      vertex 26.92597485333681 8.885819301009178 9
    endloop
  endfacet
  facet normal 0 0 1
    outer loop
      vertex 30.5 5 9
      vertex 27.2073645144701 8.97117792069912 9
      vertex 27.064572982490063 8.935410507023335 9
    endloop
  endfacet
  facet normal 0 0 1
    outer loop
      vertex 30.5 5 9
      vertex 27.35297428816557 8.992777086794376 9
      vertex 27.2073645144701 8.97117792069912 9
    endloop
  endfacet
  facet normal 0 0 1
    outer loop
      vertex 30.5 5 9
      vertex 27.5 9 9
      vertex 27.35297428816557 8.992777086794376 9
    endloop
  endfacet
  facet normal 0 0 1
    outer loop
      vertex 30.5 5 9
      vertex 30.5 9 9
      vertex 27.5 9 9
    endloop
  endfacet
  facet normal 0 0 1
    outer loop
      vertex 30.5 5 9
      vertex 31.207095108926296 8.822881899774075 9
      vertex 31.07402514666319 8.885819301009178 9
    endloop
  endfacet
  facet normal 0 0 1
    outer loop
      vertex 30.5 5 9
      vertex 30.64702571183443 8.992777086794376 9
      vertex 30.5 9 9
    endloop
  endfacet
  facet normal 0 0 1
    outer loop
      vertex 30.5 5 9
      vertex 30.7926354855299 8.97117792069912 9
      vertex 30.64702571183443 8.992777086794376 9
    endloop
  endfacet
  facet normal 0 0 1
    outer loop
      vertex 30.5 5 9
      vertex 30.935427017509937 8.935410507023335 9
      vertex 30.7926354855299 8.97117792069912 9
    endloop
  endfacet
  facet normal 0 0 1
    outer loop
      vertex 30.5 5 9
      vertex 31.07402514666319 8.885819301009178 9
      vertex 30.935427017509937 8.935410507023335 9
    endloop
  endfacet
  facet normal 0 0 1
    outer loop
      vertex 30.5 5 9
      vertex 31.451589927077293 8.659515678882599 9
      vertex 31.333355352282524 8.747204415500164 9
    endloop
  endfacet
  facet normal 0 0 1
    outer loop
      vertex 30.5 5 9
      vertex 31.560660168528557 8.560660168528557 9
      vertex 31.451589927077293 8.659515678882599 9
    endloop
  endfacet
  facet normal 0 0 1
    outer loop
      vertex 30.5 5 9
      vertex 31.333355352282524 8.747204415500164 9
      vertex 31.207095108926296 8.822881899774075 9
    endloop
  endfacet
  facet normal 0 -1 0
    outer loop
      vertex 56 -5 0
      vertex 36.27444799292277 -5 0.013482765317848422
      vertex 36 -5 0
    endloop
  endfacet
  facet normal 0 -1 0
    outer loop
      vertex 56 -5 0
      vertex 36.54625290164516 -5 0.053801214870954794
      vertex 36.27444799292277 -5 0.013482765317848422
    endloop
  endfacet
  facet normal 0 -1 0
    outer loop
      vertex 56 -5 0
      vertex 36.812797096312494 -5 0.1205670599498152
      vertex 36.54625290164516 -5 0.053801214870954794
    endloop
  endfacet
  facet normal 0 -1 0
    outer loop
      vertex 56 -5 0
      vertex 37.071513610622254 -5 0.21313730896839722
      vertex 36.812797096312494 -5 0.1205670599498152
    endloop
  endfacet
  facet normal 0 -1 0
    outer loop
      vertex 56 -5 0
      vertex 37.319910863112796 -5 0.33062045982460564
      vertex 37.071513610622254 -5 0.21313730896839722
    endloop
  endfacet
  facet normal 0 -1 0
    outer loop
      vertex 56 -5 0
      vertex 37.55559665245489 -5 0.4718850855528731
      vertex 37.319910863112796 -5 0.33062045982460564
    endloop
  endfacet
  facet normal 0 -1 0
    outer loop
      vertex 56 -5 0
      vertex 37.776301195658206 -5 0.6355707305843366
      vertex 37.55559665245489 -5 0.4718850855528731
    endloop
  endfacet
  facet normal 0 -1 0
    outer loop
      vertex 56 -5 0
      vertex 37.979898987322336 -5 0.8201010126776667
      vertex 37.776301195658206 -5 0.6355707305843366
    endloop
  endfacet
  facet normal 0 -1 0
    outer loop
      vertex 56 -5 0
      vertex 38.16442926941566 -5 1.0236988043417925
      vertex 37.979898987322336 -5 0.8201010126776667
    endloop
  endfacet
  facet normal 0 -1 0
    outer loop
      vertex 56 -5 0
      vertex 38.32811491444713 -5 1.2444033475451137
      vertex 38.16442926941566 -5 1.0236988043417925
    endloop
  endfacet
  facet normal 0 -1 0
    outer loop
      vertex 56 -5 0
      vertex 38.469379540175396 -5 1.4800891368872064
      vertex 38.32811491444713 -5 1.2444033475451137
    endloop
  endfacet
  facet normal 0 -1 0
    outer loop
      vertex 56 -5 0
      vertex 38.586862691031605 -5 1.7284863893777485
      vertex 38.469379540175396 -5 1.4800891368872064
    endloop
  endfacet
  facet normal 0 -1 0
    outer loop
      vertex 56 -5 0
      vertex 38.679432940050184 -5 1.9872029036875052
      vertex 38.586862691031605 -5 1.7284863893777485
    endloop
  endfacet
  facet normal 0 -1 0
    outer loop
      vertex 56 -5 0
      vertex 38.746198785129046 -5 2.253747098354841
      vertex 38.679432940050184 -5 1.9872029036875052
    endloop
  endfacet
  facet normal 0 -1 0
    outer loop
      vertex 56 -5 0
      vertex 38.78651723468215 -5 2.52555200707723
      vertex 38.746198785129046 -5 2.253747098354841
    endloop
  endfacet
  facet normal 0 -1 0
    outer loop
      vertex 56 -5 0
      vertex 38.8 -5 2.8
      vertex 38.78651723468215 -5 2.52555200707723
    endloop
  endfacet
  facet normal 0 -1 0
    outer loop
      vertex 56 -5 0
      vertex 38.78651723468215 -5 3.0744479929227695
      vertex 38.8 -5 2.8
    endloop
  endfacet
  facet normal 0 0 -1
    outer loop
      vertex 56.45397908985615 -6.268786571919918 0
      vertex 56.337060771882534 -6.111140467226505 0
      vertex 56.5857864394784 -6.414213560521603 0
    endloop
  endfacet
  facet normal 0 0 -1
    outer loop
      vertex 56.5857864394784 -6.414213560521603 0
      vertex 56.337060771882534 -6.111140467226505 0
      vertex 56.23615746945143 -5.942793473601341 0
    endloop
  endfacet
  facet normal 0 0 -1
    outer loop
      vertex 56.5857864394784 -6.414213560521603 0
      vertex 56.23615746945143 -5.942793473601341 0
      vertex 56.15224093198776 -5.765366867184639 0
    endloop
  endfacet
  facet normal 0 0 -1
    outer loop
      vertex 57.419430643320084 -6.913880668580532 0
      vertex 57.23463313281536 -6.8477590680122375 0
      vertex 56 -5 0
    endloop
  endfacet
  facet normal 0 0 -1
    outer loop
      vertex 56.888859532773495 -6.662939228117466 0
      vertex 56 -5 0
      vertex 57.05720652639866 -6.7638425305485725 0
    endloop
  endfacet
  facet normal 0 0 -1
    outer loop
      vertex 56.888859532773495 -6.662939228117466 0
      vertex 56.73121342808008 -6.546020910143852 0
      vertex 56 -5 0
    endloop
  endfacet
  facet normal 0 0 -1
    outer loop
      vertex 57.23463313281536 -6.8477590680122375 0
      vertex 57.05720652639866 -6.7638425305485725 0
      vertex 56 -5 0
    endloop
  endfacet
  facet normal 0 0 -1
    outer loop
      vertex 56.73121342808008 -6.546020910143852 0
      vertex 56.5857864394784 -6.414213560521603 0
      vertex 56 -5 0
    endloop
  endfacet
  facet normal 0 0 -1
    outer loop
      vertex 56.5857864394784 -6.414213560521603 0
      vertex 56.15224093198776 -5.765366867184639 0
      vertex 56.08611933141947 -5.580569356679916 0
    endloop
  endfacet
  facet normal 0 0 -1
    outer loop
      vertex 56.5857864394784 -6.414213560521603 0
      vertex 56.08611933141947 -5.580569356679916 0
      vertex 56.03842943906784 -5.3901806473731995 0
    endloop
  endfacet
  facet normal 0 0 -1
    outer loop
      vertex 56.5857864394784 -6.414213560521603 0
      vertex 56.03842943906784 -5.3901806473731995 0
      vertex 56.00963054597378 -5.196034282445908 0
    endloop
  endfacet
  facet normal 0 0 -1
    outer loop
      vertex 57.419430643320084 -6.913880668580532 0
      vertex 56 -5 0
      vertex 57.6098193526268 -6.961570560932159 0
    endloop
  endfacet
  facet normal 0 0 -1
    outer loop
      vertex 57.6098193526268 -6.961570560932159 0
      vertex 56 -5 0
      vertex 57.80396571755409 -6.990369454026222 0
    endloop
  endfacet
  facet normal 0 0 -1
    outer loop
      vertex 57.80396571755409 -6.990369454026222 0
      vertex 56 -5 0
      vertex 58 -7 0
    endloop
  endfacet
  facet normal 0 0 -1
    outer loop
      vertex 58 -7 0
      vertex 56 -5 0
      vertex 62 -7 0
    endloop
  endfacet
  facet normal 0 0 -1
    outer loop
      vertex 56.5857864394784 -6.414213560521603 0
      vertex 56.00963054597378 -5.196034282445908 0
      vertex 56 -5 0
    endloop
  endfacet
  facet normal 0 0 -1
    outer loop
      vertex 62 -7 0
      vertex 56 -5 0
      vertex 62.19603428244591 -6.990369454026222 0
    endloop
  endfacet
  facet normal 0 0 -1
    outer loop
      vertex 62.19603428244591 -6.990369454026222 0
      vertex 56 -5 0
      vertex 62.3901806473732 -6.961570560932159 0
    endloop
  endfacet
  facet normal 0 0 -1
    outer loop
      vertex 62.3901806473732 -6.961570560932159 0
      vertex 56 -5 0
      vertex 62.580569356679916 -6.913880668580532 0
    endloop
  endfacet
  facet normal 0 0 -1
    outer loop
      vertex 62.580569356679916 -6.913880668580532 0
      vertex 56 -5 0
      vertex 62.76536686718464 -6.8477590680122375 0
    endloop
  endfacet
  facet normal 0 0 -1
    outer loop
      vertex 62.76536686718464 -6.8477590680122375 0
      vertex 56 -5 0
      vertex 62.94279347360134 -6.7638425305485725 0
    endloop
  endfacet
  facet normal 0 0 -1
    outer loop
      vertex 62.94279347360134 -6.7638425305485725 0
      vertex 56 -5 0
      vertex 63.111140467226505 -6.662939228117466 0
    endloop
  endfacet
  facet normal 0 0 -1
    outer loop
      vertex 63.111140467226505 -6.662939228117466 0
      vertex 56 -5 0
      vertex 63.26878657191992 -6.546020910143852 0
    endloop
  endfacet
  facet normal 0 0 -1
    outer loop
      vertex 63.26878657191992 -6.546020910143852 0
      vertex 56 -5 0
      vertex 63.4142135605216 -6.414213560521603 0
    endloop
  endfacet
  facet normal 0 0 -1
    outer loop
      vertex 63.4142135605216 -6.414213560521603 0
      vertex 56 -5 0
      vertex 63.54602091014385 -6.268786571919918 0
    endloop
  endfacet
  facet normal 0 0 -1
    outer loop
      vertex 63.54602091014385 -6.268786571919918 0
      vertex 56 -5 0
      vertex 63.662939228117466 -6.111140467226505 0
    endloop
  endfacet
  facet normal 0 0 -1
    outer loop
      vertex 63.662939228117466 -6.111140467226505 0
      vertex 56 -5 0
      vertex 63.76384253054857 -5.942793473601341 0
    endloop
  endfacet
  facet normal 0 0 -1
    outer loop
      vertex 63.76384253054857 -5.942793473601341 0
      vertex 56 -5 0
      vertex 63.84775906801224 -5.765366867184639 0
    endloop
  endfacet
  facet normal 0 0 -1
    outer loop
      vertex 63.84775906801224 -5.765366867184639 0
      vertex 56 -5 0
      vertex 63.91388066858053 -5.580569356679916 0
    endloop
  endfacet
  facet normal 0 0 -1
    outer loop
      vertex 63.91388066858053 -5.580569356679916 0
      vertex 56 -5 0
      vertex 63.96157056093216 -5.3901806473731995 0
    endloop
  endfacet
  facet normal 0 0 -1
    outer loop
      vertex 63.96157056093216 -5.3901806473731995 0
      vertex 56 -5 0
      vertex 63.99036945402622 -5.196034282445908 0
    endloop
  endfacet
  facet normal 0 0 -1
    outer loop
      vertex 63.99036945402622 -5.196034282445908 0
      vertex 56 -5 0
      vertex 64 -5 0
    endloop
  endfacet
  facet normal 0 -1 0
    outer loop
      vertex 56 -5 0
      vertex 56 -5 9
      vertex 38.78651723468215 -5 3.0744479929227695
    endloop
  endfacet
  facet normal -0.5141027351876691 -0.8577286153979925 0
    outer loop
      vertex 56.888859532773495 -6.662939228117466 0
      vertex 57.05720652639866 -6.7638425305485725 0
      vertex 56.888859532773495 -6.662939228117466 9
    endloop
  endfacet
  facet normal -0.671558983390028 -0.7409510994850822 0
    outer loop
      vertex 56.73121342808008 -6.546020910143852 0
      vertex 56.5857864394784 -6.414213560521603 9
      vertex 56.5857864394784 -6.414213560521603 0
    endloop
  endfacet
  facet normal -0.5956992989376803 -0.8032075356003306 0
    outer loop
      vertex 56.888859532773495 -6.662939228117466 0
      vertex 56.73121342808008 -6.546020910143852 9
      vertex 56.73121342808008 -6.546020910143852 0
    endloop
  endfacet
  facet normal -0.33688982640476 -0.941544074839288 0
    outer loop
      vertex 57.419430643320084 -6.913880668580532 0
      vertex 57.23463313281536 -6.8477590680122375 9
      vertex 57.23463313281536 -6.8477590680122375 0
    endloop
  endfacet
  facet normal -0.24298019573678303 -0.9700312492284539 0
    outer loop
      vertex 57.419430643320084 -6.913880668580532 0
      vertex 57.6098193526268 -6.961570560932159 0
      vertex 57.419430643320084 -6.913880668580532 9
    endloop
  endfacet
  facet normal -0.14673047607854156 -0.9891765097240051 0
    outer loop
      vertex 57.6098193526268 -6.961570560932159 0
      vertex 57.80396571755409 -6.990369454026222 0
      vertex 57.6098193526268 -6.961570560932159 9
    endloop
  endfacet
  facet normal -0.0490676704157047 -0.9987954563973426 0
    outer loop
      vertex 57.80396571755409 -6.990369454026222 0
      vertex 58 -7 0
      vertex 57.80396571755409 -6.990369454026222 9
    endloop
  endfacet
  facet normal -0.4275551031008397 -0.9039892885496102 0
    outer loop
      vertex 57.23463313281536 -6.8477590680122375 0
      vertex 57.05720652639866 -6.7638425305485725 9
      vertex 57.05720652639866 -6.7638425305485725 0
    endloop
  endfacet
  facet normal -0.7409510994850822 -0.671558983390028 0
    outer loop
      vertex 56.45397908985615 -6.268786571919918 0
      vertex 56.5857864394784 -6.414213560521603 0
      vertex 56.45397908985615 -6.268786571919918 9
    endloop
  endfacet
  facet normal -0.8032075356003306 -0.5956992989376803 0
    outer loop
      vertex 56.45397908985615 -6.268786571919918 0
      vertex 56.337060771882534 -6.111140467226505 9
      vertex 56.337060771882534 -6.111140467226505 0
    endloop
  endfacet
  facet normal -0.8577286153979925 -0.5141027351876691 0
    outer loop
      vertex 56.337060771882534 -6.111140467226505 0
      vertex 56.23615746945143 -5.942793473601341 9
      vertex 56.23615746945143 -5.942793473601341 0
    endloop
  endfacet
  facet normal -0.9039892885496102 -0.4275551031008397 0
    outer loop
      vertex 56.23615746945143 -5.942793473601341 0
      vertex 56.15224093198776 -5.765366867184639 9
      vertex 56.15224093198776 -5.765366867184639 0
    endloop
  endfacet
  facet normal -0.941544074839288 -0.33688982640476 0
    outer loop
      vertex 56.15224093198776 -5.765366867184639 0
      vertex 56.08611933141947 -5.580569356679916 9
      vertex 56.08611933141947 -5.580569356679916 0
    endloop
  endfacet
  facet normal 0 -1 0
    outer loop
      vertex 58 -7 0
      vertex 62 -7 0
      vertex 58 -7 9
    endloop
  endfacet
  facet normal -0.9700312492284539 -0.24298019573678303 0
    outer loop
      vertex 56.08611933141947 -5.580569356679916 0
      vertex 56.03842943906784 -5.3901806473731995 9
      vertex 56.03842943906784 -5.3901806473731995 0
    endloop
  endfacet
  facet normal -0.9891765097240051 -0.14673047607854156 0
    outer loop
      vertex 56.03842943906784 -5.3901806473731995 0
      vertex 56.00963054597378 -5.196034282445908 9
      vertex 56.00963054597378 -5.196034282445908 0
    endloop
  endfacet
  facet normal -0.9987954563973426 -0.0490676704157047 0
    outer loop
      vertex 56.00963054597378 -5.196034282445908 0
      vertex 56 -5 9
      vertex 56 -5 0
    endloop
  endfacet
  facet normal 0.0490676704157047 -0.9987954563973426 0
    outer loop
      vertex 62 -7 0
      vertex 62.19603428244591 -6.990369454026222 0
      vertex 62 -7 9
    endloop
  endfacet
  facet normal 0.14673047607854156 -0.9891765097240051 0
    outer loop
      vertex 62.19603428244591 -6.990369454026222 0
      vertex 62.3901806473732 -6.961570560932159 0
      vertex 62.19603428244591 -6.990369454026222 9
    endloop
  endfacet
  facet normal 0.24298019573678303 -0.9700312492284539 0
    outer loop
      vertex 62.3901806473732 -6.961570560932159 0
      vertex 62.580569356679916 -6.913880668580532 0
      vertex 62.3901806473732 -6.961570560932159 9
    endloop
  endfacet
  facet normal 0.33688982640476 -0.941544074839288 0
    outer loop
      vertex 62.580569356679916 -6.913880668580532 0
      vertex 62.76536686718464 -6.8477590680122375 0
      vertex 62.580569356679916 -6.913880668580532 9
    endloop
  endfacet
  facet normal 0.4275551031008397 -0.9039892885496102 0
    outer loop
      vertex 62.76536686718464 -6.8477590680122375 0
      vertex 62.94279347360134 -6.7638425305485725 0
      vertex 62.76536686718464 -6.8477590680122375 9
    endloop
  endfacet
  facet normal 0.5141027351876691 -0.8577286153979925 0
    outer loop
      vertex 62.94279347360134 -6.7638425305485725 0
      vertex 63.111140467226505 -6.662939228117466 0
      vertex 62.94279347360134 -6.7638425305485725 9
    endloop
  endfacet
  facet normal 0.5956992989376803 -0.8032075356003306 0
    outer loop
      vertex 63.111140467226505 -6.662939228117466 0
      vertex 63.26878657191992 -6.546020910143852 0
      vertex 63.111140467226505 -6.662939228117466 9
    endloop
  endfacet
  facet normal 0.671558983390028 -0.7409510994850822 0
    outer loop
      vertex 63.26878657191992 -6.546020910143852 0
      vertex 63.4142135605216 -6.414213560521603 0
      vertex 63.26878657191992 -6.546020910143852 9
    endloop
  endfacet
  facet normal 0.7409510994850822 -0.671558983390028 0
    outer loop
      vertex 63.4142135605216 -6.414213560521603 0
      vertex 63.54602091014385 -6.268786571919918 0
      vertex 63.4142135605216 -6.414213560521603 9
    endloop
  endfacet
  facet normal 0.8032075356003306 -0.5956992989376803 0
    outer loop
      vertex 63.54602091014385 -6.268786571919918 0
      vertex 63.662939228117466 -6.111140467226505 0
      vertex 63.54602091014385 -6.268786571919918 9
    endloop
  endfacet
  facet normal 0.8577286153979925 -0.5141027351876691 0
    outer loop
      vertex 63.662939228117466 -6.111140467226505 0
      vertex 63.76384253054857 -5.942793473601341 0
      vertex 63.662939228117466 -6.111140467226505 9
    endloop
  endfacet
  facet normal 0.9039892885496102 -0.4275551031008397 0
    outer loop
      vertex 63.76384253054857 -5.942793473601341 0
      vertex 63.84775906801224 -5.765366867184639 0
      vertex 63.76384253054857 -5.942793473601341 9
    endloop
  endfacet
  facet normal 0.941544074839288 -0.33688982640476 0
    outer loop
      vertex 63.84775906801224 -5.765366867184639 0
      vertex 63.91388066858053 -5.580569356679916 0
      vertex 63.84775906801224 -5.765366867184639 9
    endloop
  endfacet
  facet normal 0.9700312492284539 -0.24298019573678303 0
    outer loop
      vertex 63.91388066858053 -5.580569356679916 0
      vertex 63.96157056093216 -5.3901806473731995 0
      vertex 63.91388066858053 -5.580569356679916 9
    endloop
  endfacet
  facet normal 0.9891765097240051 -0.14673047607854156 0
    outer loop
      vertex 63.96157056093216 -5.3901806473731995 0
      vertex 63.99036945402622 -5.196034282445908 0
      vertex 63.96157056093216 -5.3901806473731995 9
    endloop
  endfacet
  facet normal 0.9987954563973426 -0.0490676704157047 0
    outer loop
      vertex 63.99036945402622 -5.196034282445908 0
      vertex 64 -5 0
      vertex 63.99036945402622 -5.196034282445908 9
    endloop
  endfacet
  facet normal 0 -1 0
    outer loop
      vertex 56 -5 9
      vertex 38.746198785129046 -5 3.3462529016451588
      vertex 38.78651723468215 -5 3.0744479929227695
    endloop
  endfacet
  facet normal 0 -1 0
    outer loop
      vertex 56 -5 9
      vertex 38.679432940050184 -5 3.6127970963124945
      vertex 38.746198785129046 -5 3.3462529016451588
    endloop
  endfacet
  facet normal 0 -1 0
    outer loop
      vertex 56 -5 9
      vertex 38.586862691031605 -5 3.871513610622251
      vertex 38.679432940050184 -5 3.6127970963124945
    endloop
  endfacet
  facet normal 0 -1 0
    outer loop
      vertex 56 -5 9
      vertex 37.776301195658206 -5 4.964429269415663
      vertex 37.979898987322336 -5 4.779898987322333
    endloop
  endfacet
  facet normal 0 -1 0
    outer loop
      vertex 56 -5 9
      vertex 37.55559665245489 -5 5.128114914447126
      vertex 37.776301195658206 -5 4.964429269415663
    endloop
  endfacet
  facet normal 0 -1 0
    outer loop
      vertex 56 -5 9
      vertex 37.319910863112796 -5 5.269379540175394
      vertex 37.55559665245489 -5 5.128114914447126
    endloop
  endfacet
  facet normal 0 -1 0
    outer loop
      vertex 56 -5 9
      vertex 35.45374709835484 -5 5.546198785129045
      vertex 35.72555200707723 -5 5.586517234682152
    endloop
  endfacet
  facet normal 0 -1 0
    outer loop
      vertex 56 -5 9
      vertex 35.72555200707723 -5 5.586517234682152
      vertex 36 -5 5.6
    endloop
  endfacet
  facet normal 0 -1 0
    outer loop
      vertex 56 -5 9
      vertex 36.27444799292277 -5 5.586517234682152
      vertex 36.54625290164516 -5 5.546198785129045
    endloop
  endfacet
  facet normal 0 -1 0
    outer loop
      vertex 56 -5 9
      vertex 36 -5 5.6
      vertex 36.27444799292277 -5 5.586517234682152
    endloop
  endfacet
  facet normal 0 -1 0
    outer loop
      vertex 56 -5 9
      vertex 37.071513610622254 -5 5.386862691031602
      vertex 37.319910863112796 -5 5.269379540175394
    endloop
  endfacet
  facet normal 0 -1 0
    outer loop
      vertex 56 -5 9
      vertex 36.54625290164516 -5 5.546198785129045
      vertex 36.812797096312494 -5 5.479432940050184
    endloop
  endfacet
  facet normal 0 -1 0
    outer loop
      vertex 56 -5 9
      vertex 36.812797096312494 -5 5.479432940050184
      vertex 37.071513610622254 -5 5.386862691031602
    endloop
  endfacet
  facet normal 0 -1 0
    outer loop
      vertex 56 -5 9
      vertex 38.469379540175396 -5 4.119910863112793
      vertex 38.586862691031605 -5 3.871513610622251
    endloop
  endfacet
  facet normal 0 -1 0
    outer loop
      vertex 56 -5 9
      vertex 38.32811491444713 -5 4.355596652454886
      vertex 38.469379540175396 -5 4.119910863112793
    endloop
  endfacet
  facet normal 0 -1 0
    outer loop
      vertex 56 -5 9
      vertex 38.16442926941566 -5 4.576301195658207
      vertex 38.32811491444713 -5 4.355596652454886
    endloop
  endfacet
  facet normal 0 -1 0
    outer loop
      vertex 56 -5 9
      vertex 37.979898987322336 -5 4.779898987322333
      vertex 38.16442926941566 -5 4.576301195658207
    endloop
  endfacet
  facet normal 0 -1 0
    outer loop
      vertex 6 -5 9
      vertex 35.45374709835484 -5 5.546198785129045
      vertex 56 -5 9
    endloop
  endfacet
  facet normal -0.671558983390028 -0.7409510994850822 0
    outer loop
      vertex 56.73121342808008 -6.546020910143852 0
      vertex 56.73121342808008 -6.546020910143852 9
      vertex 56.5857864394784 -6.414213560521603 9
    endloop
  endfacet
  facet normal -0.5956992989376803 -0.8032075356003306 0
    outer loop
      vertex 56.888859532773495 -6.662939228117466 0
      vertex 56.888859532773495 -6.662939228117466 9
      vertex 56.73121342808008 -6.546020910143852 9
    endloop
  endfacet
  facet normal -0.33688982640476 -0.941544074839288 0
    outer loop
      vertex 57.419430643320084 -6.913880668580532 0
      vertex 57.419430643320084 -6.913880668580532 9
      vertex 57.23463313281536 -6.8477590680122375 9
    endloop
  endfacet
  facet normal -0.24298019573678303 -0.9700312492284539 0
    outer loop
      vertex 57.6098193526268 -6.961570560932159 0
      vertex 57.6098193526268 -6.961570560932159 9
      vertex 57.419430643320084 -6.913880668580532 9
    endloop
  endfacet
  facet normal -0.14673047607854156 -0.9891765097240051 0
    outer loop
      vertex 57.80396571755409 -6.990369454026222 0
      vertex 57.80396571755409 -6.990369454026222 9
      vertex 57.6098193526268 -6.961570560932159 9
    endloop
  endfacet
  facet normal -0.0490676704157047 -0.9987954563973426 0
    outer loop
      vertex 58 -7 0
      vertex 58 -7 9
      vertex 57.80396571755409 -6.990369454026222 9
    endloop
  endfacet
  facet normal -0.4275551031008397 -0.9039892885496102 0
    outer loop
      vertex 57.23463313281536 -6.8477590680122375 0
      vertex 57.23463313281536 -6.8477590680122375 9
      vertex 57.05720652639866 -6.7638425305485725 9
    endloop
  endfacet
  facet normal -0.5141027351876691 -0.8577286153979925 0
    outer loop
      vertex 57.05720652639866 -6.7638425305485725 0
      vertex 57.05720652639866 -6.7638425305485725 9
      vertex 56.888859532773495 -6.662939228117466 9
    endloop
  endfacet
  facet normal -0.8032075356003306 -0.5956992989376803 0
    outer loop
      vertex 56.45397908985615 -6.268786571919918 0
      vertex 56.45397908985615 -6.268786571919918 9
      vertex 56.337060771882534 -6.111140467226505 9
    endloop
  endfacet
  facet normal -0.8577286153979925 -0.5141027351876691 0
    outer loop
      vertex 56.337060771882534 -6.111140467226505 0
      vertex 56.337060771882534 -6.111140467226505 9
      vertex 56.23615746945143 -5.942793473601341 9
    endloop
  endfacet
  facet normal -0.7409510994850822 -0.671558983390028 0
    outer loop
      vertex 56.5857864394784 -6.414213560521603 0
      vertex 56.5857864394784 -6.414213560521603 9
      vertex 56.45397908985615 -6.268786571919918 9
    endloop
  endfacet
  facet normal -0.9039892885496102 -0.4275551031008397 0
    outer loop
      vertex 56.23615746945143 -5.942793473601341 0
      vertex 56.23615746945143 -5.942793473601341 9
      vertex 56.15224093198776 -5.765366867184639 9
    endloop
  endfacet
  facet normal -0.941544074839288 -0.33688982640476 0
    outer loop
      vertex 56.15224093198776 -5.765366867184639 0
      vertex 56.15224093198776 -5.765366867184639 9
      vertex 56.08611933141947 -5.580569356679916 9
    endloop
  endfacet
  facet normal -0.9700312492284539 -0.24298019573678303 0
    outer loop
      vertex 56.08611933141947 -5.580569356679916 0
      vertex 56.08611933141947 -5.580569356679916 9
      vertex 56.03842943906784 -5.3901806473731995 9
    endloop
  endfacet
  facet normal -0.9891765097240051 -0.14673047607854156 0
    outer loop
      vertex 56.03842943906784 -5.3901806473731995 0
      vertex 56.03842943906784 -5.3901806473731995 9
      vertex 56.00963054597378 -5.196034282445908 9
    endloop
  endfacet
  facet normal -0.9987954563973426 -0.0490676704157047 0
    outer loop
      vertex 56.00963054597378 -5.196034282445908 0
      vertex 56.00963054597378 -5.196034282445908 9
      vertex 56 -5 9
    endloop
  endfacet
  facet normal 0 -1 0
    outer loop
      vertex 62 -7 0
      vertex 62 -7 9
      vertex 58 -7 9
    endloop
  endfacet
  facet normal 0.0490676704157047 -0.9987954563973426 0
    outer loop
      vertex 62.19603428244591 -6.990369454026222 0
      vertex 62.19603428244591 -6.990369454026222 9
      vertex 62 -7 9
    endloop
  endfacet
  facet normal 0.14673047607854156 -0.9891765097240051 0
    outer loop
      vertex 62.3901806473732 -6.961570560932159 0
      vertex 62.3901806473732 -6.961570560932159 9
      vertex 62.19603428244591 -6.990369454026222 9
    endloop
  endfacet
  facet normal 0.24298019573678303 -0.9700312492284539 0
    outer loop
      vertex 62.580569356679916 -6.913880668580532 0
      vertex 62.580569356679916 -6.913880668580532 9
      vertex 62.3901806473732 -6.961570560932159 9
    endloop
  endfacet
  facet normal 0.33688982640476 -0.941544074839288 0
    outer loop
      vertex 62.76536686718464 -6.8477590680122375 0
      vertex 62.76536686718464 -6.8477590680122375 9
      vertex 62.580569356679916 -6.913880668580532 9
    endloop
  endfacet
  facet normal 0.4275551031008397 -0.9039892885496102 0
    outer loop
      vertex 62.94279347360134 -6.7638425305485725 0
      vertex 62.94279347360134 -6.7638425305485725 9
      vertex 62.76536686718464 -6.8477590680122375 9
    endloop
  endfacet
  facet normal 0.5141027351876691 -0.8577286153979925 0
    outer loop
      vertex 63.111140467226505 -6.662939228117466 0
      vertex 63.111140467226505 -6.662939228117466 9
      vertex 62.94279347360134 -6.7638425305485725 9
    endloop
  endfacet
  facet normal 0.5956992989376803 -0.8032075356003306 0
    outer loop
      vertex 63.26878657191992 -6.546020910143852 0
      vertex 63.26878657191992 -6.546020910143852 9
      vertex 63.111140467226505 -6.662939228117466 9
    endloop
  endfacet
  facet normal 0.671558983390028 -0.7409510994850822 0
    outer loop
      vertex 63.4142135605216 -6.414213560521603 0
      vertex 63.4142135605216 -6.414213560521603 9
      vertex 63.26878657191992 -6.546020910143852 9
    endloop
  endfacet
  facet normal 0.7409510994850822 -0.671558983390028 0
    outer loop
      vertex 63.54602091014385 -6.268786571919918 0
      vertex 63.54602091014385 -6.268786571919918 9
      vertex 63.4142135605216 -6.414213560521603 9
    endloop
  endfacet
  facet normal 0.8032075356003306 -0.5956992989376803 0
    outer loop
      vertex 63.662939228117466 -6.111140467226505 0
      vertex 63.662939228117466 -6.111140467226505 9
      vertex 63.54602091014385 -6.268786571919918 9
    endloop
  endfacet
  facet normal 0.8577286153979925 -0.5141027351876691 0
    outer loop
      vertex 63.76384253054857 -5.942793473601341 0
      vertex 63.76384253054857 -5.942793473601341 9
      vertex 63.662939228117466 -6.111140467226505 9
    endloop
  endfacet
  facet normal 0.9039892885496102 -0.4275551031008397 0
    outer loop
      vertex 63.84775906801224 -5.765366867184639 0
      vertex 63.84775906801224 -5.765366867184639 9
      vertex 63.76384253054857 -5.942793473601341 9
    endloop
  endfacet
  facet normal 0.941544074839288 -0.33688982640476 0
    outer loop
      vertex 63.91388066858053 -5.580569356679916 0
      vertex 63.91388066858053 -5.580569356679916 9
      vertex 63.84775906801224 -5.765366867184639 9
    endloop
  endfacet
  facet normal 0.9700312492284539 -0.24298019573678303 0
    outer loop
      vertex 63.96157056093216 -5.3901806473731995 0
      vertex 63.96157056093216 -5.3901806473731995 9
      vertex 63.91388066858053 -5.580569356679916 9
    endloop
  endfacet
  facet normal 0.9891765097240051 -0.14673047607854156 0
    outer loop
      vertex 63.99036945402622 -5.196034282445908 0
      vertex 63.99036945402622 -5.196034282445908 9
      vertex 63.96157056093216 -5.3901806473731995 9
    endloop
  endfacet
  facet normal 0.9987954563973426 -0.0490676704157047 0
    outer loop
      vertex 64 -5 0
      vertex 64 -5 9
      vertex 63.99036945402622 -5.196034282445908 9
    endloop
  endfacet
  facet normal 0 0 1
    outer loop
      vertex 56.45397908985615 -6.268786571919918 9
      vertex 56.5857864394784 -6.414213560521603 9
      vertex 56.337060771882534 -6.111140467226505 9
    endloop
  endfacet
  facet normal 0 0 1
    outer loop
      vertex 56.5857864394784 -6.414213560521603 9
      vertex 56.23615746945143 -5.942793473601341 9
      vertex 56.337060771882534 -6.111140467226505 9
    endloop
  endfacet
  facet normal 0 0 1
    outer loop
      vertex 56.5857864394784 -6.414213560521603 9
      vertex 56.15224093198776 -5.765366867184639 9
      vertex 56.23615746945143 -5.942793473601341 9
    endloop
  endfacet
  facet normal 0 0 1
    outer loop
      vertex 57.419430643320084 -6.913880668580532 9
      vertex 56 -5 9
      vertex 57.23463313281536 -6.8477590680122375 9
    endloop
  endfacet
  facet normal 0 0 1
    outer loop
      vertex 56.888859532773495 -6.662939228117466 9
      vertex 57.05720652639866 -6.7638425305485725 9
      vertex 56 -5 9
    endloop
  endfacet
  facet normal 0 0 1
    outer loop
      vertex 56.888859532773495 -6.662939228117466 9
      vertex 56 -5 9
      vertex 56.73121342808008 -6.546020910143852 9
    endloop
  endfacet
  facet normal 0 0 1
    outer loop
      vertex 57.23463313281536 -6.8477590680122375 9
      vertex 56 -5 9
      vertex 57.05720652639866 -6.7638425305485725 9
    endloop
  endfacet
  facet normal 0 0 1
    outer loop
      vertex 56.73121342808008 -6.546020910143852 9
      vertex 56 -5 9
      vertex 56.5857864394784 -6.414213560521603 9
    endloop
  endfacet
  facet normal 0 0 1
    outer loop
      vertex 56.5857864394784 -6.414213560521603 9
      vertex 56.08611933141947 -5.580569356679916 9
      vertex 56.15224093198776 -5.765366867184639 9
    endloop
  endfacet
  facet normal 0 0 1
    outer loop
      vertex 56.5857864394784 -6.414213560521603 9
      vertex 56.03842943906784 -5.3901806473731995 9
      vertex 56.08611933141947 -5.580569356679916 9
    endloop
  endfacet
  facet normal 0 0 1
    outer loop
      vertex 56.5857864394784 -6.414213560521603 9
      vertex 56.00963054597378 -5.196034282445908 9
      vertex 56.03842943906784 -5.3901806473731995 9
    endloop
  endfacet
  facet normal 0 0 1
    outer loop
      vertex 57.419430643320084 -6.913880668580532 9
      vertex 57.6098193526268 -6.961570560932159 9
      vertex 56 -5 9
    endloop
  endfacet
  facet normal 0 0 1
    outer loop
      vertex 57.6098193526268 -6.961570560932159 9
      vertex 57.80396571755409 -6.990369454026222 9
      vertex 56 -5 9
    endloop
  endfacet
  facet normal 0 0 1
    outer loop
      vertex 57.80396571755409 -6.990369454026222 9
      vertex 58 -7 9
      vertex 56 -5 9
    endloop
  endfacet
  facet normal 0 0 1
    outer loop
      vertex 58 -7 9
      vertex 62 -7 9
      vertex 56 -5 9
    endloop
  endfacet
  facet normal 0 0 1
    outer loop
      vertex 56.5857864394784 -6.414213560521603 9
      vertex 56 -5 9
      vertex 56.00963054597378 -5.196034282445908 9
    endloop
  endfacet
  facet normal 0 0 1
    outer loop
      vertex 62 -7 9
      vertex 62.19603428244591 -6.990369454026222 9
      vertex 56 -5 9
    endloop
  endfacet
  facet normal 0 0 1
    outer loop
      vertex 62.19603428244591 -6.990369454026222 9
      vertex 62.3901806473732 -6.961570560932159 9
      vertex 56 -5 9
    endloop
  endfacet
  facet normal 0 0 1
    outer loop
      vertex 62.3901806473732 -6.961570560932159 9
      vertex 62.580569356679916 -6.913880668580532 9
      vertex 56 -5 9
    endloop
  endfacet
  facet normal 0 0 1
    outer loop
      vertex 62.580569356679916 -6.913880668580532 9
      vertex 62.76536686718464 -6.8477590680122375 9
      vertex 56 -5 9
    endloop
  endfacet
  facet normal 0 0 1
    outer loop
      vertex 62.76536686718464 -6.8477590680122375 9
      vertex 62.94279347360134 -6.7638425305485725 9
      vertex 56 -5 9
    endloop
  endfacet
  facet normal 0 0 1
    outer loop
      vertex 62.94279347360134 -6.7638425305485725 9
      vertex 63.111140467226505 -6.662939228117466 9
      vertex 56 -5 9
    endloop
  endfacet
  facet normal 0 0 1
    outer loop
      vertex 63.111140467226505 -6.662939228117466 9
      vertex 63.26878657191992 -6.546020910143852 9
      vertex 56 -5 9
    endloop
  endfacet
  facet normal 0 0 1
    outer loop
      vertex 63.26878657191992 -6.546020910143852 9
      vertex 63.4142135605216 -6.414213560521603 9
      vertex 56 -5 9
    endloop
  endfacet
  facet normal 0 0 1
    outer loop
      vertex 63.4142135605216 -6.414213560521603 9
      vertex 63.54602091014385 -6.268786571919918 9
      vertex 56 -5 9
    endloop
  endfacet
  facet normal 0 0 1
    outer loop
      vertex 63.54602091014385 -6.268786571919918 9
      vertex 63.662939228117466 -6.111140467226505 9
      vertex 56 -5 9
    endloop
  endfacet
  facet normal 0 0 1
    outer loop
      vertex 63.662939228117466 -6.111140467226505 9
      vertex 63.76384253054857 -5.942793473601341 9
      vertex 56 -5 9
    endloop
  endfacet
  facet normal 0 0 1
    outer loop
      vertex 63.76384253054857 -5.942793473601341 9
      vertex 63.84775906801224 -5.765366867184639 9
      vertex 56 -5 9
    endloop
  endfacet
  facet normal 0 0 1
    outer loop
      vertex 63.84775906801224 -5.765366867184639 9
      vertex 63.91388066858053 -5.580569356679916 9
      vertex 56 -5 9
    endloop
  endfacet
  facet normal 0 0 1
    outer loop
      vertex 63.91388066858053 -5.580569356679916 9
      vertex 63.96157056093216 -5.3901806473731995 9
      vertex 56 -5 9
    endloop
  endfacet
  facet normal 0 0 1
    outer loop
      vertex 63.96157056093216 -5.3901806473731995 9
      vertex 63.99036945402622 -5.196034282445908 9
      vertex 56 -5 9
    endloop
  endfacet
  facet normal 0 0 1
    outer loop
      vertex 63.99036945402622 -5.196034282445908 9
      vertex 64 -5 9
      vertex 56 -5 9
    endloop
  endfacet
  facet normal 0 0 -1
    outer loop
      vertex 30.5 5 0
      vertex 56 -5 0
      vertex 36 -5 0
    endloop
  endfacet
  facet normal 0 0 -1
    outer loop
      vertex 30.5 5 0
      vertex 56 5 0
      vertex 56 -5 0
    endloop
  endfacet
  facet normal 1 0 0
    outer loop
      vertex 32 6.5 0
      vertex 32 7.5 0
      vertex 32 6.5 9
    endloop
  endfacet
  facet normal 0 1 0
    outer loop
      vertex 30.5 5 0
      vertex 56 5 9
      vertex 56 5 0
    endloop
  endfacet
  facet normal 0 0 -1
    outer loop
      vertex 56 -5 0
      vertex 64 5 0
      vertex 64 -5 0
    endloop
  endfacet
  facet normal 0 0 -1
    outer loop
      vertex 56 -5 0
      vertex 56 5 0
      vertex 56.00963054597378 5.196034282445908 0
    endloop
  endfacet
  facet normal 0 0 -1
    outer loop
      vertex 56 -5 0
      vertex 56.00963054597378 5.196034282445908 0
      vertex 56.03842943906784 5.3901806473731995 0
    endloop
  endfacet
  facet normal 0 0 -1
    outer loop
      vertex 56 -5 0
      vertex 56.03842943906784 5.3901806473731995 0
      vertex 56.08611933141947 5.580569356679916 0
    endloop
  endfacet
  facet normal 0 0 -1
    outer loop
      vertex 56 -5 0
      vertex 56.08611933141947 5.580569356679916 0
      vertex 56.15224093198776 5.765366867184639 0
    endloop
  endfacet
  facet normal 0 0 -1
    outer loop
      vertex 56 -5 0
      vertex 56.15224093198776 5.765366867184639 0
      vertex 56.23615746945143 5.942793473601341 0
    endloop
  endfacet
  facet normal 0 0 -1
    outer loop
      vertex 56 -5 0
      vertex 56.23615746945143 5.942793473601341 0
      vertex 56.337060771882534 6.111140467226505 0
    endloop
  endfacet
  facet normal 0 0 -1
    outer loop
      vertex 56 -5 0
      vertex 56.337060771882534 6.111140467226505 0
      vertex 56.45397908985615 6.268786571919918 0
    endloop
  endfacet
  facet normal 0 0 -1
    outer loop
      vertex 56 -5 0
      vertex 63.99036945402622 5.196034282445908 0
      vertex 64 5 0
    endloop
  endfacet
  facet normal 0 0 -1
    outer loop
      vertex 56 -5 0
      vertex 63.96157056093216 5.3901806473731995 0
      vertex 63.99036945402622 5.196034282445908 0
    endloop
  endfacet
  facet normal 0 0 -1
    outer loop
      vertex 56 -5 0
      vertex 63.91388066858053 5.580569356679916 0
      vertex 63.96157056093216 5.3901806473731995 0
    endloop
  endfacet
  facet normal 0 0 -1
    outer loop
      vertex 56 -5 0
      vertex 63.76384253054857 5.942793473601341 0
      vertex 63.84775906801224 5.765366867184639 0
    endloop
  endfacet
  facet normal 0 0 -1
    outer loop
      vertex 56 -5 0
      vertex 63.84775906801224 5.765366867184639 0
      vertex 63.91388066858053 5.580569356679916 0
    endloop
  endfacet
  facet normal 0 0 -1
    outer loop
      vertex 56 -5 0
      vertex 63.662939228117466 6.111140467226505 0
      vertex 63.76384253054857 5.942793473601341 0
    endloop
  endfacet
  facet normal 0 0 -1
    outer loop
      vertex 56 -5 0
      vertex 63.54602091014385 6.268786571919918 0
      vertex 63.662939228117466 6.111140467226505 0
    endloop
  endfacet
  facet normal 1 0 0
    outer loop
      vertex 64 -5 0
      vertex 64 5 0
      vertex 64 -5 9
    endloop
  endfacet
  facet normal 0 0 -1
    outer loop
      vertex 56 -5 0
      vertex 56.45397908985615 6.268786571919918 0
      vertex 56.5857864394784 6.414213560521603 0
    endloop
  endfacet
  facet normal 0 0 -1
    outer loop
      vertex 56 -5 0
      vertex 56.5857864394784 6.414213560521603 0
      vertex 56.73121342808008 6.546020910143852 0
    endloop
  endfacet
  facet normal 0 0 -1
    outer loop
      vertex 56 -5 0
      vertex 56.73121342808008 6.546020910143852 0
      vertex 56.888859532773495 6.662939228117466 0
    endloop
  endfacet
  facet normal 0 0 -1
    outer loop
      vertex 56 -5 0
      vertex 56.888859532773495 6.662939228117466 0
      vertex 57.05720652639866 6.7638425305485725 0
    endloop
  endfacet
  facet normal 0 0 -1
    outer loop
      vertex 56 -5 0
      vertex 57.05720652639866 6.7638425305485725 0
      vertex 57.23463313281536 6.8477590680122375 0
    endloop
  endfacet
  facet normal 0 0 -1
    outer loop
      vertex 56 -5 0
      vertex 57.23463313281536 6.8477590680122375 0
      vertex 57.419430643320084 6.913880668580532 0
    endloop
  endfacet
  facet normal 0 0 -1
    outer loop
      vertex 56 -5 0
      vertex 57.419430643320084 6.913880668580532 0
      vertex 57.6098193526268 6.961570560932159 0
    endloop
  endfacet
  facet normal 0 0 -1
    outer loop
      vertex 56 -5 0
      vertex 57.6098193526268 6.961570560932159 0
      vertex 57.80396571755409 6.990369454026222 0
    endloop
  endfacet
  facet normal 0 0 -1
    outer loop
      vertex 56 -5 0
      vertex 57.80396571755409 6.990369454026222 0
      vertex 58 7 0
    endloop
  endfacet
  facet normal 0 0 -1
    outer loop
      vertex 56 -5 0
      vertex 58 7 0
      vertex 62 7 0
    endloop
  endfacet
  facet normal 0 0 -1
    outer loop
      vertex 56 -5 0
      vertex 63.4142135605216 6.414213560521603 0
      vertex 63.54602091014385 6.268786571919918 0
    endloop
  endfacet
  facet normal 0 0 -1
    outer loop
      vertex 56 -5 0
      vertex 63.26878657191992 6.546020910143852 0
      vertex 63.4142135605216 6.414213560521603 0
    endloop
  endfacet
  facet normal 0 0 -1
    outer loop
      vertex 56 -5 0
      vertex 62.76536686718464 6.8477590680122375 0
      vertex 62.94279347360134 6.7638425305485725 0
    endloop
  endfacet
  facet normal 0 0 -1
    outer loop
      vertex 56 -5 0
      vertex 62.94279347360134 6.7638425305485725 0
      vertex 63.111140467226505 6.662939228117466 0
    endloop
  endfacet
  facet normal 0 0 -1
    outer loop
      vertex 56 -5 0
      vertex 63.111140467226505 6.662939228117466 0
      vertex 63.26878657191992 6.546020910143852 0
    endloop
  endfacet
  facet normal 0 0 -1
    outer loop
      vertex 56 -5 0
      vertex 62 7 0
      vertex 62.19603428244591 6.990369454026222 0
    endloop
  endfacet
  facet normal 0 0 -1
    outer loop
      vertex 56 -5 0
      vertex 62.19603428244591 6.990369454026222 0
      vertex 62.3901806473732 6.961570560932159 0
    endloop
  endfacet
  facet normal 0 0 -1
    outer loop
      vertex 56 -5 0
      vertex 62.3901806473732 6.961570560932159 0
      vertex 62.580569356679916 6.913880668580532 0
    endloop
  endfacet
  facet normal 0 0 -1
    outer loop
      vertex 56 -5 0
      vertex 62.580569356679916 6.913880668580532 0
      vertex 62.76536686718464 6.8477590680122375 0
    endloop
  endfacet
  facet normal -0.9987954563973426 0.0490676704157047 0
    outer loop
      vertex 56 5 0
      vertex 56.00963054597378 5.196034282445908 9
      vertex 56.00963054597378 5.196034282445908 0
    endloop
  endfacet
  facet normal -0.9891765097240051 0.14673047607854156 0
    outer loop
      vertex 56.00963054597378 5.196034282445908 0
      vertex 56.03842943906784 5.3901806473731995 9
      vertex 56.03842943906784 5.3901806473731995 0
    endloop
  endfacet
  facet normal -0.9700312492284539 0.24298019573678303 0
    outer loop
      vertex 56.03842943906784 5.3901806473731995 0
      vertex 56.08611933141947 5.580569356679916 9
      vertex 56.08611933141947 5.580569356679916 0
    endloop
  endfacet
  facet normal -0.941544074839288 0.33688982640476 0
    outer loop
      vertex 56.08611933141947 5.580569356679916 0
      vertex 56.15224093198776 5.765366867184639 9
      vertex 56.15224093198776 5.765366867184639 0
    endloop
  endfacet
  facet normal 0.9987954563973426 0.0490676704157047 0
    outer loop
      vertex 64 5 0
      vertex 63.99036945402622 5.196034282445908 0
      vertex 64 5 9
    endloop
  endfacet
  facet normal 0.9891765097240051 0.14673047607854156 0
    outer loop
      vertex 63.99036945402622 5.196034282445908 0
      vertex 63.96157056093216 5.3901806473731995 0
      vertex 63.99036945402622 5.196034282445908 9
    endloop
  endfacet
  facet normal 0.9700312492284539 0.24298019573678303 0
    outer loop
      vertex 63.96157056093216 5.3901806473731995 0
      vertex 63.91388066858053 5.580569356679916 0
      vertex 63.96157056093216 5.3901806473731995 9
    endloop
  endfacet
  facet normal 0.941544074839288 0.33688982640476 0
    outer loop
      vertex 63.91388066858053 5.580569356679916 0
      vertex 63.84775906801224 5.765366867184639 0
      vertex 63.91388066858053 5.580569356679916 9
    endloop
  endfacet
  facet normal -0.9039892885496102 0.4275551031008397 0
    outer loop
      vertex 56.15224093198776 5.765366867184639 0
      vertex 56.23615746945143 5.942793473601341 9
      vertex 56.23615746945143 5.942793473601341 0
    endloop
  endfacet
  facet normal -0.8577286153979925 0.5141027351876691 0
    outer loop
      vertex 56.23615746945143 5.942793473601341 0
      vertex 56.337060771882534 6.111140467226505 9
      vertex 56.337060771882534 6.111140467226505 0
    endloop
  endfacet
  facet normal -0.8032075356003306 0.5956992989376803 0
    outer loop
      vertex 56.337060771882534 6.111140467226505 0
      vertex 56.45397908985615 6.268786571919918 9
      vertex 56.45397908985615 6.268786571919918 0
    endloop
  endfacet
  facet normal -0.7409510994850822 0.671558983390028 0
    outer loop
      vertex 56.45397908985615 6.268786571919918 0
      vertex 56.5857864394784 6.414213560521603 9
      vertex 56.5857864394784 6.414213560521603 0
    endloop
  endfacet
  facet normal -0.671558983390028 0.7409510994850822 0
    outer loop
      vertex 56.5857864394784 6.414213560521603 0
      vertex 56.73121342808008 6.546020910143852 9
      vertex 56.73121342808008 6.546020910143852 0
    endloop
  endfacet
  facet normal -0.5956992989376803 0.8032075356003306 0
    outer loop
      vertex 56.73121342808008 6.546020910143852 0
      vertex 56.888859532773495 6.662939228117466 9
      vertex 56.888859532773495 6.662939228117466 0
    endloop
  endfacet
  facet normal -0.5141027351876691 0.8577286153979925 0
    outer loop
      vertex 56.888859532773495 6.662939228117466 0
      vertex 57.05720652639866 6.7638425305485725 9
      vertex 57.05720652639866 6.7638425305485725 0
    endloop
  endfacet
  facet normal -0.4275551031008397 0.9039892885496102 0
    outer loop
      vertex 57.05720652639866 6.7638425305485725 0
      vertex 57.23463313281536 6.8477590680122375 9
      vertex 57.23463313281536 6.8477590680122375 0
    endloop
  endfacet
  facet normal -0.33688982640476 0.941544074839288 0
    outer loop
      vertex 57.23463313281536 6.8477590680122375 0
      vertex 57.419430643320084 6.913880668580532 9
      vertex 57.419430643320084 6.913880668580532 0
    endloop
  endfacet
  facet normal -0.24298019573678303 0.9700312492284539 0
    outer loop
      vertex 57.419430643320084 6.913880668580532 0
      vertex 57.6098193526268 6.961570560932159 9
      vertex 57.6098193526268 6.961570560932159 0
    endloop
  endfacet
  facet normal -0.14673047607854156 0.9891765097240051 0
    outer loop
      vertex 57.6098193526268 6.961570560932159 0
      vertex 57.80396571755409 6.990369454026222 9
      vertex 57.80396571755409 6.990369454026222 0
    endloop
  endfacet
  facet normal -0.0490676704157047 0.9987954563973426 0
    outer loop
      vertex 57.80396571755409 6.990369454026222 0
      vertex 58 7 9
      vertex 58 7 0
    endloop
  endfacet
  facet normal 0 1 0
    outer loop
      vertex 58 7 0
      vertex 62 7 9
      vertex 62 7 0
    endloop
  endfacet
  facet normal 0.9039892885496102 0.4275551031008397 0
    outer loop
      vertex 63.84775906801224 5.765366867184639 0
      vertex 63.76384253054857 5.942793473601341 0
      vertex 63.84775906801224 5.765366867184639 9
    endloop
  endfacet
  facet normal 0.8577286153979925 0.5141027351876691 0
    outer loop
      vertex 63.76384253054857 5.942793473601341 0
      vertex 63.662939228117466 6.111140467226505 0
      vertex 63.76384253054857 5.942793473601341 9
    endloop
  endfacet
  facet normal 0.671558983390028 0.7409510994850822 0
    outer loop
      vertex 63.4142135605216 6.414213560521603 0
      vertex 63.26878657191992 6.546020910143852 0
      vertex 63.4142135605216 6.414213560521603 9
    endloop
  endfacet
  facet normal 0.8032075356003306 0.5956992989376803 0
    outer loop
      vertex 63.662939228117466 6.111140467226505 0
      vertex 63.54602091014385 6.268786571919918 0
      vertex 63.662939228117466 6.111140467226505 9
    endloop
  endfacet
  facet normal 0.7409510994850822 0.671558983390028 0
    outer loop
      vertex 63.4142135605216 6.414213560521603 0
      vertex 63.54602091014385 6.268786571919918 9
      vertex 63.54602091014385 6.268786571919918 0
    endloop
  endfacet
  facet normal 0.24298019573678303 0.9700312492284539 0
    outer loop
      vertex 62.3901806473732 6.961570560932159 0
      vertex 62.580569356679916 6.913880668580532 9
      vertex 62.580569356679916 6.913880668580532 0
    endloop
  endfacet
  facet normal 0.33688982640476 0.941544074839288 0
    outer loop
      vertex 62.76536686718464 6.8477590680122375 0
      vertex 62.580569356679916 6.913880668580532 0
      vertex 62.76536686718464 6.8477590680122375 9
    endloop
  endfacet
  facet normal 0.4275551031008397 0.9039892885496102 0
    outer loop
      vertex 62.94279347360134 6.7638425305485725 0
      vertex 62.76536686718464 6.8477590680122375 0
      vertex 62.94279347360134 6.7638425305485725 9
    endloop
  endfacet
  facet normal 0.0490676704157047 0.9987954563973426 0
    outer loop
      vertex 62.19603428244591 6.990369454026222 0
      vertex 62 7 0
      vertex 62.19603428244591 6.990369454026222 9
    endloop
  endfacet
  facet normal 0.14673047607854156 0.9891765097240051 0
    outer loop
      vertex 62.19603428244591 6.990369454026222 0
      vertex 62.3901806473732 6.961570560932159 9
      vertex 62.3901806473732 6.961570560932159 0
    endloop
  endfacet
  facet normal 0.5956992989376803 0.8032075356003306 0
    outer loop
      vertex 63.26878657191992 6.546020910143852 0
      vertex 63.111140467226505 6.662939228117466 0
      vertex 63.26878657191992 6.546020910143852 9
    endloop
  endfacet
  facet normal 0.5141027351876691 0.8577286153979925 0
    outer loop
      vertex 62.94279347360134 6.7638425305485725 0
      vertex 63.111140467226505 6.662939228117466 9
      vertex 63.111140467226505 6.662939228117466 0
    endloop
  endfacet
  facet normal 0 0 1
    outer loop
      vertex 30.5 5 9
      vertex 56 -5 9
      vertex 56 5 9
    endloop
  endfacet
  facet normal 0 1 0
    outer loop
      vertex 30.5 5 0
      vertex 30.5 5 9
      vertex 56 5 9
    endloop
  endfacet
  facet normal 1 0 0
    outer loop
      vertex 32 7.5 0
      vertex 32 7.5 9
      vertex 32 6.5 9
    endloop
  endfacet
  facet normal 1 0 0
    outer loop
      vertex 64 -5 9
      vertex 64 5 0
      vertex 64 5 9
    endloop
  endfacet
  facet normal 0 0 1
    outer loop
      vertex 56 -5 9
      vertex 64 -5 9
      vertex 64 5 9
    endloop
  endfacet
  facet normal 0 0 1
    outer loop
      vertex 56 -5 9
      vertex 56.00963054597378 5.196034282445908 9
      vertex 56 5 9
    endloop
  endfacet
  facet normal 0 0 1
    outer loop
      vertex 56 -5 9
      vertex 56.03842943906784 5.3901806473731995 9
      vertex 56.00963054597378 5.196034282445908 9
    endloop
  endfacet
  facet normal 0 0 1
    outer loop
      vertex 56 -5 9
      vertex 56.08611933141947 5.580569356679916 9
      vertex 56.03842943906784 5.3901806473731995 9
    endloop
  endfacet
  facet normal 0 0 1
    outer loop
      vertex 56 -5 9
      vertex 56.15224093198776 5.765366867184639 9
      vertex 56.08611933141947 5.580569356679916 9
    endloop
  endfacet
  facet normal 0 0 1
    outer loop
      vertex 56 -5 9
      vertex 56.23615746945143 5.942793473601341 9
      vertex 56.15224093198776 5.765366867184639 9
    endloop
  endfacet
  facet normal 0 0 1
    outer loop
      vertex 56 -5 9
      vertex 56.337060771882534 6.111140467226505 9
      vertex 56.23615746945143 5.942793473601341 9
    endloop
  endfacet
  facet normal 0 0 1
    outer loop
      vertex 56 -5 9
      vertex 56.45397908985615 6.268786571919918 9
      vertex 56.337060771882534 6.111140467226505 9
    endloop
  endfacet
  facet normal 0 0 1
    outer loop
      vertex 56 -5 9
      vertex 64 5 9
      vertex 63.99036945402622 5.196034282445908 9
    endloop
  endfacet
  facet normal 0 0 1
    outer loop
      vertex 56 -5 9
      vertex 63.99036945402622 5.196034282445908 9
      vertex 63.96157056093216 5.3901806473731995 9
    endloop
  endfacet
  facet normal 0 0 1
    outer loop
      vertex 56 -5 9
      vertex 63.96157056093216 5.3901806473731995 9
      vertex 63.91388066858053 5.580569356679916 9
    endloop
  endfacet
  facet normal 0 0 1
    outer loop
      vertex 56 -5 9
      vertex 63.84775906801224 5.765366867184639 9
      vertex 63.76384253054857 5.942793473601341 9
    endloop
  endfacet
  facet normal 0 0 1
    outer loop
      vertex 56 -5 9
      vertex 63.91388066858053 5.580569356679916 9
      vertex 63.84775906801224 5.765366867184639 9
    endloop
  endfacet
  facet normal 0 0 1
    outer loop
      vertex 56 -5 9
      vertex 63.76384253054857 5.942793473601341 9
      vertex 63.662939228117466 6.111140467226505 9
    endloop
  endfacet
  facet normal 0 0 1
    outer loop
      vertex 56 -5 9
      vertex 63.662939228117466 6.111140467226505 9
      vertex 63.54602091014385 6.268786571919918 9
    endloop
  endfacet
  facet normal -0.9987954563973426 0.0490676704157047 0
    outer loop
      vertex 56 5 0
      vertex 56 5 9
      vertex 56.00963054597378 5.196034282445908 9
    endloop
  endfacet
  facet normal -0.9891765097240051 0.14673047607854156 0
    outer loop
      vertex 56.00963054597378 5.196034282445908 0
      vertex 56.00963054597378 5.196034282445908 9
      vertex 56.03842943906784 5.3901806473731995 9
    endloop
  endfacet
  facet normal -0.9700312492284539 0.24298019573678303 0
    outer loop
      vertex 56.03842943906784 5.3901806473731995 0
      vertex 56.03842943906784 5.3901806473731995 9
      vertex 56.08611933141947 5.580569356679916 9
    endloop
  endfacet
  facet normal -0.941544074839288 0.33688982640476 0
    outer loop
      vertex 56.08611933141947 5.580569356679916 0
      vertex 56.08611933141947 5.580569356679916 9
      vertex 56.15224093198776 5.765366867184639 9
    endloop
  endfacet
  facet normal 0.9987954563973426 0.0490676704157047 0
    outer loop
      vertex 63.99036945402622 5.196034282445908 0
      vertex 63.99036945402622 5.196034282445908 9
      vertex 64 5 9
    endloop
  endfacet
  facet normal 0.9891765097240051 0.14673047607854156 0
    outer loop
      vertex 63.96157056093216 5.3901806473731995 0
      vertex 63.96157056093216 5.3901806473731995 9
      vertex 63.99036945402622 5.196034282445908 9
    endloop
  endfacet
  facet normal 0.9700312492284539 0.24298019573678303 0
    outer loop
      vertex 63.91388066858053 5.580569356679916 0
      vertex 63.91388066858053 5.580569356679916 9
      vertex 63.96157056093216 5.3901806473731995 9
    endloop
  endfacet
  facet normal 0.941544074839288 0.33688982640476 0
    outer loop
      vertex 63.84775906801224 5.765366867184639 0
      vertex 63.84775906801224 5.765366867184639 9
      vertex 63.91388066858053 5.580569356679916 9
    endloop
  endfacet
  facet normal -0.9039892885496102 0.4275551031008397 0
    outer loop
      vertex 56.15224093198776 5.765366867184639 0
      vertex 56.15224093198776 5.765366867184639 9
      vertex 56.23615746945143 5.942793473601341 9
    endloop
  endfacet
  facet normal -0.8577286153979925 0.5141027351876691 0
    outer loop
      vertex 56.23615746945143 5.942793473601341 0
      vertex 56.23615746945143 5.942793473601341 9
      vertex 56.337060771882534 6.111140467226505 9
    endloop
  endfacet
  facet normal -0.8032075356003306 0.5956992989376803 0
    outer loop
      vertex 56.337060771882534 6.111140467226505 0
      vertex 56.337060771882534 6.111140467226505 9
      vertex 56.45397908985615 6.268786571919918 9
    endloop
  endfacet
  facet normal -0.7409510994850822 0.671558983390028 0
    outer loop
      vertex 56.45397908985615 6.268786571919918 0
      vertex 56.45397908985615 6.268786571919918 9
      vertex 56.5857864394784 6.414213560521603 9
    endloop
  endfacet
  facet normal -0.671558983390028 0.7409510994850822 0
    outer loop
      vertex 56.5857864394784 6.414213560521603 0
      vertex 56.5857864394784 6.414213560521603 9
      vertex 56.73121342808008 6.546020910143852 9
    endloop
  endfacet
  facet normal -0.5956992989376803 0.8032075356003306 0
    outer loop
      vertex 56.73121342808008 6.546020910143852 0
      vertex 56.73121342808008 6.546020910143852 9
      vertex 56.888859532773495 6.662939228117466 9
    endloop
  endfacet
  facet normal -0.5141027351876691 0.8577286153979925 0
    outer loop
      vertex 56.888859532773495 6.662939228117466 0
      vertex 56.888859532773495 6.662939228117466 9
      vertex 57.05720652639866 6.7638425305485725 9
    endloop
  endfacet
  facet normal -0.4275551031008397 0.9039892885496102 0
    outer loop
      vertex 57.05720652639866 6.7638425305485725 0
      vertex 57.05720652639866 6.7638425305485725 9
      vertex 57.23463313281536 6.8477590680122375 9
    endloop
  endfacet
  facet normal -0.33688982640476 0.941544074839288 0
    outer loop
      vertex 57.23463313281536 6.8477590680122375 0
      vertex 57.23463313281536 6.8477590680122375 9
      vertex 57.419430643320084 6.913880668580532 9
    endloop
  endfacet
  facet normal -0.24298019573678303 0.9700312492284539 0
    outer loop
      vertex 57.419430643320084 6.913880668580532 0
      vertex 57.419430643320084 6.913880668580532 9
      vertex 57.6098193526268 6.961570560932159 9
    endloop
  endfacet
  facet normal -0.14673047607854156 0.9891765097240051 0
    outer loop
      vertex 57.6098193526268 6.961570560932159 0
      vertex 57.6098193526268 6.961570560932159 9
      vertex 57.80396571755409 6.990369454026222 9
    endloop
  endfacet
  facet normal -0.0490676704157047 0.9987954563973426 0
    outer loop
      vertex 57.80396571755409 6.990369454026222 0
      vertex 57.80396571755409 6.990369454026222 9
      vertex 58 7 9
    endloop
  endfacet
  facet normal 0 1 0
    outer loop
      vertex 58 7 0
      vertex 58 7 9
      vertex 62 7 9
    endloop
  endfacet
  facet normal 0.9039892885496102 0.4275551031008397 0
    outer loop
      vertex 63.76384253054857 5.942793473601341 0
      vertex 63.76384253054857 5.942793473601341 9
      vertex 63.84775906801224 5.765366867184639 9
    endloop
  endfacet
  facet normal 0.8577286153979925 0.5141027351876691 0
    outer loop
      vertex 63.662939228117466 6.111140467226505 0
      vertex 63.662939228117466 6.111140467226505 9
      vertex 63.76384253054857 5.942793473601341 9
    endloop
  endfacet
  facet normal 0.7409510994850822 0.671558983390028 0
    outer loop
      vertex 63.4142135605216 6.414213560521603 0
      vertex 63.4142135605216 6.414213560521603 9
      vertex 63.54602091014385 6.268786571919918 9
    endloop
  endfacet
  facet normal 0.671558983390028 0.7409510994850822 0
    outer loop
      vertex 63.26878657191992 6.546020910143852 0
      vertex 63.26878657191992 6.546020910143852 9
      vertex 63.4142135605216 6.414213560521603 9
    endloop
  endfacet
  facet normal 0.8032075356003306 0.5956992989376803 0
    outer loop
      vertex 63.54602091014385 6.268786571919918 0
      vertex 63.54602091014385 6.268786571919918 9
      vertex 63.662939228117466 6.111140467226505 9
    endloop
  endfacet
  facet normal 0.24298019573678303 0.9700312492284539 0
    outer loop
      vertex 62.3901806473732 6.961570560932159 0
      vertex 62.3901806473732 6.961570560932159 9
      vertex 62.580569356679916 6.913880668580532 9
    endloop
  endfacet
  facet normal 0.5141027351876691 0.8577286153979925 0
    outer loop
      vertex 62.94279347360134 6.7638425305485725 0
      vertex 62.94279347360134 6.7638425305485725 9
      vertex 63.111140467226505 6.662939228117466 9
    endloop
  endfacet
  facet normal 0.33688982640476 0.941544074839288 0
    outer loop
      vertex 62.580569356679916 6.913880668580532 0
      vertex 62.580569356679916 6.913880668580532 9
      vertex 62.76536686718464 6.8477590680122375 9
    endloop
  endfacet
  facet normal 0.4275551031008397 0.9039892885496102 0
    outer loop
      vertex 62.76536686718464 6.8477590680122375 0
      vertex 62.76536686718464 6.8477590680122375 9
      vertex 62.94279347360134 6.7638425305485725 9
    endloop
  endfacet
  facet normal 0.0490676704157047 0.9987954563973426 0
    outer loop
      vertex 62 7 0
      vertex 62 7 9
      vertex 62.19603428244591 6.990369454026222 9
    endloop
  endfacet
  facet normal 0.14673047607854156 0.9891765097240051 0
    outer loop
      vertex 62.19603428244591 6.990369454026222 0
      vertex 62.19603428244591 6.990369454026222 9
      vertex 62.3901806473732 6.961570560932159 9
    endloop
  endfacet
  facet normal 0.5956992989376803 0.8032075356003306 0
    outer loop
      vertex 63.111140467226505 6.662939228117466 0
      vertex 63.111140467226505 6.662939228117466 9
      vertex 63.26878657191992 6.546020910143852 9
    endloop
  endfacet
  facet normal 0 0 1
    outer loop
      vertex 56 -5 9
      vertex 56.5857864394784 6.414213560521603 9
      vertex 56.45397908985615 6.268786571919918 9
    endloop
  endfacet
  facet normal 0 0 1
    outer loop
      vertex 56 -5 9
      vertex 56.73121342808008 6.546020910143852 9
      vertex 56.5857864394784 6.414213560521603 9
    endloop
  endfacet
  facet normal 0 0 1
    outer loop
      vertex 56 -5 9
      vertex 56.888859532773495 6.662939228117466 9
      vertex 56.73121342808008 6.546020910143852 9
    endloop
  endfacet
  facet normal 0 0 1
    outer loop
      vertex 56 -5 9
      vertex 57.05720652639866 6.7638425305485725 9
      vertex 56.888859532773495 6.662939228117466 9
    endloop
  endfacet
  facet normal 0 0 1
    outer loop
      vertex 56 -5 9
      vertex 57.23463313281536 6.8477590680122375 9
      vertex 57.05720652639866 6.7638425305485725 9
    endloop
  endfacet
  facet normal 0 0 1
    outer loop
      vertex 56 -5 9
      vertex 57.419430643320084 6.913880668580532 9
      vertex 57.23463313281536 6.8477590680122375 9
    endloop
  endfacet
  facet normal 0 0 1
    outer loop
      vertex 56 -5 9
      vertex 57.6098193526268 6.961570560932159 9
      vertex 57.419430643320084 6.913880668580532 9
    endloop
  endfacet
  facet normal 0 0 1
    outer loop
      vertex 56 -5 9
      vertex 57.80396571755409 6.990369454026222 9
      vertex 57.6098193526268 6.961570560932159 9
    endloop
  endfacet
  facet normal 0 0 1
    outer loop
      vertex 56 -5 9
      vertex 58 7 9
      vertex 57.80396571755409 6.990369454026222 9
    endloop
  endfacet
  facet normal 0 0 1
    outer loop
      vertex 56 -5 9
      vertex 62 7 9
      vertex 58 7 9
    endloop
  endfacet
  facet normal 0 0 1
    outer loop
      vertex 56 -5 9
      vertex 63.54602091014385 6.268786571919918 9
      vertex 63.4142135605216 6.414213560521603 9
    endloop
  endfacet
  facet normal 0 0 1
    outer loop
      vertex 56 -5 9
      vertex 63.4142135605216 6.414213560521603 9
      vertex 63.26878657191992 6.546020910143852 9
    endloop
  endfacet
  facet normal 0 0 1
    outer loop
      vertex 56 -5 9
      vertex 62.94279347360134 6.7638425305485725 9
      vertex 62.76536686718464 6.8477590680122375 9
    endloop
  endfacet
  facet normal 0 0 1
    outer loop
      vertex 56 -5 9
      vertex 63.111140467226505 6.662939228117466 9
      vertex 62.94279347360134 6.7638425305485725 9
    endloop
  endfacet
  facet normal 0 0 1
    outer loop
      vertex 56 -5 9
      vertex 63.26878657191992 6.546020910143852 9
      vertex 63.111140467226505 6.662939228117466 9
    endloop
  endfacet
  facet normal 0 0 1
    outer loop
      vertex 56 -5 9
      vertex 62.19603428244591 6.990369454026222 9
      vertex 62 7 9
    endloop
  endfacet
  facet normal 0 0 1
    outer loop
      vertex 56 -5 9
      vertex 62.3901806473732 6.961570560932159 9
      vertex 62.19603428244591 6.990369454026222 9
    endloop
  endfacet
  facet normal 0 0 1
    outer loop
      vertex 56 -5 9
      vertex 62.580569356679916 6.913880668580532 9
      vertex 62.3901806473732 6.961570560932159 9
    endloop
  endfacet
  facet normal 0 0 1
    outer loop
      vertex 56 -5 9
      vertex 62.76536686718464 6.8477590680122375 9
      vertex 62.580569356679916 6.913880668580532 9
    endloop
  endfacet
  facet normal 0 -1 0
    outer loop
      vertex 35.45374709835484 -17 0.053801214870954794
      vertex 35.72555200707723 -17 0.013482765317848422
      vertex 36.54625290164516 -17 0.053801214870954794
    endloop
  endfacet
  facet normal 0 -1 0
    outer loop
      vertex 35.187202903687506 -17 0.1205670599498152
      vertex 35.45374709835484 -17 0.053801214870954794
      vertex 36.812797096312494 -17 0.1205670599498152
    endloop
  endfacet
  facet normal 0 -1 0
    outer loop
      vertex 34.928486389377746 -17 0.21313730896839722
      vertex 35.187202903687506 -17 0.1205670599498152
      vertex 37.071513610622254 -17 0.21313730896839722
    endloop
  endfacet
  facet normal 0 -1 0
    outer loop
      vertex 34.680089136887204 -17 0.33062045982460564
      vertex 34.928486389377746 -17 0.21313730896839722
      vertex 37.319910863112796 -17 0.33062045982460564
    endloop
  endfacet
  facet normal 0 -1 0
    outer loop
      vertex 34.44440334754511 -17 0.4718850855528731
      vertex 34.680089136887204 -17 0.33062045982460564
      vertex 37.55559665245489 -17 0.4718850855528731
    endloop
  endfacet
  facet normal 0 -1 0
    outer loop
      vertex 34.223698804341794 -17 0.6355707305843366
      vertex 34.44440334754511 -17 0.4718850855528731
      vertex 37.776301195658206 -17 0.6355707305843366
    endloop
  endfacet
  facet normal 0 -1 0
    outer loop
      vertex 34.223698804341794 -17 0.6355707305843366
      vertex 37.979898987322336 -17 0.8201010126776667
      vertex 34.020101012677664 -17 0.8201010126776667
    endloop
  endfacet
  facet normal 0 -1 0
    outer loop
      vertex 33.83557073058434 -17 1.0236988043417925
      vertex 34.020101012677664 -17 0.8201010126776667
      vertex 38.16442926941566 -17 1.0236988043417925
    endloop
  endfacet
  facet normal 0 -1 0
    outer loop
      vertex 35.72555200707723 -17 0.013482765317848422
      vertex 36 -17 0
      vertex 36.27444799292277 -17 0.013482765317848422
    endloop
  endfacet
  facet normal 0 -1 0
    outer loop
      vertex 35.72555200707723 -17 0.013482765317848422
      vertex 36.27444799292277 -17 0.013482765317848422
      vertex 36.54625290164516 -17 0.053801214870954794
    endloop
  endfacet
  facet normal 0 -1 0
    outer loop
      vertex 35.45374709835484 -17 0.053801214870954794
      vertex 36.54625290164516 -17 0.053801214870954794
      vertex 36.812797096312494 -17 0.1205670599498152
    endloop
  endfacet
  facet normal 0 -1 0
    outer loop
      vertex 35.187202903687506 -17 0.1205670599498152
      vertex 36.812797096312494 -17 0.1205670599498152
      vertex 37.071513610622254 -17 0.21313730896839722
    endloop
  endfacet
  facet normal 0 -1 0
    outer loop
      vertex 34.928486389377746 -17 0.21313730896839722
      vertex 37.071513610622254 -17 0.21313730896839722
      vertex 37.319910863112796 -17 0.33062045982460564
    endloop
  endfacet
  facet normal 0 -1 0
    outer loop
      vertex 34.680089136887204 -17 0.33062045982460564
      vertex 37.319910863112796 -17 0.33062045982460564
      vertex 37.55559665245489 -17 0.4718850855528731
    endloop
  endfacet
  facet normal 0 -1 0
    outer loop
      vertex 34.44440334754511 -17 0.4718850855528731
      vertex 37.55559665245489 -17 0.4718850855528731
      vertex 37.776301195658206 -17 0.6355707305843366
    endloop
  endfacet
  facet normal 0 -1 0
    outer loop
      vertex 34.223698804341794 -17 0.6355707305843366
      vertex 37.776301195658206 -17 0.6355707305843366
      vertex 37.979898987322336 -17 0.8201010126776667
    endloop
  endfacet
  facet normal 0 -1 0
    outer loop
      vertex 34.020101012677664 -17 0.8201010126776667
      vertex 37.979898987322336 -17 0.8201010126776667
      vertex 38.16442926941566 -17 1.0236988043417925
    endloop
  endfacet
  facet normal 0 -1 0
    outer loop
      vertex 33.83557073058434 -17 1.0236988043417925
      vertex 38.16442926941566 -17 1.0236988043417925
      vertex 38.32811491444713 -17 1.2444033475451137
    endloop
  endfacet
  facet normal 0 -1 0
    outer loop
      vertex 33.83557073058434 -17 1.0236988043417925
      vertex 38.32811491444713 -17 1.2444033475451137
      vertex 33.67188508555287 -17 1.2444033475451137
    endloop
  endfacet
  facet normal 0 -1 0
    outer loop
      vertex 33.67188508555287 -17 1.2444033475451137
      vertex 38.469379540175396 -17 1.4800891368872064
      vertex 33.530620459824604 -17 1.4800891368872064
    endloop
  endfacet
  facet normal 0 -1 0
    outer loop
      vertex 33.530620459824604 -17 1.4800891368872064
      vertex 38.586862691031605 -17 1.7284863893777485
      vertex 33.413137308968395 -17 1.7284863893777485
    endloop
  endfacet
  facet normal 0 -1 0
    outer loop
      vertex 33.413137308968395 -17 1.7284863893777485
      vertex 38.679432940050184 -17 1.9872029036875052
      vertex 33.320567059949816 -17 1.9872029036875052
    endloop
  endfacet
  facet normal 0 -1 0
    outer loop
      vertex 33.320567059949816 -17 1.9872029036875052
      vertex 38.746198785129046 -17 2.253747098354841
      vertex 33.253801214870954 -17 2.253747098354841
    endloop
  endfacet
  facet normal 0 -1 0
    outer loop
      vertex 33.67188508555287 -17 1.2444033475451137
      vertex 38.32811491444713 -17 1.2444033475451137
      vertex 38.469379540175396 -17 1.4800891368872064
    endloop
  endfacet
  facet normal 0 -1 0
    outer loop
      vertex 33.530620459824604 -17 1.4800891368872064
      vertex 38.469379540175396 -17 1.4800891368872064
      vertex 38.586862691031605 -17 1.7284863893777485
    endloop
  endfacet
  facet normal 0 -1 0
    outer loop
      vertex 33.413137308968395 -17 1.7284863893777485
      vertex 38.586862691031605 -17 1.7284863893777485
      vertex 38.679432940050184 -17 1.9872029036875052
    endloop
  endfacet
  facet normal 0 -1 0
    outer loop
      vertex 33.320567059949816 -17 1.9872029036875052
      vertex 38.679432940050184 -17 1.9872029036875052
      vertex 38.746198785129046 -17 2.253747098354841
    endloop
  endfacet
  facet normal -0.24298017990326629 0 -0.9700312531945434
    outer loop
      vertex 35.187202903687506 -17 0.1205670599498152
      vertex 35.187202903687506 -5 0.1205670599498152
      vertex 35.45374709835484 -17 0.053801214870954794
    endloop
  endfacet
  facet normal -0.14673047445536028 0 -0.9891765099647812
    outer loop
      vertex 35.45374709835484 -17 0.053801214870954794
      vertex 35.45374709835484 -5 0.053801214870954794
      vertex 35.72555200707723 -17 0.013482765317848422
    endloop
  endfacet
  facet normal -0.0490676743274175 0 -0.9987954562051725
    outer loop
      vertex 35.72555200707723 -17 0.013482765317848422
      vertex 35.72555200707723 -5 0.013482765317848422
      vertex 36 -17 0
    endloop
  endfacet
  facet normal -0.33688985339221583 0 -0.9415440651830224
    outer loop
      vertex 34.928486389377746 -17 0.21313730896839722
      vertex 34.928486389377746 -5 0.21313730896839722
      vertex 35.187202903687506 -17 0.1205670599498152
    endloop
  endfacet
  facet normal -0.42755509343028214 0 -0.9039892931234432
    outer loop
      vertex 34.680089136887204 -17 0.33062045982460564
      vertex 34.680089136887204 -5 0.33062045982460564
      vertex 34.928486389377746 -17 0.21313730896839722
    endloop
  endfacet
  facet normal -0.5141027441932228 0 -0.8577286100002715
    outer loop
      vertex 34.44440334754511 -17 0.4718850855528731
      vertex 34.44440334754511 -5 0.4718850855528731
      vertex 34.680089136887204 -17 0.33062045982460564
    endloop
  endfacet
  facet normal -0.7409511253549657 0 -0.6715589548470113
    outer loop
      vertex 33.83557073058434 -17 1.0236988043417925
      vertex 33.83557073058434 -5 1.0236988043417925
      vertex 34.020101012677664 -17 0.8201010126776667
    endloop
  endfacet
  facet normal -0.5956993044924389 0 -0.8032075314806408
    outer loop
      vertex 34.223698804341794 -17 0.6355707305843366
      vertex 34.223698804341794 -5 0.6355707305843366
      vertex 34.44440334754511 -17 0.4718850855528731
    endloop
  endfacet
  facet normal -0.6715589548470098 -6.179696764659602e-19 -0.7409511253549668
    outer loop
      vertex 34.223698804341794 -17 0.6355707305843366
      vertex 34.020101012677664 -17 0.8201010126776667
      vertex 34.020101012677664 -5 0.8201010126776667
    endloop
  endfacet
  facet normal 0.0490676743274175 0 -0.9987954562051725
    outer loop
      vertex 36 -17 0
      vertex 36 -5 0
      vertex 36.27444799292277 -17 0.013482765317848422
    endloop
  endfacet
  facet normal 0.14673047445536028 0 -0.9891765099647812
    outer loop
      vertex 36.27444799292277 -17 0.013482765317848422
      vertex 36.27444799292277 -5 0.013482765317848422
      vertex 36.54625290164516 -17 0.053801214870954794
    endloop
  endfacet
  facet normal 0.24298017990326629 0 -0.9700312531945434
    outer loop
      vertex 36.54625290164516 -17 0.053801214870954794
      vertex 36.54625290164516 -5 0.053801214870954794
      vertex 36.812797096312494 -17 0.1205670599498152
    endloop
  endfacet
  facet normal 0.33688985339221583 0 -0.9415440651830224
    outer loop
      vertex 36.812797096312494 -17 0.1205670599498152
      vertex 36.812797096312494 -5 0.1205670599498152
      vertex 37.071513610622254 -17 0.21313730896839722
    endloop
  endfacet
  facet normal 0.42755509343028214 0 -0.9039892931234432
    outer loop
      vertex 37.071513610622254 -17 0.21313730896839722
      vertex 37.071513610622254 -5 0.21313730896839722
      vertex 37.319910863112796 -17 0.33062045982460564
    endloop
  endfacet
  facet normal 0.5141027441932228 0 -0.8577286100002715
    outer loop
      vertex 37.319910863112796 -17 0.33062045982460564
      vertex 37.319910863112796 -5 0.33062045982460564
      vertex 37.55559665245489 -17 0.4718850855528731
    endloop
  endfacet
  facet normal 0.5956993044924389 0 -0.8032075314806408
    outer loop
      vertex 37.55559665245489 -17 0.4718850855528731
      vertex 37.55559665245489 -5 0.4718850855528731
      vertex 37.776301195658206 -17 0.6355707305843366
    endloop
  endfacet
  facet normal 0.6715589548470098 0 -0.7409511253549668
    outer loop
      vertex 37.776301195658206 -17 0.6355707305843366
      vertex 37.776301195658206 -5 0.6355707305843366
      vertex 37.979898987322336 -17 0.8201010126776667
    endloop
  endfacet
  facet normal 0.7409511253549657 0 -0.6715589548470113
    outer loop
      vertex 37.979898987322336 -17 0.8201010126776667
      vertex 37.979898987322336 -5 0.8201010126776667
      vertex 38.16442926941566 -17 1.0236988043417925
    endloop
  endfacet
  facet normal 0.8032075314806437 0 -0.5956993044924349
    outer loop
      vertex 38.16442926941566 -17 1.0236988043417925
      vertex 38.16442926941566 -5 1.0236988043417925
      vertex 38.32811491444713 -17 1.2444033475451137
    endloop
  endfacet
  facet normal -0.8032075314806437 4.44950121556912e-19 -0.5956993044924349
    outer loop
      vertex 33.83557073058434 -17 1.0236988043417925
      vertex 33.67188508555287 -17 1.2444033475451137
      vertex 33.67188508555287 -5 1.2444033475451137
    endloop
  endfacet
  facet normal -0.8577286100002697 -6.486184213860901e-19 -0.5141027441932255
    outer loop
      vertex 33.67188508555287 -17 1.2444033475451137
      vertex 33.530620459824604 -17 1.4800891368872064
      vertex 33.530620459824604 -5 1.4800891368872064
    endloop
  endfacet
  facet normal -0.9039892931234426 -1.6906856511499103e-19 -0.42755509343028353
    outer loop
      vertex 33.530620459824604 -17 1.4800891368872064
      vertex 33.413137308968395 -17 1.7284863893777485
      vertex 33.413137308968395 -5 1.7284863893777485
    endloop
  endfacet
  facet normal -0.9415440651830248 -3.5630750213817015e-19 -0.33688985339220895
    outer loop
      vertex 33.413137308968395 -17 1.7284863893777485
      vertex 33.320567059949816 -17 1.9872029036875052
      vertex 33.320567059949816 -5 1.9872029036875052
    endloop
  endfacet
  facet normal -0.9700312531945426 -4.571378987789508e-19 -0.24298017990326973
    outer loop
      vertex 33.320567059949816 -17 1.9872029036875052
      vertex 33.253801214870954 -17 2.253747098354841
      vertex 33.253801214870954 -5 2.253747098354841
    endloop
  endfacet
  facet normal 0.8577286100002697 0 -0.5141027441932255
    outer loop
      vertex 38.32811491444713 -17 1.2444033475451137
      vertex 38.32811491444713 -5 1.2444033475451137
      vertex 38.469379540175396 -17 1.4800891368872064
    endloop
  endfacet
  facet normal 0.9039892931234426 0 -0.42755509343028353
    outer loop
      vertex 38.469379540175396 -17 1.4800891368872064
      vertex 38.469379540175396 -5 1.4800891368872064
      vertex 38.586862691031605 -17 1.7284863893777485
    endloop
  endfacet
  facet normal 0.9415440651830248 0 -0.33688985339220895
    outer loop
      vertex 38.586862691031605 -17 1.7284863893777485
      vertex 38.586862691031605 -5 1.7284863893777485
      vertex 38.679432940050184 -17 1.9872029036875052
    endloop
  endfacet
  facet normal 0.9700312531945426 0 -0.24298017990326973
    outer loop
      vertex 38.679432940050184 -17 1.9872029036875052
      vertex 38.679432940050184 -5 1.9872029036875052
      vertex 38.746198785129046 -17 2.253747098354841
    endloop
  endfacet
  facet normal 0 -1 0
    outer loop
      vertex 33.253801214870954 -17 2.253747098354841
      vertex 38.78651723468215 -17 2.52555200707723
      vertex 33.21348276531785 -17 2.52555200707723
    endloop
  endfacet
  facet normal 0 -1 0
    outer loop
      vertex 33.21348276531785 -17 2.52555200707723
      vertex 38.8 -17 2.8
      vertex 33.2 -17 2.8
    endloop
  endfacet
  facet normal 0 -1 0
    outer loop
      vertex 33.2 -17 2.8
      vertex 38.78651723468215 -17 3.0744479929227695
      vertex 33.21348276531785 -17 3.0744479929227695
    endloop
  endfacet
  facet normal 0 -1 0
    outer loop
      vertex 33.21348276531785 -17 3.0744479929227695
      vertex 38.746198785129046 -17 3.3462529016451588
      vertex 33.253801214870954 -17 3.3462529016451588
    endloop
  endfacet
  facet normal 0 -1 0
    outer loop
      vertex 33.253801214870954 -17 2.253747098354841
      vertex 38.746198785129046 -17 2.253747098354841
      vertex 38.78651723468215 -17 2.52555200707723
    endloop
  endfacet
  facet normal 0 -1 0
    outer loop
      vertex 33.21348276531785 -17 2.52555200707723
      vertex 38.78651723468215 -17 2.52555200707723
      vertex 38.8 -17 2.8
    endloop
  endfacet
  facet normal 0 -1 0
    outer loop
      vertex 33.2 -17 2.8
      vertex 38.8 -17 2.8
      vertex 38.78651723468215 -17 3.0744479929227695
    endloop
  endfacet
  facet normal 0 -1 0
    outer loop
      vertex 33.21348276531785 -17 3.0744479929227695
      vertex 38.78651723468215 -17 3.0744479929227695
      vertex 38.746198785129046 -17 3.3462529016451588
    endloop
  endfacet
  facet normal 0 -1 0
    outer loop
      vertex 33.253801214870954 -17 3.3462529016451588
      vertex 38.679432940050184 -17 3.6127970963124945
      vertex 33.320567059949816 -17 3.6127970963124945
    endloop
  endfacet
  facet normal 0 -1 0
    outer loop
      vertex 33.320567059949816 -17 3.6127970963124945
      vertex 38.586862691031605 -17 3.871513610622251
      vertex 33.413137308968395 -17 3.871513610622251
    endloop
  endfacet
  facet normal 0 -1 0
    outer loop
      vertex 33.413137308968395 -17 3.871513610622251
      vertex 38.469379540175396 -17 4.119910863112793
      vertex 33.530620459824604 -17 4.119910863112793
    endloop
  endfacet
  facet normal 0 -1 0
    outer loop
      vertex 33.530620459824604 -17 4.119910863112793
      vertex 38.32811491444713 -17 4.355596652454886
      vertex 33.67188508555287 -17 4.355596652454886
    endloop
  endfacet
  facet normal 0 -1 0
    outer loop
      vertex 33.253801214870954 -17 3.3462529016451588
      vertex 38.746198785129046 -17 3.3462529016451588
      vertex 38.679432940050184 -17 3.6127970963124945
    endloop
  endfacet
  facet normal 0 -1 0
    outer loop
      vertex 33.320567059949816 -17 3.6127970963124945
      vertex 38.679432940050184 -17 3.6127970963124945
      vertex 38.586862691031605 -17 3.871513610622251
    endloop
  endfacet
  facet normal 0 -1 0
    outer loop
      vertex 33.413137308968395 -17 3.871513610622251
      vertex 38.586862691031605 -17 3.871513610622251
      vertex 38.469379540175396 -17 4.119910863112793
    endloop
  endfacet
  facet normal 0 -1 0
    outer loop
      vertex 33.530620459824604 -17 4.119910863112793
      vertex 38.469379540175396 -17 4.119910863112793
      vertex 38.32811491444713 -17 4.355596652454886
    endloop
  endfacet
  facet normal 0 -1 0
    outer loop
      vertex 33.67188508555287 -17 4.355596652454886
      vertex 38.32811491444713 -17 4.355596652454886
      vertex 38.16442926941566 -17 4.576301195658207
    endloop
  endfacet
  facet normal -0.9891765099647813 1.0534089967753195e-19 -0.14673047445535833
    outer loop
      vertex 33.253801214870954 -17 2.253747098354841
      vertex 33.21348276531785 -17 2.52555200707723
      vertex 33.21348276531785 -5 2.52555200707723
    endloop
  endfacet
  facet normal -0.9987954562051728 5.507869367369785e-20 -0.049067674327408876
    outer loop
      vertex 33.21348276531785 -17 2.52555200707723
      vertex 33.2 -17 2.8
      vertex 33.2 -5 2.8
    endloop
  endfacet
  facet normal -0.9987954562051728 -5.507869367369785e-20 0.049067674327408876
    outer loop
      vertex 33.2 -17 2.8
      vertex 33.21348276531785 -17 3.0744479929227695
      vertex 33.21348276531785 -5 3.0744479929227695
    endloop
  endfacet
  facet normal -0.9891765099647813 -1.0534089967753195e-19 0.14673047445535833
    outer loop
      vertex 33.21348276531785 -17 3.0744479929227695
      vertex 33.253801214870954 -17 3.3462529016451588
      vertex 33.253801214870954 -5 3.3462529016451588
    endloop
  endfacet
  facet normal 0.9891765099647813 0 -0.14673047445535833
    outer loop
      vertex 38.746198785129046 -17 2.253747098354841
      vertex 38.746198785129046 -5 2.253747098354841
      vertex 38.78651723468215 -17 2.52555200707723
    endloop
  endfacet
  facet normal 0.9987954562051728 0 -0.049067674327408876
    outer loop
      vertex 38.78651723468215 -17 2.52555200707723
      vertex 38.78651723468215 -5 2.52555200707723
      vertex 38.8 -17 2.8
    endloop
  endfacet
  facet normal 0.9987954562051728 0 0.049067674327408876
    outer loop
      vertex 38.8 -17 2.8
      vertex 38.8 -5 2.8
      vertex 38.78651723468215 -17 3.0744479929227695
    endloop
  endfacet
  facet normal 0.9891765099647813 0 0.14673047445535833
    outer loop
      vertex 38.78651723468215 -17 3.0744479929227695
      vertex 38.78651723468215 -5 3.0744479929227695
      vertex 38.746198785129046 -17 3.3462529016451588
    endloop
  endfacet
  facet normal -0.9700312531945426 4.571378987789508e-19 0.24298017990326973
    outer loop
      vertex 33.253801214870954 -17 3.3462529016451588
      vertex 33.320567059949816 -17 3.6127970963124945
      vertex 33.320567059949816 -5 3.6127970963124945
    endloop
  endfacet
  facet normal -0.9415440651830248 3.5630750213817015e-19 0.33688985339220895
    outer loop
      vertex 33.320567059949816 -17 3.6127970963124945
      vertex 33.413137308968395 -17 3.871513610622251
      vertex 33.413137308968395 -5 3.871513610622251
    endloop
  endfacet
  facet normal -0.9039892931234423 1.2925009084972867e-19 0.4275550934302842
    outer loop
      vertex 33.413137308968395 -17 3.871513610622251
      vertex 33.530620459824604 -17 4.119910863112793
      vertex 33.530620459824604 -5 4.119910863112793
    endloop
  endfacet
  facet normal -0.8577286100002702 7.34763683831873e-19 0.5141027441932249
    outer loop
      vertex 33.530620459824604 -17 4.119910863112793
      vertex 33.67188508555287 -17 4.355596652454886
      vertex 33.67188508555287 -5 4.355596652454886
    endloop
  endfacet
  facet normal 0.9700312531945426 0 0.24298017990326973
    outer loop
      vertex 38.746198785129046 -17 3.3462529016451588
      vertex 38.746198785129046 -5 3.3462529016451588
      vertex 38.679432940050184 -17 3.6127970963124945
    endloop
  endfacet
  facet normal 0.9415440651830248 0 0.33688985339220895
    outer loop
      vertex 38.679432940050184 -17 3.6127970963124945
      vertex 38.679432940050184 -5 3.6127970963124945
      vertex 38.586862691031605 -17 3.871513610622251
    endloop
  endfacet
  facet normal 0.9039892931234423 0 0.4275550934302842
    outer loop
      vertex 38.586862691031605 -17 3.871513610622251
      vertex 38.586862691031605 -5 3.871513610622251
      vertex 38.469379540175396 -17 4.119910863112793
    endloop
  endfacet
  facet normal 0.8577286100002702 0 0.5141027441932249
    outer loop
      vertex 38.469379540175396 -17 4.119910863112793
      vertex 38.469379540175396 -5 4.119910863112793
      vertex 38.32811491444713 -17 4.355596652454886
    endloop
  endfacet
  facet normal 0.8032075314806435 0 0.5956993044924354
    outer loop
      vertex 38.32811491444713 -17 4.355596652454886
      vertex 38.32811491444713 -5 4.355596652454886
      vertex 38.16442926941566 -17 4.576301195658207
    endloop
  endfacet
  facet normal -0.42755509343028214 0 -0.9039892931234432
    outer loop
      vertex 34.928486389377746 -17 0.21313730896839722
      vertex 34.680089136887204 -5 0.33062045982460564
      vertex 34.928486389377746 -5 0.21313730896839722
    endloop
  endfacet
  facet normal -0.24298017990326629 0 -0.9700312531945434
    outer loop
      vertex 35.45374709835484 -17 0.053801214870954794
      vertex 35.187202903687506 -5 0.1205670599498152
      vertex 35.45374709835484 -5 0.053801214870954794
    endloop
  endfacet
  facet normal -0.14673047445536028 0 -0.9891765099647812
    outer loop
      vertex 35.72555200707723 -17 0.013482765317848422
      vertex 35.45374709835484 -5 0.053801214870954794
      vertex 35.72555200707723 -5 0.013482765317848422
    endloop
  endfacet
  facet normal -0.0490676743274175 0 -0.9987954562051725
    outer loop
      vertex 36 -17 0
      vertex 35.72555200707723 -5 0.013482765317848422
      vertex 36 -5 0
    endloop
  endfacet
  facet normal -0.33688985339221583 0 -0.9415440651830224
    outer loop
      vertex 35.187202903687506 -17 0.1205670599498152
      vertex 34.928486389377746 -5 0.21313730896839722
      vertex 35.187202903687506 -5 0.1205670599498152
    endloop
  endfacet
  facet normal -0.5141027441932228 0 -0.8577286100002715
    outer loop
      vertex 34.680089136887204 -17 0.33062045982460564
      vertex 34.44440334754511 -5 0.4718850855528731
      vertex 34.680089136887204 -5 0.33062045982460564
    endloop
  endfacet
  facet normal -0.5956993044924389 0 -0.8032075314806408
    outer loop
      vertex 34.44440334754511 -17 0.4718850855528731
      vertex 34.223698804341794 -5 0.6355707305843366
      vertex 34.44440334754511 -5 0.4718850855528731
    endloop
  endfacet
  facet normal -0.7409511253549657 0 -0.6715589548470113
    outer loop
      vertex 34.020101012677664 -17 0.8201010126776667
      vertex 33.83557073058434 -5 1.0236988043417925
      vertex 34.020101012677664 -5 0.8201010126776667
    endloop
  endfacet
  facet normal -0.8032075314806437 0 -0.5956993044924349
    outer loop
      vertex 33.83557073058434 -17 1.0236988043417925
      vertex 33.67188508555287 -5 1.2444033475451137
      vertex 33.83557073058434 -5 1.0236988043417925
    endloop
  endfacet
  facet normal -0.6715589548470098 0 -0.7409511253549668
    outer loop
      vertex 34.223698804341794 -17 0.6355707305843366
      vertex 34.020101012677664 -5 0.8201010126776667
      vertex 34.223698804341794 -5 0.6355707305843366
    endloop
  endfacet
  facet normal 0.0490676743274175 0 -0.9987954562051725
    outer loop
      vertex 36.27444799292277 -17 0.013482765317848422
      vertex 36 -5 0
      vertex 36.27444799292277 -5 0.013482765317848422
    endloop
  endfacet
  facet normal 0.14673047445536028 0 -0.9891765099647812
    outer loop
      vertex 36.54625290164516 -17 0.053801214870954794
      vertex 36.27444799292277 -5 0.013482765317848422
      vertex 36.54625290164516 -5 0.053801214870954794
    endloop
  endfacet
  facet normal 0.24298017990326629 0 -0.9700312531945434
    outer loop
      vertex 36.812797096312494 -17 0.1205670599498152
      vertex 36.54625290164516 -5 0.053801214870954794
      vertex 36.812797096312494 -5 0.1205670599498152
    endloop
  endfacet
  facet normal 0.33688985339221583 0 -0.9415440651830224
    outer loop
      vertex 37.071513610622254 -17 0.21313730896839722
      vertex 36.812797096312494 -5 0.1205670599498152
      vertex 37.071513610622254 -5 0.21313730896839722
    endloop
  endfacet
  facet normal 0.42755509343028214 0 -0.9039892931234432
    outer loop
      vertex 37.319910863112796 -17 0.33062045982460564
      vertex 37.071513610622254 -5 0.21313730896839722
      vertex 37.319910863112796 -5 0.33062045982460564
    endloop
  endfacet
  facet normal 0.5141027441932228 0 -0.8577286100002715
    outer loop
      vertex 37.55559665245489 -17 0.4718850855528731
      vertex 37.319910863112796 -5 0.33062045982460564
      vertex 37.55559665245489 -5 0.4718850855528731
    endloop
  endfacet
  facet normal 0.5956993044924389 0 -0.8032075314806408
    outer loop
      vertex 37.776301195658206 -17 0.6355707305843366
      vertex 37.55559665245489 -5 0.4718850855528731
      vertex 37.776301195658206 -5 0.6355707305843366
    endloop
  endfacet
  facet normal 0.6715589548470098 0 -0.7409511253549668
    outer loop
      vertex 37.979898987322336 -17 0.8201010126776667
      vertex 37.776301195658206 -5 0.6355707305843366
      vertex 37.979898987322336 -5 0.8201010126776667
    endloop
  endfacet
  facet normal 0.7409511253549657 0 -0.6715589548470113
    outer loop
      vertex 38.16442926941566 -17 1.0236988043417925
      vertex 37.979898987322336 -5 0.8201010126776667
      vertex 38.16442926941566 -5 1.0236988043417925
    endloop
  endfacet
  facet normal -0.8577286100002697 0 -0.5141027441932255
    outer loop
      vertex 33.67188508555287 -17 1.2444033475451137
      vertex 33.530620459824604 -5 1.4800891368872064
      vertex 33.67188508555287 -5 1.2444033475451137
    endloop
  endfacet
  facet normal -0.9039892931234426 0 -0.42755509343028353
    outer loop
      vertex 33.530620459824604 -17 1.4800891368872064
      vertex 33.413137308968395 -5 1.7284863893777485
      vertex 33.530620459824604 -5 1.4800891368872064
    endloop
  endfacet
  facet normal -0.9415440651830248 0 -0.33688985339220895
    outer loop
      vertex 33.413137308968395 -17 1.7284863893777485
      vertex 33.320567059949816 -5 1.9872029036875052
      vertex 33.413137308968395 -5 1.7284863893777485
    endloop
  endfacet
  facet normal -0.9700312531945426 0 -0.24298017990326973
    outer loop
      vertex 33.320567059949816 -17 1.9872029036875052
      vertex 33.253801214870954 -5 2.253747098354841
      vertex 33.320567059949816 -5 1.9872029036875052
    endloop
  endfacet
  facet normal 0.8032075314806437 0 -0.5956993044924349
    outer loop
      vertex 38.32811491444713 -17 1.2444033475451137
      vertex 38.16442926941566 -5 1.0236988043417925
      vertex 38.32811491444713 -5 1.2444033475451137
    endloop
  endfacet
  facet normal 0.8577286100002697 0 -0.5141027441932255
    outer loop
      vertex 38.469379540175396 -17 1.4800891368872064
      vertex 38.32811491444713 -5 1.2444033475451137
      vertex 38.469379540175396 -5 1.4800891368872064
    endloop
  endfacet
  facet normal 0.9039892931234426 0 -0.42755509343028353
    outer loop
      vertex 38.586862691031605 -17 1.7284863893777485
      vertex 38.469379540175396 -5 1.4800891368872064
      vertex 38.586862691031605 -5 1.7284863893777485
    endloop
  endfacet
  facet normal 0.9415440651830248 0 -0.33688985339220895
    outer loop
      vertex 38.679432940050184 -17 1.9872029036875052
      vertex 38.586862691031605 -5 1.7284863893777485
      vertex 38.679432940050184 -5 1.9872029036875052
    endloop
  endfacet
  facet normal 0.9700312531945426 0 -0.24298017990326973
    outer loop
      vertex 38.746198785129046 -17 2.253747098354841
      vertex 38.679432940050184 -5 1.9872029036875052
      vertex 38.746198785129046 -5 2.253747098354841
    endloop
  endfacet
  facet normal -0.9891765099647813 0 -0.14673047445535833
    outer loop
      vertex 33.253801214870954 -17 2.253747098354841
      vertex 33.21348276531785 -5 2.52555200707723
      vertex 33.253801214870954 -5 2.253747098354841
    endloop
  endfacet
  facet normal -0.9987954562051728 0 -0.049067674327408876
    outer loop
      vertex 33.21348276531785 -17 2.52555200707723
      vertex 33.2 -5 2.8
      vertex 33.21348276531785 -5 2.52555200707723
    endloop
  endfacet
  facet normal -0.9987954562051728 0 0.049067674327408876
    outer loop
      vertex 33.2 -17 2.8
      vertex 33.21348276531785 -5 3.0744479929227695
      vertex 33.2 -5 2.8
    endloop
  endfacet
  facet normal -0.9891765099647813 0 0.14673047445535833
    outer loop
      vertex 33.21348276531785 -17 3.0744479929227695
      vertex 33.253801214870954 -5 3.3462529016451588
      vertex 33.21348276531785 -5 3.0744479929227695
    endloop
  endfacet
  facet normal 0.9891765099647813 0 -0.14673047445535833
    outer loop
      vertex 38.78651723468215 -17 2.52555200707723
      vertex 38.746198785129046 -5 2.253747098354841
      vertex 38.78651723468215 -5 2.52555200707723
    endloop
  endfacet
  facet normal 0.9987954562051728 0 -0.049067674327408876
    outer loop
      vertex 38.8 -17 2.8
      vertex 38.78651723468215 -5 2.52555200707723
      vertex 38.8 -5 2.8
    endloop
  endfacet
  facet normal 0.9987954562051728 0 0.049067674327408876
    outer loop
      vertex 38.78651723468215 -17 3.0744479929227695
      vertex 38.8 -5 2.8
      vertex 38.78651723468215 -5 3.0744479929227695
    endloop
  endfacet
  facet normal 0.9891765099647813 0 0.14673047445535833
    outer loop
      vertex 38.746198785129046 -17 3.3462529016451588
      vertex 38.78651723468215 -5 3.0744479929227695
      vertex 38.746198785129046 -5 3.3462529016451588
    endloop
  endfacet
  facet normal -0.9700312531945426 0 0.24298017990326973
    outer loop
      vertex 33.253801214870954 -17 3.3462529016451588
      vertex 33.320567059949816 -5 3.6127970963124945
      vertex 33.253801214870954 -5 3.3462529016451588
    endloop
  endfacet
  facet normal -0.9415440651830248 0 0.33688985339220895
    outer loop
      vertex 33.320567059949816 -17 3.6127970963124945
      vertex 33.413137308968395 -5 3.871513610622251
      vertex 33.320567059949816 -5 3.6127970963124945
    endloop
  endfacet
  facet normal -0.9039892931234423 0 0.4275550934302842
    outer loop
      vertex 33.413137308968395 -17 3.871513610622251
      vertex 33.530620459824604 -5 4.119910863112793
      vertex 33.413137308968395 -5 3.871513610622251
    endloop
  endfacet
  facet normal -0.8577286100002702 0 0.5141027441932249
    outer loop
      vertex 33.530620459824604 -17 4.119910863112793
      vertex 33.67188508555287 -5 4.355596652454886
      vertex 33.530620459824604 -5 4.119910863112793
    endloop
  endfacet
  facet normal -0.8032075314806435 0 0.5956993044924354
    outer loop
      vertex 33.67188508555287 -17 4.355596652454886
      vertex 33.83557073058434 -5 4.576301195658207
      vertex 33.67188508555287 -5 4.355596652454886
    endloop
  endfacet
  facet normal 0.9700312531945426 0 0.24298017990326973
    outer loop
      vertex 38.679432940050184 -17 3.6127970963124945
      vertex 38.746198785129046 -5 3.3462529016451588
      vertex 38.679432940050184 -5 3.6127970963124945
    endloop
  endfacet
  facet normal 0.9415440651830248 0 0.33688985339220895
    outer loop
      vertex 38.586862691031605 -17 3.871513610622251
      vertex 38.679432940050184 -5 3.6127970963124945
      vertex 38.586862691031605 -5 3.871513610622251
    endloop
  endfacet
  facet normal 0.9039892931234423 0 0.4275550934302842
    outer loop
      vertex 38.469379540175396 -17 4.119910863112793
      vertex 38.586862691031605 -5 3.871513610622251
      vertex 38.469379540175396 -5 4.119910863112793
    endloop
  endfacet
  facet normal 0.8577286100002702 0 0.5141027441932249
    outer loop
      vertex 38.32811491444713 -17 4.355596652454886
      vertex 38.469379540175396 -5 4.119910863112793
      vertex 38.32811491444713 -5 4.355596652454886
    endloop
  endfacet
  facet normal 0 -1 0
    outer loop
      vertex 33.67188508555287 -17 4.355596652454886
      vertex 38.16442926941566 -17 4.576301195658207
      vertex 33.83557073058434 -17 4.576301195658207
    endloop
  endfacet
  facet normal 0 -1 0
    outer loop
      vertex 33.83557073058434 -17 4.576301195658207
      vertex 37.979898987322336 -17 4.779898987322333
      vertex 34.020101012677664 -17 4.779898987322333
    endloop
  endfacet
  facet normal 0 -1 0
    outer loop
      vertex 34.020101012677664 -17 4.779898987322333
      vertex 37.776301195658206 -17 4.964429269415663
      vertex 34.223698804341794 -17 4.964429269415663
    endloop
  endfacet
  facet normal 0 -1 0
    outer loop
      vertex 34.223698804341794 -17 4.964429269415663
      vertex 37.55559665245489 -17 5.128114914447126
      vertex 34.44440334754511 -17 5.128114914447126
    endloop
  endfacet
  facet normal 0 -1 0
    outer loop
      vertex 34.44440334754511 -17 5.128114914447126
      vertex 37.319910863112796 -17 5.269379540175394
      vertex 34.680089136887204 -17 5.269379540175394
    endloop
  endfacet
  facet normal 0 -1 0
    outer loop
      vertex 34.680089136887204 -17 5.269379540175394
      vertex 37.071513610622254 -17 5.386862691031602
      vertex 34.928486389377746 -17 5.386862691031602
    endloop
  endfacet
  facet normal 0 -1 0
    outer loop
      vertex 34.928486389377746 -17 5.386862691031602
      vertex 36.812797096312494 -17 5.479432940050184
      vertex 35.187202903687506 -17 5.479432940050184
    endloop
  endfacet
  facet normal 0 -1 0
    outer loop
      vertex 35.187202903687506 -17 5.479432940050184
      vertex 36.54625290164516 -17 5.546198785129045
      vertex 35.45374709835484 -17 5.546198785129045
    endloop
  endfacet
  facet normal 0 -1 0
    outer loop
      vertex 35.45374709835484 -17 5.546198785129045
      vertex 36.27444799292277 -17 5.586517234682152
      vertex 35.72555200707723 -17 5.586517234682152
    endloop
  endfacet
  facet normal 0 -1 0
    outer loop
      vertex 33.83557073058434 -17 4.576301195658207
      vertex 38.16442926941566 -17 4.576301195658207
      vertex 37.979898987322336 -17 4.779898987322333
    endloop
  endfacet
  facet normal 0 -1 0
    outer loop
      vertex 34.020101012677664 -17 4.779898987322333
      vertex 37.979898987322336 -17 4.779898987322333
      vertex 37.776301195658206 -17 4.964429269415663
    endloop
  endfacet
  facet normal 0 -1 0
    outer loop
      vertex 34.223698804341794 -17 4.964429269415663
      vertex 37.776301195658206 -17 4.964429269415663
      vertex 37.55559665245489 -17 5.128114914447126
    endloop
  endfacet
  facet normal 0 -1 0
    outer loop
      vertex 34.44440334754511 -17 5.128114914447126
      vertex 37.55559665245489 -17 5.128114914447126
      vertex 37.319910863112796 -17 5.269379540175394
    endloop
  endfacet
  facet normal 0 -1 0
    outer loop
      vertex 34.680089136887204 -17 5.269379540175394
      vertex 37.319910863112796 -17 5.269379540175394
      vertex 37.071513610622254 -17 5.386862691031602
    endloop
  endfacet
  facet normal 0 -1 0
    outer loop
      vertex 34.928486389377746 -17 5.386862691031602
      vertex 37.071513610622254 -17 5.386862691031602
      vertex 36.812797096312494 -17 5.479432940050184
    endloop
  endfacet
  facet normal 0 -1 0
    outer loop
      vertex 35.187202903687506 -17 5.479432940050184
      vertex 36.812797096312494 -17 5.479432940050184
      vertex 36.54625290164516 -17 5.546198785129045
    endloop
  endfacet
  facet normal 0 -1 0
    outer loop
      vertex 35.45374709835484 -17 5.546198785129045
      vertex 36.54625290164516 -17 5.546198785129045
      vertex 36.27444799292277 -17 5.586517234682152
    endloop
  endfacet
  facet normal 0 -1 0
    outer loop
      vertex 35.72555200707723 -17 5.586517234682152
      vertex 36.27444799292277 -17 5.586517234682152
      vertex 36 -17 5.6
    endloop
  endfacet
  facet normal -0.8032075314806435 -9.456691861439676e-19 0.5956993044924354
    outer loop
      vertex 33.67188508555287 -17 4.355596652454886
      vertex 33.83557073058434 -17 4.576301195658207
      vertex 33.83557073058434 -5 4.576301195658207
    endloop
  endfacet
  facet normal -0.7409511253549667 -8.368244578906984e-19 0.6715589548470101
    outer loop
      vertex 33.83557073058434 -17 4.576301195658207
      vertex 34.020101012677664 -17 4.779898987322333
      vertex 34.020101012677664 -5 4.779898987322333
    endloop
  endfacet
  facet normal -0.6715589548470089 5.542937482025725e-19 0.7409511253549677
    outer loop
      vertex 34.020101012677664 -17 4.779898987322333
      vertex 34.223698804341794 -17 4.964429269415663
      vertex 34.223698804341794 -5 4.964429269415663
    endloop
  endfacet
  facet normal -0.5956993044924378 9.367692760525527e-19 0.8032075314806415
    outer loop
      vertex 34.223698804341794 -17 4.964429269415663
      vertex 34.44440334754511 -17 5.128114914447126
      vertex 34.44440334754511 -5 5.128114914447126
    endloop
  endfacet
  facet normal -0.514102744193224 2.0939701801865716e-19 0.8577286100002708
    outer loop
      vertex 34.44440334754511 -17 5.128114914447126
      vertex 34.680089136887204 -17 5.269379540175394
      vertex 34.680089136887204 -5 5.269379540175394
    endloop
  endfacet
  facet normal -0.42755509343028214 5.211500379505226e-19 0.9039892931234432
    outer loop
      vertex 34.680089136887204 -17 5.269379540175394
      vertex 34.928486389377746 -17 5.386862691031602
      vertex 34.928486389377746 -5 5.386862691031602
    endloop
  endfacet
  facet normal -0.33688985339221583 -9.967356396715706e-20 0.9415440651830224
    outer loop
      vertex 34.928486389377746 -17 5.386862691031602
      vertex 35.187202903687506 -17 5.479432940050184
      vertex 35.187202903687506 -5 5.479432940050184
    endloop
  endfacet
  facet normal -0.24298017990326629 1.4902956231687598e-19 0.9700312531945434
    outer loop
      vertex 35.187202903687506 -17 5.479432940050184
      vertex 35.45374709835484 -17 5.546198785129045
      vertex 35.45374709835484 -5 5.546198785129045
    endloop
  endfacet
  facet normal -0.14673047445536186 -7.222008402002625e-21 0.9891765099647809
    outer loop
      vertex 35.45374709835484 -17 5.546198785129045
      vertex 35.72555200707723 -17 5.586517234682152
      vertex 35.72555200707723 -5 5.586517234682152
    endloop
  endfacet
  facet normal -0.049067674327415885 9.962264502137921e-21 0.9987954562051725
    outer loop
      vertex 35.72555200707723 -17 5.586517234682152
      vertex 36 -17 5.6
      vertex 36 -5 5.6
    endloop
  endfacet
  facet normal 0.6715589548470089 0 0.7409511253549677
    outer loop
      vertex 37.979898987322336 -17 4.779898987322333
      vertex 37.979898987322336 -5 4.779898987322333
      vertex 37.776301195658206 -17 4.964429269415663
    endloop
  endfacet
  facet normal 0.5956993044924378 -9.367692760525527e-19 0.8032075314806415
    outer loop
      vertex 37.55559665245489 -17 5.128114914447126
      vertex 37.776301195658206 -17 4.964429269415663
      vertex 37.776301195658206 -5 4.964429269415663
    endloop
  endfacet
  facet normal 0.7409511253549667 8.368244578906984e-19 0.6715589548470101
    outer loop
      vertex 37.979898987322336 -17 4.779898987322333
      vertex 38.16442926941566 -17 4.576301195658207
      vertex 38.16442926941566 -5 4.576301195658207
    endloop
  endfacet
  facet normal 0.514102744193224 -2.0939701801865716e-19 0.8577286100002708
    outer loop
      vertex 37.319910863112796 -17 5.269379540175394
      vertex 37.55559665245489 -17 5.128114914447126
      vertex 37.55559665245489 -5 5.128114914447126
    endloop
  endfacet
  facet normal 0.42755509343028214 -5.211500379505226e-19 0.9039892931234432
    outer loop
      vertex 37.071513610622254 -17 5.386862691031602
      vertex 37.319910863112796 -17 5.269379540175394
      vertex 37.319910863112796 -5 5.269379540175394
    endloop
  endfacet
  facet normal 0.33688985339221583 9.967356396715706e-20 0.9415440651830224
    outer loop
      vertex 36.812797096312494 -17 5.479432940050184
      vertex 37.071513610622254 -17 5.386862691031602
      vertex 37.071513610622254 -5 5.386862691031602
    endloop
  endfacet
  facet normal 0.049067674327415885 -9.962264502137921e-21 0.9987954562051725
    outer loop
      vertex 36 -17 5.6
      vertex 36.27444799292277 -17 5.586517234682152
      vertex 36.27444799292277 -5 5.586517234682152
    endloop
  endfacet
  facet normal 0.14673047445536186 7.222008402002625e-21 0.9891765099647809
    outer loop
      vertex 36.27444799292277 -17 5.586517234682152
      vertex 36.54625290164516 -17 5.546198785129045
      vertex 36.54625290164516 -5 5.546198785129045
    endloop
  endfacet
  facet normal 0.24298017990326629 -1.4902956231687598e-19 0.9700312531945434
    outer loop
      vertex 36.54625290164516 -17 5.546198785129045
      vertex 36.812797096312494 -17 5.479432940050184
      vertex 36.812797096312494 -5 5.479432940050184
    endloop
  endfacet
  facet normal -0.7409511253549667 0 0.6715589548470101
    outer loop
      vertex 33.83557073058434 -17 4.576301195658207
      vertex 34.020101012677664 -5 4.779898987322333
      vertex 33.83557073058434 -5 4.576301195658207
    endloop
  endfacet
  facet normal -0.6715589548470089 0 0.7409511253549677
    outer loop
      vertex 34.020101012677664 -17 4.779898987322333
      vertex 34.223698804341794 -5 4.964429269415663
      vertex 34.020101012677664 -5 4.779898987322333
    endloop
  endfacet
  facet normal -0.5956993044924378 0 0.8032075314806415
    outer loop
      vertex 34.223698804341794 -17 4.964429269415663
      vertex 34.44440334754511 -5 5.128114914447126
      vertex 34.223698804341794 -5 4.964429269415663
    endloop
  endfacet
  facet normal -0.514102744193224 0 0.8577286100002708
    outer loop
      vertex 34.44440334754511 -17 5.128114914447126
      vertex 34.680089136887204 -5 5.269379540175394
      vertex 34.44440334754511 -5 5.128114914447126
    endloop
  endfacet
  facet normal -0.42755509343028214 0 0.9039892931234432
    outer loop
      vertex 34.680089136887204 -17 5.269379540175394
      vertex 34.928486389377746 -5 5.386862691031602
      vertex 34.680089136887204 -5 5.269379540175394
    endloop
  endfacet
  facet normal -0.33688985339221583 0 0.9415440651830224
    outer loop
      vertex 34.928486389377746 -17 5.386862691031602
      vertex 35.187202903687506 -5 5.479432940050184
      vertex 34.928486389377746 -5 5.386862691031602
    endloop
  endfacet
  facet normal -0.24298017990326629 0 0.9700312531945434
    outer loop
      vertex 35.187202903687506 -17 5.479432940050184
      vertex 35.45374709835484 -5 5.546198785129045
      vertex 35.187202903687506 -5 5.479432940050184
    endloop
  endfacet
  facet normal -0.14673047445536186 0 0.9891765099647809
    outer loop
      vertex 35.45374709835484 -17 5.546198785129045
      vertex 35.72555200707723 -5 5.586517234682152
      vertex 35.45374709835484 -5 5.546198785129045
    endloop
  endfacet
  facet normal -0.049067674327415885 0 0.9987954562051725
    outer loop
      vertex 35.72555200707723 -17 5.586517234682152
      vertex 36 -5 5.6
      vertex 35.72555200707723 -5 5.586517234682152
    endloop
  endfacet
  facet normal 0.6715589548470089 0 0.7409511253549677
    outer loop
      vertex 37.776301195658206 -17 4.964429269415663
      vertex 37.979898987322336 -5 4.779898987322333
      vertex 37.776301195658206 -5 4.964429269415663
    endloop
  endfacet
  facet normal 0.8032075314806435 0 0.5956993044924354
    outer loop
      vertex 38.16442926941566 -17 4.576301195658207
      vertex 38.32811491444713 -5 4.355596652454886
      vertex 38.16442926941566 -5 4.576301195658207
    endloop
  endfacet
  facet normal 0.7409511253549667 0 0.6715589548470101
    outer loop
      vertex 37.979898987322336 -17 4.779898987322333
      vertex 38.16442926941566 -5 4.576301195658207
      vertex 37.979898987322336 -5 4.779898987322333
    endloop
  endfacet
  facet normal 0.5956993044924378 0 0.8032075314806415
    outer loop
      vertex 37.55559665245489 -17 5.128114914447126
      vertex 37.776301195658206 -5 4.964429269415663
      vertex 37.55559665245489 -5 5.128114914447126
    endloop
  endfacet
  facet normal 0.514102744193224 0 0.8577286100002708
    outer loop
      vertex 37.319910863112796 -17 5.269379540175394
      vertex 37.55559665245489 -5 5.128114914447126
      vertex 37.319910863112796 -5 5.269379540175394
    endloop
  endfacet
  facet normal 0.33688985339221583 0 0.9415440651830224
    outer loop
      vertex 36.812797096312494 -17 5.479432940050184
      vertex 37.071513610622254 -5 5.386862691031602
      vertex 36.812797096312494 -5 5.479432940050184
    endloop
  endfacet
  facet normal 0.049067674327415885 0 0.9987954562051725
    outer loop
      vertex 36 -17 5.6
      vertex 36.27444799292277 -5 5.586517234682152
      vertex 36 -5 5.6
    endloop
  endfacet
  facet normal 0.14673047445536186 0 0.9891765099647809
    outer loop
      vertex 36.27444799292277 -17 5.586517234682152
      vertex 36.54625290164516 -5 5.546198785129045
      vertex 36.27444799292277 -5 5.586517234682152
    endloop
  endfacet
  facet normal 0.24298017990326629 0 0.9700312531945434
    outer loop
      vertex 36.54625290164516 -17 5.546198785129045
      vertex 36.812797096312494 -5 5.479432940050184
      vertex 36.54625290164516 -5 5.546198785129045
    endloop
  endfacet
  facet normal 0.42755509343028214 0 0.9039892931234432
    outer loop
      vertex 37.071513610622254 -17 5.386862691031602
      vertex 37.319910863112796 -5 5.269379540175394
      vertex 37.071513610622254 -5 5.386862691031602
    endloop
  endfacet
endsolid OpenSCAD_Model
