solid OpenSCAD_Model
  facet normal -1.9278712639358348e-19 -0.6715589548470176 -0.7409511253549599
    outer loop
      vertex 0 -1.7763011956582073 0.6355707305843366
      vertex 13 -1.9798989873223332 0.8201010126776667
      vertex 0 -1.9798989873223332 0.8201010126776667
    endloop
  endfacet
  facet normal 0 -0.7409511253549599 -0.6715589548470176
    outer loop
      vertex 0 -2.1644292694156633 1.0236988043417925
      vertex 0 -1.9798989873223332 0.8201010126776667
      vertex 13 -2.1644292694156633 1.0236988043417925
    endloop
  endfacet
  facet normal 6.537133240983231e-19 -0.8032075314806445 -0.5956993044924338
    outer loop
      vertex 0 -2.1644292694156633 1.0236988043417925
      vertex 13 -2.3281149144471267 1.2444033475451137
      vertex 0 -2.3281149144471267 1.2444033475451137
    endloop
  endfacet
  facet normal 0 -0.427555093430281 -0.903989293123444
    outer loop
      vertex 0 -1.3199108631127934 0.33062045982460564
      vertex 0 -1.0715136106222514 0.21313730896839722
      vertex 13 -1.3199108631127934 0.33062045982460564
    endloop
  endfacet
  facet normal 0 -0.3368898533922203 -0.9415440651830207
    outer loop
      vertex 0 -1.0715136106222514 0.21313730896839722
      vertex 0 -0.8127970963124945 0.1205670599498152
      vertex 13 -1.0715136106222514 0.21313730896839722
    endloop
  endfacet
  facet normal 0 -0.514102744193222 -0.8577286100002719
    outer loop
      vertex 0 -1.555596652454886 0.4718850855528731
      vertex 0 -1.3199108631127934 0.33062045982460564
      vertex 13 -1.555596652454886 0.4718850855528731
    endloop
  endfacet
  facet normal 0 -0.5956993044924338 -0.8032075314806445
    outer loop
      vertex 0 -1.7763011956582073 0.6355707305843366
      vertex 0 -1.555596652454886 0.4718850855528731
      vertex 13 -1.7763011956582073 0.6355707305843366
    endloop
  endfacet
  facet normal 0 -0.24298017990326382 -0.9700312531945441
    outer loop
      vertex 0 -0.8127970963124945 0.1205670599498152
      vertex 0 -0.546252901645159 0.053801214870954794
      vertex 13 -0.8127970963124945 0.1205670599498152
    endloop
  endfacet
  facet normal 0 -0.14673047445536305 -0.9891765099647808
    outer loop
      vertex 0 -0.546252901645159 0.053801214870954794
      vertex 0 -0.27444799292276967 0.013482765317848422
      vertex 13 -0.546252901645159 0.053801214870954794
    endloop
  endfacet
  facet normal 0 -0.04906767432741693 -0.9987954562051723
    outer loop
      vertex 0 -0.27444799292276967 0.013482765317848422
      vertex 0 0 0
      vertex 13 -0.27444799292276967 0.013482765317848422
    endloop
  endfacet
  facet normal 0 -0.6715589548470176 -0.7409511253549599
    outer loop
      vertex 0 -1.7763011956582073 0.6355707305843366
      vertex 13 -1.7763011956582073 0.6355707305843366
      vertex 13 -1.9798989873223332 0.8201010126776667
    endloop
  endfacet
  facet normal 0 -0.7409511253549599 -0.6715589548470176
    outer loop
      vertex 0 -1.9798989873223332 0.8201010126776667
      vertex 13 -1.9798989873223332 0.8201010126776667
      vertex 13 -2.1644292694156633 1.0236988043417925
    endloop
  endfacet
  facet normal 0 -0.8032075314806445 -0.5956993044924338
    outer loop
      vertex 0 -2.1644292694156633 1.0236988043417925
      vertex 13 -2.1644292694156633 1.0236988043417925
      vertex 13 -2.3281149144471267 1.2444033475451137
    endloop
  endfacet
  facet normal 0 -0.8577286100002719 -0.514102744193222
    outer loop
      vertex 0 -2.3281149144471267 1.2444033475451137
      vertex 13 -2.3281149144471267 1.2444033475451137
      vertex 13 -2.469379540175394 1.4800891368872064
    endloop
  endfacet
  facet normal 0 -0.3368898533922203 -0.9415440651830207
    outer loop
      vertex 0 -0.8127970963124945 0.1205670599498152
      vertex 13 -0.8127970963124945 0.1205670599498152
      vertex 13 -1.0715136106222514 0.21313730896839722
    endloop
  endfacet
  facet normal 0 -0.427555093430281 -0.903989293123444
    outer loop
      vertex 0 -1.0715136106222514 0.21313730896839722
      vertex 13 -1.0715136106222514 0.21313730896839722
      vertex 13 -1.3199108631127934 0.33062045982460564
    endloop
  endfacet
  facet normal 0 -0.514102744193222 -0.8577286100002719
    outer loop
      vertex 0 -1.3199108631127934 0.33062045982460564
      vertex 13 -1.3199108631127934 0.33062045982460564
      vertex 13 -1.555596652454886 0.4718850855528731
    endloop
  endfacet
  facet normal 0 -0.5956993044924338 -0.8032075314806445
    outer loop
      vertex 0 -1.555596652454886 0.4718850855528731
      vertex 13 -1.555596652454886 0.4718850855528731
      vertex 13 -1.7763011956582073 0.6355707305843366
    endloop
  endfacet
  facet normal 0 -0.24298017990326382 -0.9700312531945441
    outer loop
      vertex 0 -0.546252901645159 0.053801214870954794
      vertex 13 -0.546252901645159 0.053801214870954794
      vertex 13 -0.8127970963124945 0.1205670599498152
    endloop
  endfacet
  facet normal 0 -0.14673047445536305 -0.9891765099647808
    outer loop
      vertex 0 -0.27444799292276967 0.013482765317848422
      vertex 13 -0.27444799292276967 0.013482765317848422
      vertex 13 -0.546252901645159 0.053801214870954794
    endloop
  endfacet
  facet normal 0 -0.04906767432741693 -0.9987954562051723
    outer loop
      vertex 0 0 0
      vertex 13 0 0
      vertex 13 -0.27444799292276967 0.013482765317848422
    endloop
  endfacet
  facet normal -2.5674531152387176e-19 -0.9415440651830207 -0.33688985339222044
    outer loop
      vertex 0 -2.5868626910316026 1.7284863893777485
      vertex 13 -2.6794329400501846 1.9872029036875052
      vertex 0 -2.6794329400501846 1.9872029036875052
    endloop
  endfacet
  facet normal -1.098500400031722e-19 -0.8577286100002719 -0.514102744193222
    outer loop
      vertex 0 -2.3281149144471267 1.2444033475451137
      vertex 13 -2.469379540175394 1.4800891368872064
      vertex 0 -2.469379540175394 1.4800891368872064
    endloop
  endfacet
  facet normal 4.166826889799804e-19 -0.903989293123444 -0.427555093430281
    outer loop
      vertex 0 -2.469379540175394 1.4800891368872064
      vertex 13 -2.5868626910316026 1.7284863893777485
      vertex 0 -2.5868626910316026 1.7284863893777485
    endloop
  endfacet
  facet normal -1 0 0
    outer loop
      vertex 0 -2.6794329400501846 1.9872029036875052
      vertex 0 -2.746198785129045 2.253747098354841
      vertex 0 -2.6794329400501846 3.6127970963124945
    endloop
  endfacet
  facet normal -1 0 0
    outer loop
      vertex 0 -2.746198785129045 2.253747098354841
      vertex 0 -2.7865172346821514 2.52555200707723
      vertex 0 -2.746198785129045 3.3462529016451588
    endloop
  endfacet
  facet normal -1 0 0
    outer loop
      vertex 0 -2.7865172346821514 2.52555200707723
      vertex 0 -2.8 2.8
      vertex 0 -2.7865172346821514 3.0744479929227695
    endloop
  endfacet
  facet normal -1 0 0
    outer loop
      vertex 0 -2.469379540175394 1.4800891368872064
      vertex 0 -2.5868626910316026 1.7284863893777485
      vertex 0 -2.469379540175394 4.119910863112793
    endloop
  endfacet
  facet normal -1 0 0
    outer loop
      vertex 0 -2.3281149144471267 1.2444033475451137
      vertex 0 -2.469379540175394 1.4800891368872064
      vertex 0 -2.3281149144471267 4.355596652454886
    endloop
  endfacet
  facet normal -1 0 0
    outer loop
      vertex 0 -2.1644292694156633 1.0236988043417925
      vertex 0 -2.3281149144471267 1.2444033475451137
      vertex 0 -2.1644292694156633 4.576301195658207
    endloop
  endfacet
  facet normal -1 0 0
    outer loop
      vertex 0 -2.1644292694156633 1.0236988043417925
      vertex 0 -1.9798989873223332 4.779898987322333
      vertex 0 -1.9798989873223332 0.8201010126776667
    endloop
  endfacet
  facet normal -1 0 0
    outer loop
      vertex 0 -1.7763011956582073 0.6355707305843366
      vertex 0 -1.9798989873223332 0.8201010126776667
      vertex 0 -1.7763011956582073 4.964429269415663
    endloop
  endfacet
  facet normal -1 0 0
    outer loop
      vertex 0 -2.5868626910316026 1.7284863893777485
      vertex 0 -2.6794329400501846 1.9872029036875052
      vertex 0 -2.5868626910316026 3.871513610622251
    endloop
  endfacet
  facet normal 3.512616965363717e-20 -0.9700312531945441 -0.24298017990326362
    outer loop
      vertex 0 -2.6794329400501846 1.9872029036875052
      vertex 13 -2.746198785129045 2.253747098354841
      vertex 0 -2.746198785129045 2.253747098354841
    endloop
  endfacet
  facet normal 2.205046680660841e-19 -0.9891765099647808 -0.14673047445536308
    outer loop
      vertex 0 -2.746198785129045 2.253747098354841
      vertex 13 -2.7865172346821514 2.52555200707723
      vertex 0 -2.7865172346821514 2.52555200707723
    endloop
  endfacet
  facet normal 2.975060537400741e-20 -0.9987954562051723 -0.04906767432741693
    outer loop
      vertex 0 -2.7865172346821514 2.52555200707723
      vertex 13 -2.8 2.8
      vertex 0 -2.8 2.8
    endloop
  endfacet
  facet normal -1 0 0
    outer loop
      vertex 0 -1.7763011956582073 0.6355707305843366
      vertex 0 -1.555596652454886 5.128114914447126
      vertex 0 -1.555596652454886 0.4718850855528731
    endloop
  endfacet
  facet normal -1 0 0
    outer loop
      vertex 0 -1.555596652454886 0.4718850855528731
      vertex 0 -1.3199108631127934 5.269379540175394
      vertex 0 -1.3199108631127934 0.33062045982460564
    endloop
  endfacet
  facet normal -1 0 0
    outer loop
      vertex 0 -1.3199108631127934 0.33062045982460564
      vertex 0 -1.0715136106222514 5.386862691031602
      vertex 0 -1.0715136106222514 0.21313730896839722
    endloop
  endfacet
  facet normal -1 0 0
    outer loop
      vertex 0 -1.0715136106222514 0.21313730896839722
      vertex 0 -0.8127970963124945 5.479432940050184
      vertex 0 -0.8127970963124945 0.1205670599498152
    endloop
  endfacet
  facet normal -1 0 0
    outer loop
      vertex 0 -0.8127970963124945 0.1205670599498152
      vertex 0 -0.546252901645159 5.546198785129045
      vertex 0 -0.546252901645159 0.053801214870954794
    endloop
  endfacet
  facet normal -1 0 0
    outer loop
      vertex 0 -0.546252901645159 0.053801214870954794
      vertex 0 -0.27444799292276967 5.586517234682152
      vertex 0 -0.27444799292276967 0.013482765317848422
    endloop
  endfacet
  facet normal -1 0 0
    outer loop
      vertex 0 -0.27444799292276967 0.013482765317848422
      vertex 0 0 5.6
      vertex 0 0 0
    endloop
  endfacet
  facet normal 0 -0.9700312531945441 -0.24298017990326362
    outer loop
      vertex 0 -2.6794329400501846 1.9872029036875052
      vertex 13 -2.6794329400501846 1.9872029036875052
      vertex 13 -2.746198785129045 2.253747098354841
    endloop
  endfacet
  facet normal 0 -0.903989293123444 -0.427555093430281
    outer loop
      vertex 0 -2.469379540175394 1.4800891368872064
      vertex 13 -2.469379540175394 1.4800891368872064
      vertex 13 -2.5868626910316026 1.7284863893777485
    endloop
  endfacet
  facet normal 0 -0.9415440651830207 -0.33688985339222044
    outer loop
      vertex 0 -2.5868626910316026 1.7284863893777485
      vertex 13 -2.5868626910316026 1.7284863893777485
      vertex 13 -2.6794329400501846 1.9872029036875052
    endloop
  endfacet
  facet normal 0 -0.9891765099647808 -0.14673047445536308
    outer loop
      vertex 0 -2.746198785129045 2.253747098354841
      vertex 13 -2.746198785129045 2.253747098354841
      vertex 13 -2.7865172346821514 2.52555200707723
    endloop
  endfacet
  facet normal 0 -0.9987954562051723 -0.04906767432741693
    outer loop
      vertex 0 -2.7865172346821514 2.52555200707723
      vertex 13 -2.7865172346821514 2.52555200707723
      vertex 13 -2.8 2.8
    endloop
  endfacet
  facet normal -1 0 0
    outer loop
      vertex 0 -2.7865172346821514 2.52555200707723
      vertex 0 -2.7865172346821514 3.0744479929227695
      vertex 0 -2.746198785129045 3.3462529016451588
    endloop
  endfacet
  facet normal -1 0 0
    outer loop
      vertex 0 -2.746198785129045 2.253747098354841
      vertex 0 -2.746198785129045 3.3462529016451588
      vertex 0 -2.6794329400501846 3.6127970963124945
    endloop
  endfacet
  facet normal -1 0 0
    outer loop
      vertex 0 -2.6794329400501846 1.9872029036875052
      vertex 0 -2.6794329400501846 3.6127970963124945
      vertex 0 -2.5868626910316026 3.871513610622251
    endloop
  endfacet
  facet normal -1 0 0
    outer loop
      vertex 0 -2.5868626910316026 1.7284863893777485
      vertex 0 -2.5868626910316026 3.871513610622251
      vertex 0 -2.469379540175394 4.119910863112793
    endloop
  endfacet
  facet normal -1 0 0
    outer loop
      vertex 0 -2.469379540175394 1.4800891368872064
      vertex 0 -2.469379540175394 4.119910863112793
      vertex 0 -2.3281149144471267 4.355596652454886
    endloop
  endfacet
  facet normal -1 0 0
    outer loop
      vertex 0 -2.3281149144471267 1.2444033475451137
      vertex 0 -2.3281149144471267 4.355596652454886
      vertex 0 -2.1644292694156633 4.576301195658207
    endloop
  endfacet
  facet normal -1 0 0
    outer loop
      vertex 0 -2.1644292694156633 1.0236988043417925
      vertex 0 -2.1644292694156633 4.576301195658207
      vertex 0 -1.9798989873223332 4.779898987322333
    endloop
  endfacet
  facet normal -2.975060537400741e-20 -0.9987954562051723 0.04906767432741693
    outer loop
      vertex 0 -2.8 2.8
      vertex 13 -2.7865172346821514 3.0744479929227695
      vertex 0 -2.7865172346821514 3.0744479929227695
    endloop
  endfacet
  facet normal -2.205046680660841e-19 -0.9891765099647808 0.14673047445536308
    outer loop
      vertex 0 -2.7865172346821514 3.0744479929227695
      vertex 13 -2.746198785129045 3.3462529016451588
      vertex 0 -2.746198785129045 3.3462529016451588
    endloop
  endfacet
  facet normal -1 0 0
    outer loop
      vertex 0 -1.9798989873223332 0.8201010126776667
      vertex 0 -1.9798989873223332 4.779898987322333
      vertex 0 -1.7763011956582073 4.964429269415663
    endloop
  endfacet
  facet normal -3.512616965363717e-20 -0.9700312531945441 0.24298017990326362
    outer loop
      vertex 0 -2.746198785129045 3.3462529016451588
      vertex 13 -2.6794329400501846 3.6127970963124945
      vertex 0 -2.6794329400501846 3.6127970963124945
    endloop
  endfacet
  facet normal 2.5674531152387176e-19 -0.9415440651830207 0.33688985339222044
    outer loop
      vertex 0 -2.6794329400501846 3.6127970963124945
      vertex 13 -2.5868626910316026 3.871513610622251
      vertex 0 -2.5868626910316026 3.871513610622251
    endloop
  endfacet
  facet normal -4.534382036862668e-19 -0.9039892931234436 0.42755509343028153
    outer loop
      vertex 0 -2.5868626910316026 3.871513610622251
      vertex 13 -2.469379540175394 4.119910863112793
      vertex 0 -2.469379540175394 4.119910863112793
    endloop
  endfacet
  facet normal -1 0 0
    outer loop
      vertex 0 -1.7763011956582073 0.6355707305843366
      vertex 0 -1.7763011956582073 4.964429269415663
      vertex 0 -1.555596652454886 5.128114914447126
    endloop
  endfacet
  facet normal -1 0 0
    outer loop
      vertex 0 -1.555596652454886 0.4718850855528731
      vertex 0 -1.555596652454886 5.128114914447126
      vertex 0 -1.3199108631127934 5.269379540175394
    endloop
  endfacet
  facet normal -1 0 0
    outer loop
      vertex 0 -1.3199108631127934 0.33062045982460564
      vertex 0 -1.3199108631127934 5.269379540175394
      vertex 0 -1.0715136106222514 5.386862691031602
    endloop
  endfacet
  facet normal -1 0 0
    outer loop
      vertex 0 -1.0715136106222514 0.21313730896839722
      vertex 0 -1.0715136106222514 5.386862691031602
      vertex 0 -0.8127970963124945 5.479432940050184
    endloop
  endfacet
  facet normal -1 0 0
    outer loop
      vertex 0 -0.8127970963124945 0.1205670599498152
      vertex 0 -0.8127970963124945 5.479432940050184
      vertex 0 -0.546252901645159 5.546198785129045
    endloop
  endfacet
  facet normal -1 0 0
    outer loop
      vertex 0 -0.546252901645159 0.053801214870954794
      vertex 0 -0.546252901645159 5.546198785129045
      vertex 0 -0.27444799292276967 5.586517234682152
    endloop
  endfacet
  facet normal -1 0 0
    outer loop
      vertex 0 -0.27444799292276967 0.013482765317848422
      vertex 0 -0.27444799292276967 5.586517234682152
      vertex 0 0 5.6
    endloop
  endfacet
  facet normal 0 -0.9987954562051723 0.04906767432741693
    outer loop
      vertex 0 -2.8 2.8
      vertex 13 -2.8 2.8
      vertex 13 -2.7865172346821514 3.0744479929227695
    endloop
  endfacet
  facet normal 0 -0.9891765099647808 0.14673047445536308
    outer loop
      vertex 0 -2.7865172346821514 3.0744479929227695
      vertex 13 -2.7865172346821514 3.0744479929227695
      vertex 13 -2.746198785129045 3.3462529016451588
    endloop
  endfacet
  facet normal 0 -0.9700312531945441 0.24298017990326362
    outer loop
      vertex 0 -2.746198785129045 3.3462529016451588
      vertex 13 -2.746198785129045 3.3462529016451588
      vertex 13 -2.6794329400501846 3.6127970963124945
    endloop
  endfacet
  facet normal 0 -0.9415440651830207 0.33688985339222044
    outer loop
      vertex 0 -2.6794329400501846 3.6127970963124945
      vertex 13 -2.6794329400501846 3.6127970963124945
      vertex 13 -2.5868626910316026 3.871513610622251
    endloop
  endfacet
  facet normal 0 -0.9039892931234436 0.42755509343028153
    outer loop
      vertex 0 -2.5868626910316026 3.871513610622251
      vertex 13 -2.5868626910316026 3.871513610622251
      vertex 13 -2.469379540175394 4.119910863112793
    endloop
  endfacet
  facet normal 0 -0.8577286100002723 0.5141027441932213
    outer loop
      vertex 0 -2.469379540175394 4.119910863112793
      vertex 13 -2.469379540175394 4.119910863112793
      vertex 13 -2.3281149144471267 4.355596652454886
    endloop
  endfacet
  facet normal 1.8936874379911475e-19 -0.8577286100002723 0.5141027441932213
    outer loop
      vertex 0 -2.469379540175394 4.119910863112793
      vertex 13 -2.3281149144471267 4.355596652454886
      vertex 0 -2.3281149144471267 4.355596652454886
    endloop
  endfacet
  facet normal 8.265950462074093e-19 -0.8032075314806442 0.5956993044924342
    outer loop
      vertex 0 -2.3281149144471267 4.355596652454886
      vertex 13 -2.1644292694156633 4.576301195658207
      vertex 0 -2.1644292694156633 4.576301195658207
    endloop
  endfacet
  facet normal -3.6100888620029446e-19 -0.740951125354961 0.6715589548470162
    outer loop
      vertex 0 -2.1644292694156633 4.576301195658207
      vertex 13 -1.9798989873223332 4.779898987322333
      vertex 0 -1.9798989873223332 4.779898987322333
    endloop
  endfacet
  facet normal 1.3400934645867208e-19 -0.6715589548470167 0.7409511253549608
    outer loop
      vertex 0 -1.9798989873223332 4.779898987322333
      vertex 13 -1.7763011956582073 4.964429269415663
      vertex 0 -1.7763011956582073 4.964429269415663
    endloop
  endfacet
  facet normal -8.967034590671894e-19 -0.5956993044924328 0.8032075314806453
    outer loop
      vertex 0 -1.7763011956582073 4.964429269415663
      vertex 13 -1.555596652454886 5.128114914447126
      vertex 0 -1.555596652454886 5.128114914447126
    endloop
  endfacet
  facet normal 2.7280825889014277e-19 -0.5141027441932232 0.8577286100002711
    outer loop
      vertex 0 -1.555596652454886 5.128114914447126
      vertex 13 -1.3199108631127934 5.269379540175394
      vertex 0 -1.3199108631127934 5.269379540175394
    endloop
  endfacet
  facet normal -4.166826889799804e-19 -0.427555093430281 0.903989293123444
    outer loop
      vertex 0 -1.3199108631127934 5.269379540175394
      vertex 13 -1.0715136106222514 5.386862691031602
      vertex 0 -1.0715136106222514 5.386862691031602
    endloop
  endfacet
  facet normal 2.200784512419793e-19 -0.3368898533922203 0.9415440651830207
    outer loop
      vertex 0 -1.0715136106222514 5.386862691031602
      vertex 13 -0.8127970963124945 5.479432940050184
      vertex 0 -0.8127970963124945 5.479432940050184
    endloop
  endfacet
  facet normal -3.002925445148345e-19 -0.24298017990326382 0.9700312531945441
    outer loop
      vertex 0 -0.8127970963124945 5.479432940050184
      vertex 13 -0.546252901645159 5.546198785129045
      vertex 0 -0.546252901645159 5.546198785129045
    endloop
  endfacet
  facet normal -1.4162057378803062e-19 -0.1467304744553646 0.9891765099647806
    outer loop
      vertex 0 -0.546252901645159 5.546198785129045
      vertex 13 -0.27444799292276967 5.586517234682152
      vertex 0 -0.27444799292276967 5.586517234682152
    endloop
  endfacet
  facet normal -3.396885851588861e-20 -0.04906767432741533 0.9987954562051726
    outer loop
      vertex 0 -0.27444799292276967 5.586517234682152
      vertex 13 0 5.6
      vertex 0 0 5.6
    endloop
  endfacet
  facet normal 0 -0.8032075314806442 0.5956993044924342
    outer loop
      vertex 0 -2.3281149144471267 4.355596652454886
      vertex 13 -2.3281149144471267 4.355596652454886
      vertex 13 -2.1644292694156633 4.576301195658207
    endloop
  endfacet
  facet normal 0 -0.740951125354961 0.6715589548470162
    outer loop
      vertex 0 -2.1644292694156633 4.576301195658207
      vertex 13 -2.1644292694156633 4.576301195658207
      vertex 13 -1.9798989873223332 4.779898987322333
    endloop
  endfacet
  facet normal 0 -0.6715589548470167 0.7409511253549608
    outer loop
      vertex 0 -1.9798989873223332 4.779898987322333
      vertex 13 -1.9798989873223332 4.779898987322333
      vertex 13 -1.7763011956582073 4.964429269415663
    endloop
  endfacet
  facet normal 0 -0.5956993044924328 0.8032075314806453
    outer loop
      vertex 0 -1.7763011956582073 4.964429269415663
      vertex 13 -1.7763011956582073 4.964429269415663
      vertex 13 -1.555596652454886 5.128114914447126
    endloop
  endfacet
  facet normal 0 -0.5141027441932232 0.8577286100002711
    outer loop
      vertex 0 -1.555596652454886 5.128114914447126
      vertex 13 -1.555596652454886 5.128114914447126
      vertex 13 -1.3199108631127934 5.269379540175394
    endloop
  endfacet
  facet normal 0 -0.427555093430281 0.903989293123444
    outer loop
      vertex 0 -1.3199108631127934 5.269379540175394
      vertex 13 -1.3199108631127934 5.269379540175394
      vertex 13 -1.0715136106222514 5.386862691031602
    endloop
  endfacet
  facet normal 0 -0.3368898533922203 0.9415440651830207
    outer loop
      vertex 0 -1.0715136106222514 5.386862691031602
      vertex 13 -1.0715136106222514 5.386862691031602
      vertex 13 -0.8127970963124945 5.479432940050184
    endloop
  endfacet
  facet normal 0 -0.24298017990326382 0.9700312531945441
    outer loop
      vertex 0 -0.8127970963124945 5.479432940050184
      vertex 13 -0.8127970963124945 5.479432940050184
      vertex 13 -0.546252901645159 5.546198785129045
    endloop
  endfacet
  facet normal 0 -0.1467304744553646 0.9891765099647806
    outer loop
      vertex 0 -0.546252901645159 5.546198785129045
      vertex 13 -0.546252901645159 5.546198785129045
      vertex 13 -0.27444799292276967 5.586517234682152
    endloop
  endfacet
  facet normal 0 -0.04906767432741533 0.9987954562051726
    outer loop
      vertex 0 -0.27444799292276967 5.586517234682152
      vertex 13 -0.27444799292276967 5.586517234682152
      vertex 13 0 5.6
    endloop
  endfacet
  facet normal 0 0.04906767432741693 -0.9987954562051723
    outer loop
      vertex 0 0 0
      vertex 0 0.27444799292276967 0.013482765317848422
      vertex 13 0 0
    endloop
  endfacet
  facet normal 0 0.14673047445536305 -0.9891765099647808
    outer loop
      vertex 0 0.27444799292276967 0.013482765317848422
      vertex 0 0.546252901645159 0.053801214870954794
      vertex 13 0.27444799292276967 0.013482765317848422
    endloop
  endfacet
  facet normal 0 0.24298017990326382 -0.9700312531945441
    outer loop
      vertex 0 0.546252901645159 0.053801214870954794
      vertex 0 0.8127970963124945 0.1205670599498152
      vertex 13 0.546252901645159 0.053801214870954794
    endloop
  endfacet
  facet normal 0 0.3368898533922203 -0.9415440651830207
    outer loop
      vertex 0 0.8127970963124945 0.1205670599498152
      vertex 0 1.0715136106222514 0.21313730896839722
      vertex 13 0.8127970963124945 0.1205670599498152
    endloop
  endfacet
  facet normal 0 0.427555093430281 -0.903989293123444
    outer loop
      vertex 0 1.0715136106222514 0.21313730896839722
      vertex 0 1.3199108631127934 0.33062045982460564
      vertex 13 1.0715136106222514 0.21313730896839722
    endloop
  endfacet
  facet normal 0 0.514102744193222 -0.8577286100002719
    outer loop
      vertex 0 1.3199108631127934 0.33062045982460564
      vertex 0 1.555596652454886 0.4718850855528731
      vertex 13 1.3199108631127934 0.33062045982460564
    endloop
  endfacet
  facet normal 0 0.5956993044924338 -0.8032075314806445
    outer loop
      vertex 0 1.555596652454886 0.4718850855528731
      vertex 0 1.7763011956582073 0.6355707305843366
      vertex 13 1.555596652454886 0.4718850855528731
    endloop
  endfacet
  facet normal 0 0.6715589548470176 -0.7409511253549599
    outer loop
      vertex 0 1.7763011956582073 0.6355707305843366
      vertex 0 1.9798989873223332 0.8201010126776667
      vertex 13 1.7763011956582073 0.6355707305843366
    endloop
  endfacet
  facet normal 0 0.7409511253549599 -0.6715589548470176
    outer loop
      vertex 0 1.9798989873223332 0.8201010126776667
      vertex 0 2.1644292694156633 1.0236988043417925
      vertex 13 1.9798989873223332 0.8201010126776667
    endloop
  endfacet
  facet normal 0 0.8032075314806445 -0.5956993044924338
    outer loop
      vertex 0 2.1644292694156633 1.0236988043417925
      vertex 0 2.3281149144471267 1.2444033475451137
      vertex 13 2.1644292694156633 1.0236988043417925
    endloop
  endfacet
  facet normal 0 0.8577286100002719 -0.514102744193222
    outer loop
      vertex 0 2.3281149144471267 1.2444033475451137
      vertex 0 2.469379540175394 1.4800891368872064
      vertex 13 2.3281149144471267 1.2444033475451137
    endloop
  endfacet
  facet normal 0 0.04906767432741693 -0.9987954562051723
    outer loop
      vertex 0 0.27444799292276967 0.013482765317848422
      vertex 13 0.27444799292276967 0.013482765317848422
      vertex 13 0 0
    endloop
  endfacet
  facet normal 0 0.14673047445536305 -0.9891765099647808
    outer loop
      vertex 0 0.546252901645159 0.053801214870954794
      vertex 13 0.546252901645159 0.053801214870954794
      vertex 13 0.27444799292276967 0.013482765317848422
    endloop
  endfacet
  facet normal 0 0.24298017990326382 -0.9700312531945441
    outer loop
      vertex 0 0.8127970963124945 0.1205670599498152
      vertex 13 0.8127970963124945 0.1205670599498152
      vertex 13 0.546252901645159 0.053801214870954794
    endloop
  endfacet
  facet normal 0 0.3368898533922203 -0.9415440651830207
    outer loop
      vertex 0 1.0715136106222514 0.21313730896839722
      vertex 13 1.0715136106222514 0.21313730896839722
      vertex 13 0.8127970963124945 0.1205670599498152
    endloop
  endfacet
  facet normal 0 0.427555093430281 -0.903989293123444
    outer loop
      vertex 0 1.3199108631127934 0.33062045982460564
      vertex 13 1.3199108631127934 0.33062045982460564
      vertex 13 1.0715136106222514 0.21313730896839722
    endloop
  endfacet
  facet normal 0 0.514102744193222 -0.8577286100002719
    outer loop
      vertex 0 1.555596652454886 0.4718850855528731
      vertex 13 1.555596652454886 0.4718850855528731
      vertex 13 1.3199108631127934 0.33062045982460564
    endloop
  endfacet
  facet normal 0 0.5956993044924338 -0.8032075314806445
    outer loop
      vertex 0 1.7763011956582073 0.6355707305843366
      vertex 13 1.7763011956582073 0.6355707305843366
      vertex 13 1.555596652454886 0.4718850855528731
    endloop
  endfacet
  facet normal 0 0.6715589548470176 -0.7409511253549599
    outer loop
      vertex 0 1.9798989873223332 0.8201010126776667
      vertex 13 1.9798989873223332 0.8201010126776667
      vertex 13 1.7763011956582073 0.6355707305843366
    endloop
  endfacet
  facet normal 0 0.7409511253549599 -0.6715589548470176
    outer loop
      vertex 0 2.1644292694156633 1.0236988043417925
      vertex 13 2.1644292694156633 1.0236988043417925
      vertex 13 1.9798989873223332 0.8201010126776667
    endloop
  endfacet
  facet normal 0 0.8032075314806445 -0.5956993044924338
    outer loop
      vertex 0 2.3281149144471267 1.2444033475451137
      vertex 13 2.3281149144471267 1.2444033475451137
      vertex 13 2.1644292694156633 1.0236988043417925
    endloop
  endfacet
  facet normal -1 0 0
    outer loop
      vertex 0 0 0
      vertex 0 0.27444799292276967 5.586517234682152
      vertex 0 0.27444799292276967 0.013482765317848422
    endloop
  endfacet
  facet normal -1 0 0
    outer loop
      vertex 0 0.27444799292276967 0.013482765317848422
      vertex 0 0.546252901645159 5.546198785129045
      vertex 0 0.546252901645159 0.053801214870954794
    endloop
  endfacet
  facet normal -1 0 0
    outer loop
      vertex 0 0.546252901645159 0.053801214870954794
      vertex 0 0.8127970963124945 5.479432940050184
      vertex 0 0.8127970963124945 0.1205670599498152
    endloop
  endfacet
  facet normal -1 0 0
    outer loop
      vertex 0 0.8127970963124945 0.1205670599498152
      vertex 0 1.0715136106222514 5.386862691031602
      vertex 0 1.0715136106222514 0.21313730896839722
    endloop
  endfacet
  facet normal -1 0 0
    outer loop
      vertex 0 1.0715136106222514 0.21313730896839722
      vertex 0 1.3199108631127934 5.269379540175394
      vertex 0 1.3199108631127934 0.33062045982460564
    endloop
  endfacet
  facet normal -1 0 0
    outer loop
      vertex 0 1.3199108631127934 0.33062045982460564
      vertex 0 1.555596652454886 5.128114914447126
      vertex 0 1.555596652454886 0.4718850855528731
    endloop
  endfacet
  facet normal -1 0 0
    outer loop
      vertex 0 1.555596652454886 0.4718850855528731
      vertex 0 1.7763011956582073 4.964429269415663
      vertex 0 1.7763011956582073 0.6355707305843366
    endloop
  endfacet
  facet normal -1 0 0
    outer loop
      vertex 0 1.7763011956582073 0.6355707305843366
      vertex 0 1.9798989873223332 4.779898987322333
      vertex 0 1.9798989873223332 0.8201010126776667
    endloop
  endfacet
  facet normal 0 0.903989293123444 -0.427555093430281
    outer loop
      vertex 0 2.469379540175394 1.4800891368872064
      vertex 0 2.5868626910316026 1.7284863893777485
      vertex 13 2.469379540175394 1.4800891368872064
    endloop
  endfacet
  facet normal 0 0.9415440651830207 -0.33688985339222044
    outer loop
      vertex 0 2.5868626910316026 1.7284863893777485
      vertex 0 2.6794329400501846 1.9872029036875052
      vertex 13 2.5868626910316026 1.7284863893777485
    endloop
  endfacet
  facet normal 0 0.9700312531945441 -0.24298017990326362
    outer loop
      vertex 0 2.6794329400501846 1.9872029036875052
      vertex 0 2.746198785129045 2.253747098354841
      vertex 13 2.6794329400501846 1.9872029036875052
    endloop
  endfacet
  facet normal -1 0 0
    outer loop
      vertex 0 1.9798989873223332 0.8201010126776667
      vertex 0 2.1644292694156633 4.576301195658207
      vertex 0 2.1644292694156633 1.0236988043417925
    endloop
  endfacet
  facet normal -1 0 0
    outer loop
      vertex 0 2.1644292694156633 1.0236988043417925
      vertex 0 2.3281149144471267 4.355596652454886
      vertex 0 2.3281149144471267 1.2444033475451137
    endloop
  endfacet
  facet normal -1 0 0
    outer loop
      vertex 0 2.3281149144471267 1.2444033475451137
      vertex 0 2.469379540175394 4.119910863112793
      vertex 0 2.469379540175394 1.4800891368872064
    endloop
  endfacet
  facet normal -1 0 0
    outer loop
      vertex 0 2.469379540175394 1.4800891368872064
      vertex 0 2.5868626910316026 3.871513610622251
      vertex 0 2.5868626910316026 1.7284863893777485
    endloop
  endfacet
  facet normal -1 0 0
    outer loop
      vertex 0 2.5868626910316026 1.7284863893777485
      vertex 0 2.6794329400501846 3.6127970963124945
      vertex 0 2.6794329400501846 1.9872029036875052
    endloop
  endfacet
  facet normal -1 0 0
    outer loop
      vertex 0 2.6794329400501846 1.9872029036875052
      vertex 0 2.746198785129045 3.3462529016451588
      vertex 0 2.746198785129045 2.253747098354841
    endloop
  endfacet
  facet normal -1 0 0
    outer loop
      vertex 0 2.746198785129045 2.253747098354841
      vertex 0 2.7865172346821514 3.0744479929227695
      vertex 0 2.7865172346821514 2.52555200707723
    endloop
  endfacet
  facet normal -1 0 0
    outer loop
      vertex 0 2.7865172346821514 2.52555200707723
      vertex 0 2.7865172346821514 3.0744479929227695
      vertex 0 2.8 2.8
    endloop
  endfacet
  facet normal 0 0.9891765099647808 -0.14673047445536308
    outer loop
      vertex 0 2.746198785129045 2.253747098354841
      vertex 0 2.7865172346821514 2.52555200707723
      vertex 13 2.746198785129045 2.253747098354841
    endloop
  endfacet
  facet normal 0 0.9987954562051723 -0.04906767432741693
    outer loop
      vertex 0 2.7865172346821514 2.52555200707723
      vertex 0 2.8 2.8
      vertex 13 2.7865172346821514 2.52555200707723
    endloop
  endfacet
  facet normal 0 0.8577286100002719 -0.514102744193222
    outer loop
      vertex 0 2.469379540175394 1.4800891368872064
      vertex 13 2.469379540175394 1.4800891368872064
      vertex 13 2.3281149144471267 1.2444033475451137
    endloop
  endfacet
  facet normal 0 0.903989293123444 -0.427555093430281
    outer loop
      vertex 0 2.5868626910316026 1.7284863893777485
      vertex 13 2.5868626910316026 1.7284863893777485
      vertex 13 2.469379540175394 1.4800891368872064
    endloop
  endfacet
  facet normal 0 0.9415440651830207 -0.33688985339222044
    outer loop
      vertex 0 2.6794329400501846 1.9872029036875052
      vertex 13 2.6794329400501846 1.9872029036875052
      vertex 13 2.5868626910316026 1.7284863893777485
    endloop
  endfacet
  facet normal 0 0.9700312531945441 -0.24298017990326362
    outer loop
      vertex 0 2.746198785129045 2.253747098354841
      vertex 13 2.746198785129045 2.253747098354841
      vertex 13 2.6794329400501846 1.9872029036875052
    endloop
  endfacet
  facet normal 0 0.9891765099647808 -0.14673047445536308
    outer loop
      vertex 0 2.7865172346821514 2.52555200707723
      vertex 13 2.7865172346821514 2.52555200707723
      vertex 13 2.746198785129045 2.253747098354841
    endloop
  endfacet
  facet normal 0 0.9987954562051723 -0.04906767432741693
    outer loop
      vertex 0 2.8 2.8
      vertex 13 2.8 2.8
      vertex 13 2.7865172346821514 2.52555200707723
    endloop
  endfacet
  facet normal -1 0 0
    outer loop
      vertex 0 0 0
      vertex 0 0 5.6
      vertex 0 0.27444799292276967 5.586517234682152
    endloop
  endfacet
  facet normal -1 0 0
    outer loop
      vertex 0 0.27444799292276967 0.013482765317848422
      vertex 0 0.27444799292276967 5.586517234682152
      vertex 0 0.546252901645159 5.546198785129045
    endloop
  endfacet
  facet normal -1 0 0
    outer loop
      vertex 0 0.546252901645159 0.053801214870954794
      vertex 0 0.546252901645159 5.546198785129045
      vertex 0 0.8127970963124945 5.479432940050184
    endloop
  endfacet
  facet normal -1 0 0
    outer loop
      vertex 0 0.8127970963124945 0.1205670599498152
      vertex 0 0.8127970963124945 5.479432940050184
      vertex 0 1.0715136106222514 5.386862691031602
    endloop
  endfacet
  facet normal -1 0 0
    outer loop
      vertex 0 1.0715136106222514 0.21313730896839722
      vertex 0 1.0715136106222514 5.386862691031602
      vertex 0 1.3199108631127934 5.269379540175394
    endloop
  endfacet
  facet normal -1 0 0
    outer loop
      vertex 0 1.3199108631127934 0.33062045982460564
      vertex 0 1.3199108631127934 5.269379540175394
      vertex 0 1.555596652454886 5.128114914447126
    endloop
  endfacet
  facet normal -1 0 0
    outer loop
      vertex 0 1.555596652454886 0.4718850855528731
      vertex 0 1.555596652454886 5.128114914447126
      vertex 0 1.7763011956582073 4.964429269415663
    endloop
  endfacet
  facet normal -1 0 0
    outer loop
      vertex 0 2.5868626910316026 1.7284863893777485
      vertex 0 2.5868626910316026 3.871513610622251
      vertex 0 2.6794329400501846 3.6127970963124945
    endloop
  endfacet
  facet normal -1 0 0
    outer loop
      vertex 0 1.7763011956582073 0.6355707305843366
      vertex 0 1.7763011956582073 4.964429269415663
      vertex 0 1.9798989873223332 4.779898987322333
    endloop
  endfacet
  facet normal -1 0 0
    outer loop
      vertex 0 1.9798989873223332 0.8201010126776667
      vertex 0 1.9798989873223332 4.779898987322333
      vertex 0 2.1644292694156633 4.576301195658207
    endloop
  endfacet
  facet normal -1 0 0
    outer loop
      vertex 0 2.1644292694156633 1.0236988043417925
      vertex 0 2.1644292694156633 4.576301195658207
      vertex 0 2.3281149144471267 4.355596652454886
    endloop
  endfacet
  facet normal -1 0 0
    outer loop
      vertex 0 2.3281149144471267 1.2444033475451137
      vertex 0 2.3281149144471267 4.355596652454886
      vertex 0 2.469379540175394 4.119910863112793
    endloop
  endfacet
  facet normal -1 0 0
    outer loop
      vertex 0 2.469379540175394 1.4800891368872064
      vertex 0 2.469379540175394 4.119910863112793
      vertex 0 2.5868626910316026 3.871513610622251
    endloop
  endfacet
  facet normal -1 0 0
    outer loop
      vertex 0 2.746198785129045 2.253747098354841
      vertex 0 2.746198785129045 3.3462529016451588
      vertex 0 2.7865172346821514 3.0744479929227695
    endloop
  endfacet
  facet normal -1 0 0
    outer loop
      vertex 0 2.6794329400501846 1.9872029036875052
      vertex 0 2.6794329400501846 3.6127970963124945
      vertex 0 2.746198785129045 3.3462529016451588
    endloop
  endfacet
  facet normal 0 0.9987954562051723 0.04906767432741693
    outer loop
      vertex 0 2.8 2.8
      vertex 0 2.7865172346821514 3.0744479929227695
      vertex 13 2.8 2.8
    endloop
  endfacet
  facet normal 0 0.9891765099647808 0.14673047445536308
    outer loop
      vertex 0 2.7865172346821514 3.0744479929227695
      vertex 0 2.746198785129045 3.3462529016451588
      vertex 13 2.7865172346821514 3.0744479929227695
    endloop
  endfacet
  facet normal 0 0.9700312531945441 0.24298017990326362
    outer loop
      vertex 0 2.746198785129045 3.3462529016451588
      vertex 0 2.6794329400501846 3.6127970963124945
      vertex 13 2.746198785129045 3.3462529016451588
    endloop
  endfacet
  facet normal 0 0.9039892931234436 0.42755509343028153
    outer loop
      vertex 0 2.5868626910316026 3.871513610622251
      vertex 0 2.469379540175394 4.119910863112793
      vertex 13 2.5868626910316026 3.871513610622251
    endloop
  endfacet
  facet normal 0 0.8577286100002723 0.5141027441932213
    outer loop
      vertex 0 2.469379540175394 4.119910863112793
      vertex 0 2.3281149144471267 4.355596652454886
      vertex 13 2.469379540175394 4.119910863112793
    endloop
  endfacet
  facet normal 0 0.9415440651830207 0.33688985339222044
    outer loop
      vertex 0 2.6794329400501846 3.6127970963124945
      vertex 0 2.5868626910316026 3.871513610622251
      vertex 13 2.6794329400501846 3.6127970963124945
    endloop
  endfacet
  facet normal 0 0.9987954562051723 0.04906767432741693
    outer loop
      vertex 0 2.7865172346821514 3.0744479929227695
      vertex 13 2.7865172346821514 3.0744479929227695
      vertex 13 2.8 2.8
    endloop
  endfacet
  facet normal 0 0.9891765099647808 0.14673047445536308
    outer loop
      vertex 0 2.746198785129045 3.3462529016451588
      vertex 13 2.746198785129045 3.3462529016451588
      vertex 13 2.7865172346821514 3.0744479929227695
    endloop
  endfacet
  facet normal 0 0.9415440651830207 0.33688985339222044
    outer loop
      vertex 0 2.5868626910316026 3.871513610622251
      vertex 13 2.5868626910316026 3.871513610622251
      vertex 13 2.6794329400501846 3.6127970963124945
    endloop
  endfacet
  facet normal 0 0.9039892931234436 0.42755509343028153
    outer loop
      vertex 0 2.469379540175394 4.119910863112793
      vertex 13 2.469379540175394 4.119910863112793
      vertex 13 2.5868626910316026 3.871513610622251
    endloop
  endfacet
  facet normal 0 0.9700312531945441 0.24298017990326362
    outer loop
      vertex 0 2.6794329400501846 3.6127970963124945
      vertex 13 2.6794329400501846 3.6127970963124945
      vertex 13 2.746198785129045 3.3462529016451588
    endloop
  endfacet
  facet normal 3.396885851588861e-20 0.04906767432741533 0.9987954562051726
    outer loop
      vertex 0 0 5.6
      vertex 13 0.27444799292276967 5.586517234682152
      vertex 0 0.27444799292276967 5.586517234682152
    endloop
  endfacet
  facet normal 1.4162057378803062e-19 0.1467304744553646 0.9891765099647806
    outer loop
      vertex 0 0.27444799292276967 5.586517234682152
      vertex 13 0.546252901645159 5.546198785129045
      vertex 0 0.546252901645159 5.546198785129045
    endloop
  endfacet
  facet normal 3.002925445148345e-19 0.24298017990326382 0.9700312531945441
    outer loop
      vertex 0 0.546252901645159 5.546198785129045
      vertex 13 0.8127970963124945 5.479432940050184
      vertex 0 0.8127970963124945 5.479432940050184
    endloop
  endfacet
  facet normal 8.967034590671894e-19 0.5956993044924328 0.8032075314806453
    outer loop
      vertex 0 1.555596652454886 5.128114914447126
      vertex 13 1.7763011956582073 4.964429269415663
      vertex 0 1.7763011956582073 4.964429269415663
    endloop
  endfacet
  facet normal -2.7280825889014277e-19 0.5141027441932232 0.8577286100002711
    outer loop
      vertex 0 1.3199108631127934 5.269379540175394
      vertex 13 1.555596652454886 5.128114914447126
      vertex 0 1.555596652454886 5.128114914447126
    endloop
  endfacet
  facet normal -2.200784512419793e-19 0.3368898533922203 0.9415440651830207
    outer loop
      vertex 0 0.8127970963124945 5.479432940050184
      vertex 13 1.0715136106222514 5.386862691031602
      vertex 0 1.0715136106222514 5.386862691031602
    endloop
  endfacet
  facet normal 4.166826889799804e-19 0.427555093430281 0.903989293123444
    outer loop
      vertex 0 1.0715136106222514 5.386862691031602
      vertex 13 1.3199108631127934 5.269379540175394
      vertex 0 1.3199108631127934 5.269379540175394
    endloop
  endfacet
  facet normal 0 0.8032075314806442 0.5956993044924342
    outer loop
      vertex 0 2.3281149144471267 4.355596652454886
      vertex 0 2.1644292694156633 4.576301195658207
      vertex 13 2.3281149144471267 4.355596652454886
    endloop
  endfacet
  facet normal 3.6100888620029446e-19 0.740951125354961 0.6715589548470162
    outer loop
      vertex 0 1.9798989873223332 4.779898987322333
      vertex 13 2.1644292694156633 4.576301195658207
      vertex 0 2.1644292694156633 4.576301195658207
    endloop
  endfacet
  facet normal 0 0.6715589548470167 0.7409511253549608
    outer loop
      vertex 0 1.9798989873223332 4.779898987322333
      vertex 0 1.7763011956582073 4.964429269415663
      vertex 13 1.9798989873223332 4.779898987322333
    endloop
  endfacet
  facet normal 0 0.04906767432741533 0.9987954562051726
    outer loop
      vertex 0 0 5.6
      vertex 13 0 5.6
      vertex 13 0.27444799292276967 5.586517234682152
    endloop
  endfacet
  facet normal 0 0.1467304744553646 0.9891765099647806
    outer loop
      vertex 0 0.27444799292276967 5.586517234682152
      vertex 13 0.27444799292276967 5.586517234682152
      vertex 13 0.546252901645159 5.546198785129045
    endloop
  endfacet
  facet normal 0 0.24298017990326382 0.9700312531945441
    outer loop
      vertex 0 0.546252901645159 5.546198785129045
      vertex 13 0.546252901645159 5.546198785129045
      vertex 13 0.8127970963124945 5.479432940050184
    endloop
  endfacet
  facet normal 0 0.5956993044924328 0.8032075314806453
    outer loop
      vertex 0 1.555596652454886 5.128114914447126
      vertex 13 1.555596652454886 5.128114914447126
      vertex 13 1.7763011956582073 4.964429269415663
    endloop
  endfacet
  facet normal 0 0.5141027441932232 0.8577286100002711
    outer loop
      vertex 0 1.3199108631127934 5.269379540175394
      vertex 13 1.3199108631127934 5.269379540175394
      vertex 13 1.555596652454886 5.128114914447126
    endloop
  endfacet
  facet normal 0 0.427555093430281 0.903989293123444
    outer loop
      vertex 0 1.0715136106222514 5.386862691031602
      vertex 13 1.0715136106222514 5.386862691031602
      vertex 13 1.3199108631127934 5.269379540175394
    endloop
  endfacet
  facet normal 0 0.3368898533922203 0.9415440651830207
    outer loop
      vertex 0 0.8127970963124945 5.479432940050184
      vertex 13 0.8127970963124945 5.479432940050184
      vertex 13 1.0715136106222514 5.386862691031602
    endloop
  endfacet
  facet normal 0 0.8577286100002723 0.5141027441932213
    outer loop
      vertex 0 2.3281149144471267 4.355596652454886
      vertex 13 2.3281149144471267 4.355596652454886
      vertex 13 2.469379540175394 4.119910863112793
    endloop
  endfacet
  facet normal 0 0.8032075314806442 0.5956993044924342
    outer loop
      vertex 0 2.1644292694156633 4.576301195658207
      vertex 13 2.1644292694156633 4.576301195658207
      vertex 13 2.3281149144471267 4.355596652454886
    endloop
  endfacet
  facet normal 0 0.740951125354961 0.6715589548470162
    outer loop
      vertex 0 1.9798989873223332 4.779898987322333
      vertex 13 1.9798989873223332 4.779898987322333
      vertex 13 2.1644292694156633 4.576301195658207
    endloop
  endfacet
  facet normal 0 0.6715589548470167 0.7409511253549608
    outer loop
      vertex 0 1.7763011956582073 4.964429269415663
      vertex 13 1.7763011956582073 4.964429269415663
      vertex 13 1.9798989873223332 4.779898987322333
    endloop
  endfacet
  facet normal 0 0 -1
    outer loop
      vertex 13.925974853336811 -6.885819301009178 0
      vertex 15.935427017509937 -6.9354105070233345 0
      vertex 14.064572982490063 -6.9354105070233345 0
    endloop
  endfacet
  facet normal 0 0 -1
    outer loop
      vertex 13.792904891073704 -6.8228818997740746 0
      vertex 16.07402514666319 -6.885819301009178 0
      vertex 13.925974853336811 -6.885819301009178 0
    endloop
  endfacet
  facet normal 0 0 -1
    outer loop
      vertex 13.792904891073704 -6.8228818997740746 0
      vertex 13.666644647717476 -6.747204415500164 0
      vertex 16.207095108926296 -6.8228818997740746 0
    endloop
  endfacet
  facet normal 0 0 -1
    outer loop
      vertex 14.2073645144701 -6.97117792069912 0
      vertex 15.64702571183443 -6.992777086794376 0
      vertex 14.35297428816557 -6.992777086794376 0
    endloop
  endfacet
  facet normal 0 0 -1
    outer loop
      vertex 14.064572982490063 -6.9354105070233345 0
      vertex 15.7926354855299 -6.97117792069912 0
      vertex 14.2073645144701 -6.97117792069912 0
    endloop
  endfacet
  facet normal 0 0 -1
    outer loop
      vertex 14.35297428816557 -6.992777086794376 0
      vertex 15.5 -7 0
      vertex 14.5 -7 0
    endloop
  endfacet
  facet normal 0 0 -1
    outer loop
      vertex 13.548410072922707 -6.659515678882599 0
      vertex 16.333355352282524 -6.747204415500164 0
      vertex 13.666644647717476 -6.747204415500164 0
    endloop
  endfacet
  facet normal 0 0 -1
    outer loop
      vertex 13.548410072922707 -6.659515678882599 0
      vertex 13.439339831471443 -6.560660168528557 0
      vertex 16.451589927077293 -6.659515678882599 0
    endloop
  endfacet
  facet normal 0 0 -1
    outer loop
      vertex 13.177118100225925 -6.207095108926296 0
      vertex 13.114180698990822 -6.074025146663189 0
      vertex 16.822881899774075 -6.207095108926296 0
    endloop
  endfacet
  facet normal 0 0 -1
    outer loop
      vertex 13.340484321117401 -6.451589927077293 0
      vertex 16.560660168528557 -6.560660168528557 0
      vertex 13.439339831471443 -6.560660168528557 0
    endloop
  endfacet
  facet normal 0 0 -1
    outer loop
      vertex 13.340484321117401 -6.451589927077293 0
      vertex 13.252795584499836 -6.333355352282524 0
      vertex 16.6595156788826 -6.451589927077293 0
    endloop
  endfacet
  facet normal 0 0 -1
    outer loop
      vertex 13.177118100225925 -6.207095108926296 0
      vertex 16.747204415500164 -6.333355352282524 0
      vertex 13.252795584499836 -6.333355352282524 0
    endloop
  endfacet
  facet normal 0 0 -1
    outer loop
      vertex 13.114180698990822 -6.074025146663189 0
      vertex 13.064589492976665 -5.935427017509937 0
      vertex 16.885819301009178 -6.074025146663189 0
    endloop
  endfacet
  facet normal 0 0 -1
    outer loop
      vertex 13.064589492976665 -5.935427017509937 0
      vertex 13.02882207930088 -5.7926354855299 0
      vertex 16.935410507023335 -5.935427017509937 0
    endloop
  endfacet
  facet normal 0 0 -1
    outer loop
      vertex 13.02882207930088 -5.7926354855299 0
      vertex 13.007222913205624 -5.647025711834431 0
      vertex 16.97117792069912 -5.7926354855299 0
    endloop
  endfacet
  facet normal 0 0 -1
    outer loop
      vertex 13.007222913205624 -5.647025711834431 0
      vertex 13 -5.5 0
      vertex 16.992777086794376 -5.647025711834431 0
    endloop
  endfacet
  facet normal -1 0 0
    outer loop
      vertex 13 -5.5 0
      vertex 13 -2.5868626910316026 1.7284863893777485
      vertex 13 -2.469379540175394 1.4800891368872064
    endloop
  endfacet
  facet normal -1 0 0
    outer loop
      vertex 13 -5.5 0
      vertex 13 -2.6794329400501846 1.9872029036875052
      vertex 13 -2.5868626910316026 1.7284863893777485
    endloop
  endfacet
  facet normal 0 0 -1
    outer loop
      vertex 14.35297428816557 -6.992777086794376 0
      vertex 15.64702571183443 -6.992777086794376 0
      vertex 15.5 -7 0
    endloop
  endfacet
  facet normal 0 0 -1
    outer loop
      vertex 14.2073645144701 -6.97117792069912 0
      vertex 15.7926354855299 -6.97117792069912 0
      vertex 15.64702571183443 -6.992777086794376 0
    endloop
  endfacet
  facet normal 0 0 -1
    outer loop
      vertex 14.064572982490063 -6.9354105070233345 0
      vertex 15.935427017509937 -6.9354105070233345 0
      vertex 15.7926354855299 -6.97117792069912 0
    endloop
  endfacet
  facet normal 0 0 -1
    outer loop
      vertex 13.925974853336811 -6.885819301009178 0
      vertex 16.07402514666319 -6.885819301009178 0
      vertex 15.935427017509937 -6.9354105070233345 0
    endloop
  endfacet
  facet normal 0 0 -1
    outer loop
      vertex 13.792904891073704 -6.8228818997740746 0
      vertex 16.207095108926296 -6.8228818997740746 0
      vertex 16.07402514666319 -6.885819301009178 0
    endloop
  endfacet
  facet normal 0 0 -1
    outer loop
      vertex 13.666644647717476 -6.747204415500164 0
      vertex 16.333355352282524 -6.747204415500164 0
      vertex 16.207095108926296 -6.8228818997740746 0
    endloop
  endfacet
  facet normal 0 0 -1
    outer loop
      vertex 13.548410072922707 -6.659515678882599 0
      vertex 16.451589927077293 -6.659515678882599 0
      vertex 16.333355352282524 -6.747204415500164 0
    endloop
  endfacet
  facet normal 0 0 -1
    outer loop
      vertex 13.439339831471443 -6.560660168528557 0
      vertex 16.560660168528557 -6.560660168528557 0
      vertex 16.451589927077293 -6.659515678882599 0
    endloop
  endfacet
  facet normal 0 0 -1
    outer loop
      vertex 13.340484321117401 -6.451589927077293 0
      vertex 16.6595156788826 -6.451589927077293 0
      vertex 16.560660168528557 -6.560660168528557 0
    endloop
  endfacet
  facet normal 0 0 -1
    outer loop
      vertex 13.252795584499836 -6.333355352282524 0
      vertex 16.747204415500164 -6.333355352282524 0
      vertex 16.6595156788826 -6.451589927077293 0
    endloop
  endfacet
  facet normal 0 0 -1
    outer loop
      vertex 13.177118100225925 -6.207095108926296 0
      vertex 16.822881899774075 -6.207095108926296 0
      vertex 16.747204415500164 -6.333355352282524 0
    endloop
  endfacet
  facet normal 0 0 -1
    outer loop
      vertex 13.114180698990822 -6.074025146663189 0
      vertex 16.885819301009178 -6.074025146663189 0
      vertex 16.822881899774075 -6.207095108926296 0
    endloop
  endfacet
  facet normal 0 0 -1
    outer loop
      vertex 13.064589492976665 -5.935427017509937 0
      vertex 16.935410507023335 -5.935427017509937 0
      vertex 16.885819301009178 -6.074025146663189 0
    endloop
  endfacet
  facet normal 0 0 -1
    outer loop
      vertex 13.02882207930088 -5.7926354855299 0
      vertex 16.97117792069912 -5.7926354855299 0
      vertex 16.935410507023335 -5.935427017509937 0
    endloop
  endfacet
  facet normal 0 0 -1
    outer loop
      vertex 13.007222913205624 -5.647025711834431 0
      vertex 16.992777086794376 -5.647025711834431 0
      vertex 16.97117792069912 -5.7926354855299 0
    endloop
  endfacet
  facet normal 0 0 -1
    outer loop
      vertex 13 -5.5 0
      vertex 17 -5.5 0
      vertex 16.992777086794376 -5.647025711834431 0
    endloop
  endfacet
  facet normal 0 0 -1
    outer loop
      vertex 13 -5.5 0
      vertex 17 -2.94715116918087 0
      vertex 17 -5.5 0
    endloop
  endfacet
  facet normal 0 0 -1
    outer loop
      vertex 18.160607986152172 -3.733578361570835 0
      vertex 17 -2.94715116918087 0
      vertex 18.484003633260727 -3.8492911756038666 0
    endloop
  endfacet
  facet normal 0 0 -1
    outer loop
      vertex 18.484003633260727 -3.8492911756038666 0
      vertex 17 -2.94715116918087 0
      vertex 18.81718387454748 -3.932748481631279 0
    endloop
  endfacet
  facet normal 0 0 -1
    outer loop
      vertex 18.81718387454748 -3.932748481631279 0
      vertex 17 -2.94715116918087 0
      vertex 19.15694000571966 -3.9831465408205986 0
    endloop
  endfacet
  facet normal 0 0 -1
    outer loop
      vertex 19.15694000571966 -3.9831465408205986 0
      vertex 17 -2.94715116918087 0
      vertex 19.5 -4 0
    endloop
  endfacet
  facet normal -0.5956993028830408 -0.8032075326742517 0
    outer loop
      vertex 13.548410072922707 -6.659515678882599 0
      vertex 13.666644647717476 -6.747204415500164 0
      vertex 13.548410072922707 -6.659515678882599 5.6
    endloop
  endfacet
  facet normal -0.5141027780042696 -0.8577285897347089 0
    outer loop
      vertex 13.792904891073704 -6.8228818997740746 0
      vertex 13.666644647717476 -6.747204415500164 5.6
      vertex 13.666644647717476 -6.747204415500164 0
    endloop
  endfacet
  facet normal -0.6715589764431047 -0.7409511057814068 0
    outer loop
      vertex 13.548410072922707 -6.659515678882599 0
      vertex 13.439339831471443 -6.560660168528557 5.6
      vertex 13.439339831471443 -6.560660168528557 0
    endloop
  endfacet
  facet normal -0.7409511057814068 -0.6715589764431047 0
    outer loop
      vertex 13.340484321117401 -6.451589927077293 0
      vertex 13.439339831471443 -6.560660168528557 0
      vertex 13.340484321117401 -6.451589927077293 5.6
    endloop
  endfacet
  facet normal -0.8032075326742517 -0.5956993028830408 0
    outer loop
      vertex 13.340484321117401 -6.451589927077293 0
      vertex 13.252795584499836 -6.333355352282524 5.6
      vertex 13.252795584499836 -6.333355352282524 0
    endloop
  endfacet
  facet normal -0.8577285897347089 -0.5141027780042696 0
    outer loop
      vertex 13.177118100225925 -6.207095108926296 0
      vertex 13.252795584499836 -6.333355352282524 0
      vertex 13.177118100225925 -6.207095108926296 5.6
    endloop
  endfacet
  facet normal -0.33688986808449944 -0.9415440599260391 0
    outer loop
      vertex 13.925974853336811 -6.885819301009178 0
      vertex 14.064572982490063 -6.9354105070233345 0
      vertex 13.925974853336811 -6.885819301009178 5.6
    endloop
  endfacet
  facet normal -0.4275550731976791 -0.9039893026927516 0
    outer loop
      vertex 13.792904891073704 -6.8228818997740746 0
      vertex 13.925974853336811 -6.885819301009178 0
      vertex 13.792904891073704 -6.8228818997740746 5.6
    endloop
  endfacet
  facet normal -0.2429801600172223 -0.9700312581757379 0
    outer loop
      vertex 14.064572982490063 -6.9354105070233345 0
      vertex 14.2073645144701 -6.97117792069912 0
      vertex 14.064572982490063 -6.9354105070233345 5.6
    endloop
  endfacet
  facet normal -0.14673045131624157 -0.9891765133971449 0
    outer loop
      vertex 14.2073645144701 -6.97117792069912 0
      vertex 14.35297428816557 -6.992777086794376 0
      vertex 14.2073645144701 -6.97117792069912 5.6
    endloop
  endfacet
  facet normal -0.049067695661932934 -0.9987954551570747 0
    outer loop
      vertex 14.35297428816557 -6.992777086794376 0
      vertex 14.5 -7 0
      vertex 14.35297428816557 -6.992777086794376 5.6
    endloop
  endfacet
  facet normal 0 -1 0
    outer loop
      vertex 14.5 -7 0
      vertex 15.5 -7 0
      vertex 14.5 -7 5.6
    endloop
  endfacet
  facet normal -0.9415440599260391 -0.33688986808449944 0
    outer loop
      vertex 13.114180698990822 -6.074025146663189 0
      vertex 13.064589492976665 -5.935427017509937 5.6
      vertex 13.064589492976665 -5.935427017509937 0
    endloop
  endfacet
  facet normal -0.9700312581757379 -0.2429801600172223 0
    outer loop
      vertex 13.064589492976665 -5.935427017509937 0
      vertex 13.02882207930088 -5.7926354855299 5.6
      vertex 13.02882207930088 -5.7926354855299 0
    endloop
  endfacet
  facet normal -0.9891765133971449 -0.14673045131624157 0
    outer loop
      vertex 13.02882207930088 -5.7926354855299 0
      vertex 13.007222913205624 -5.647025711834431 5.6
      vertex 13.007222913205624 -5.647025711834431 0
    endloop
  endfacet
  facet normal -0.9039893026927516 -0.4275550731976791 0
    outer loop
      vertex 13.177118100225925 -6.207095108926296 0
      vertex 13.114180698990822 -6.074025146663189 5.6
      vertex 13.114180698990822 -6.074025146663189 0
    endloop
  endfacet
  facet normal -0.9987954551570747 -0.049067695661932934 0
    outer loop
      vertex 13.007222913205624 -5.647025711834431 0
      vertex 13 -5.5 5.6
      vertex 13 -5.5 0
    endloop
  endfacet
  facet normal -1 0 0
    outer loop
      vertex 13 -5.5 0
      vertex 13 -2.746198785129045 2.253747098354841
      vertex 13 -2.6794329400501846 1.9872029036875052
    endloop
  endfacet
  facet normal -1 0 0
    outer loop
      vertex 13 -5.5 0
      vertex 13 -2.7865172346821514 2.52555200707723
      vertex 13 -2.746198785129045 2.253747098354841
    endloop
  endfacet
  facet normal -1 0 0
    outer loop
      vertex 13 -5.5 0
      vertex 13 -5.5 5.6
      vertex 13 -2.7865172346821514 2.52555200707723
    endloop
  endfacet
  facet normal 0.049067695661932934 -0.9987954551570747 0
    outer loop
      vertex 15.5 -7 0
      vertex 15.64702571183443 -6.992777086794376 0
      vertex 15.5 -7 5.6
    endloop
  endfacet
  facet normal 0.14673045131624157 -0.9891765133971449 0
    outer loop
      vertex 15.64702571183443 -6.992777086794376 0
      vertex 15.7926354855299 -6.97117792069912 0
      vertex 15.64702571183443 -6.992777086794376 5.6
    endloop
  endfacet
  facet normal 0.2429801600172223 -0.9700312581757379 0
    outer loop
      vertex 15.7926354855299 -6.97117792069912 0
      vertex 15.935427017509937 -6.9354105070233345 0
      vertex 15.7926354855299 -6.97117792069912 5.6
    endloop
  endfacet
  facet normal 0.33688986808449944 -0.9415440599260391 0
    outer loop
      vertex 15.935427017509937 -6.9354105070233345 0
      vertex 16.07402514666319 -6.885819301009178 0
      vertex 15.935427017509937 -6.9354105070233345 5.6
    endloop
  endfacet
  facet normal 0.4275550731976791 -0.9039893026927516 0
    outer loop
      vertex 16.07402514666319 -6.885819301009178 0
      vertex 16.207095108926296 -6.8228818997740746 0
      vertex 16.07402514666319 -6.885819301009178 5.6
    endloop
  endfacet
  facet normal 0.5141027780042696 -0.8577285897347089 0
    outer loop
      vertex 16.207095108926296 -6.8228818997740746 0
      vertex 16.333355352282524 -6.747204415500164 0
      vertex 16.207095108926296 -6.8228818997740746 5.6
    endloop
  endfacet
  facet normal 0.5956993028830408 -0.8032075326742517 0
    outer loop
      vertex 16.333355352282524 -6.747204415500164 0
      vertex 16.451589927077293 -6.659515678882599 0
      vertex 16.333355352282524 -6.747204415500164 5.6
    endloop
  endfacet
  facet normal 0.6715589764431047 -0.7409511057814068 0
    outer loop
      vertex 16.451589927077293 -6.659515678882599 0
      vertex 16.560660168528557 -6.560660168528557 0
      vertex 16.451589927077293 -6.659515678882599 5.6
    endloop
  endfacet
  facet normal 0.7409511057814068 -0.6715589764431047 0
    outer loop
      vertex 16.560660168528557 -6.560660168528557 0
      vertex 16.6595156788826 -6.451589927077293 0
      vertex 16.560660168528557 -6.560660168528557 5.6
    endloop
  endfacet
  facet normal 0.8032075326742517 -0.5956993028830408 0
    outer loop
      vertex 16.6595156788826 -6.451589927077293 0
      vertex 16.747204415500164 -6.333355352282524 0
      vertex 16.6595156788826 -6.451589927077293 5.6
    endloop
  endfacet
  facet normal 0.8577285897347089 -0.5141027780042696 0
    outer loop
      vertex 16.747204415500164 -6.333355352282524 0
      vertex 16.822881899774075 -6.207095108926296 0
      vertex 16.747204415500164 -6.333355352282524 5.6
    endloop
  endfacet
  facet normal 0.9039893026927516 -0.4275550731976791 0
    outer loop
      vertex 16.822881899774075 -6.207095108926296 0
      vertex 16.885819301009178 -6.074025146663189 0
      vertex 16.822881899774075 -6.207095108926296 5.6
    endloop
  endfacet
  facet normal 0.9415440599260391 -0.33688986808449944 0
    outer loop
      vertex 16.885819301009178 -6.074025146663189 0
      vertex 16.935410507023335 -5.935427017509937 0
      vertex 16.885819301009178 -6.074025146663189 5.6
    endloop
  endfacet
  facet normal 0.9700312581757379 -0.2429801600172223 0
    outer loop
      vertex 16.935410507023335 -5.935427017509937 0
      vertex 16.97117792069912 -5.7926354855299 0
      vertex 16.935410507023335 -5.935427017509937 5.6
    endloop
  endfacet
  facet normal 0.9891765133971449 -0.14673045131624157 0
    outer loop
      vertex 16.97117792069912 -5.7926354855299 0
      vertex 16.992777086794376 -5.647025711834431 0
      vertex 16.97117792069912 -5.7926354855299 5.6
    endloop
  endfacet
  facet normal 0.9987954551570747 -0.049067695661932934 0
    outer loop
      vertex 16.992777086794376 -5.647025711834431 0
      vertex 17 -5.5 0
      vertex 16.992777086794376 -5.647025711834431 5.6
    endloop
  endfacet
  facet normal 1 0 0
    outer loop
      vertex 17 -5.5 0
      vertex 17 -2.94715116918087 0
      vertex 17 -5.5 5.6
    endloop
  endfacet
  facet normal -0.42755509028519917 -0.9039892946109568 0
    outer loop
      vertex 17.850111417472363 -3.5867244228720665 0
      vertex 18.160607986152172 -3.733578361570835 0
      vertex 17.850111417472363 -3.5867244228720665 5.6
    endloop
  endfacet
  facet normal -0.33688985661686227 -0.9415440640292254 0
    outer loop
      vertex 18.160607986152172 -3.733578361570835 0
      vertex 18.484003633260727 -3.8492911756038666 0
      vertex 18.160607986152172 -3.733578361570835 5.6
    endloop
  endfacet
  facet normal -0.2429801804284 -0.9700312530630043 0
    outer loop
      vertex 18.484003633260727 -3.8492911756038666 0
      vertex 18.81718387454748 -3.932748481631279 0
      vertex 18.484003633260727 -3.8492911756038666 5.6
    endloop
  endfacet
  facet normal -0.14673046861453307 -0.9891765108311862 0
    outer loop
      vertex 18.81718387454748 -3.932748481631279 0
      vertex 19.15694000571966 -3.9831465408205986 0
      vertex 18.81718387454748 -3.932748481631279 5.6
    endloop
  endfacet
  facet normal -0.0490676812355168 -0.9987954558657992 0
    outer loop
      vertex 19.15694000571966 -3.9831465408205986 0
      vertex 19.5 -4 0
      vertex 19.15694000571966 -3.9831465408205986 5.6
    endloop
  endfacet
  facet normal -1 0 0
    outer loop
      vertex 13 -5.5 0
      vertex 13 -1.3199108631127934 0.33062045982460564
      vertex 13 -1.0715136106222514 0.21313730896839722
    endloop
  endfacet
  facet normal -1 0 0
    outer loop
      vertex 13 -5.5 0
      vertex 13 -1.555596652454886 0.4718850855528731
      vertex 13 -1.3199108631127934 0.33062045982460564
    endloop
  endfacet
  facet normal 0 0 -1
    outer loop
      vertex 13 -5.5 0
      vertex 13 0 0
      vertex 17 -2.94715116918087 0
    endloop
  endfacet
  facet normal -1 0 0
    outer loop
      vertex 13 -5.5 0
      vertex 13 -1.9798989873223332 0.8201010126776667
      vertex 13 -1.7763011956582073 0.6355707305843366
    endloop
  endfacet
  facet normal -1 0 0
    outer loop
      vertex 13 -5.5 0
      vertex 13 -2.1644292694156633 1.0236988043417925
      vertex 13 -1.9798989873223332 0.8201010126776667
    endloop
  endfacet
  facet normal -1 0 0
    outer loop
      vertex 13 -5.5 0
      vertex 13 -1.7763011956582073 0.6355707305843366
      vertex 13 -1.555596652454886 0.4718850855528731
    endloop
  endfacet
  facet normal -1 0 0
    outer loop
      vertex 13 -5.5 0
      vertex 13 -1.0715136106222514 0.21313730896839722
      vertex 13 -0.8127970963124945 0.1205670599498152
    endloop
  endfacet
  facet normal -1 0 0
    outer loop
      vertex 13 -5.5 0
      vertex 13 -0.8127970963124945 0.1205670599498152
      vertex 13 -0.546252901645159 0.053801214870954794
    endloop
  endfacet
  facet normal -1 0 0
    outer loop
      vertex 13 -5.5 0
      vertex 13 -0.546252901645159 0.053801214870954794
      vertex 13 -0.27444799292276967 0.013482765317848422
    endloop
  endfacet
  facet normal -1 0 0
    outer loop
      vertex 13 -5.5 0
      vertex 13 -0.27444799292276967 0.013482765317848422
      vertex 13 0 0
    endloop
  endfacet
  facet normal -1 0 0
    outer loop
      vertex 13 -5.5 0
      vertex 13 -2.3281149144471267 1.2444033475451137
      vertex 13 -2.1644292694156633 1.0236988043417925
    endloop
  endfacet
  facet normal -1 0 0
    outer loop
      vertex 13 -5.5 0
      vertex 13 -2.469379540175394 1.4800891368872064
      vertex 13 -2.3281149144471267 1.2444033475451137
    endloop
  endfacet
  facet normal 0 0 -1
    outer loop
      vertex 17.850111417472363 -3.5867244228720665 0
      vertex 17.55550418794155 -3.41014364361763 0
      vertex 17 -2.94715116918087 0
    endloop
  endfacet
  facet normal 0 0 -1
    outer loop
      vertex 17 -2.94715116918087 0
      vertex 17.55550418794155 -3.41014364361763 0
      vertex 17.27962350845337 -3.205536589026451 0
    endloop
  endfacet
  facet normal 0 0 -1
    outer loop
      vertex 17 -2.94715116918087 0
      vertex 17.27962350845337 -3.205536589026451 0
      vertex 17.02512626349926 -2.97487373650074 0
    endloop
  endfacet
  facet normal 0 0 -1
    outer loop
      vertex 17.850111417472363 -3.5867244228720665 0
      vertex 17 -2.94715116918087 0
      vertex 18.160607986152172 -3.733578361570835 0
    endloop
  endfacet
  facet normal -0.595699300628549 -0.8032075343462969 0
    outer loop
      vertex 17.55550418794155 -3.41014364361763 0
      vertex 17.27962350845337 -3.205536589026451 5.6
      vertex 17.27962350845337 -3.205536589026451 0
    endloop
  endfacet
  facet normal -0.7409512172406715 -0.6715588534667437 0
    outer loop
      vertex 17 -2.94715116918087 0
      vertex 17.02512626349926 -2.97487373650074 0
      vertex 17 -2.94715116918087 5.6
    endloop
  endfacet
  facet normal -0.6715589469163653 -0.740951132542884 0
    outer loop
      vertex 17.02512626349926 -2.97487373650074 0
      vertex 17.27962350845337 -3.205536589026451 0
      vertex 17.02512626349926 -2.97487373650074 5.6
    endloop
  endfacet
  facet normal -0.5141027471442344 -0.8577286082315032 0
    outer loop
      vertex 17.850111417472363 -3.5867244228720665 0
      vertex 17.55550418794155 -3.41014364361763 5.6
      vertex 17.55550418794155 -3.41014364361763 0
    endloop
  endfacet
  facet normal -0.5956993028830408 -0.8032075326742517 0
    outer loop
      vertex 13.666644647717476 -6.747204415500164 0
      vertex 13.666644647717476 -6.747204415500164 5.6
      vertex 13.548410072922707 -6.659515678882599 5.6
    endloop
  endfacet
  facet normal -0.6715589764431047 -0.7409511057814068 0
    outer loop
      vertex 13.548410072922707 -6.659515678882599 0
      vertex 13.548410072922707 -6.659515678882599 5.6
      vertex 13.439339831471443 -6.560660168528557 5.6
    endloop
  endfacet
  facet normal -0.7409511057814068 -0.6715589764431047 0
    outer loop
      vertex 13.439339831471443 -6.560660168528557 0
      vertex 13.439339831471443 -6.560660168528557 5.6
      vertex 13.340484321117401 -6.451589927077293 5.6
    endloop
  endfacet
  facet normal -0.8032075326742517 -0.5956993028830408 0
    outer loop
      vertex 13.340484321117401 -6.451589927077293 0
      vertex 13.340484321117401 -6.451589927077293 5.6
      vertex 13.252795584499836 -6.333355352282524 5.6
    endloop
  endfacet
  facet normal -0.8577285897347089 -0.5141027780042696 0
    outer loop
      vertex 13.252795584499836 -6.333355352282524 0
      vertex 13.252795584499836 -6.333355352282524 5.6
      vertex 13.177118100225925 -6.207095108926296 5.6
    endloop
  endfacet
  facet normal -0.9039893026927516 -0.4275550731976791 0
    outer loop
      vertex 13.177118100225925 -6.207095108926296 0
      vertex 13.177118100225925 -6.207095108926296 5.6
      vertex 13.114180698990822 -6.074025146663189 5.6
    endloop
  endfacet
  facet normal -0.33688986808449944 -0.9415440599260391 0
    outer loop
      vertex 14.064572982490063 -6.9354105070233345 0
      vertex 14.064572982490063 -6.9354105070233345 5.6
      vertex 13.925974853336811 -6.885819301009178 5.6
    endloop
  endfacet
  facet normal -0.4275550731976791 -0.9039893026927516 0
    outer loop
      vertex 13.925974853336811 -6.885819301009178 0
      vertex 13.925974853336811 -6.885819301009178 5.6
      vertex 13.792904891073704 -6.8228818997740746 5.6
    endloop
  endfacet
  facet normal -0.5141027780042696 -0.8577285897347089 0
    outer loop
      vertex 13.792904891073704 -6.8228818997740746 0
      vertex 13.792904891073704 -6.8228818997740746 5.6
      vertex 13.666644647717476 -6.747204415500164 5.6
    endloop
  endfacet
  facet normal -0.2429801600172223 -0.9700312581757379 0
    outer loop
      vertex 14.2073645144701 -6.97117792069912 0
      vertex 14.2073645144701 -6.97117792069912 5.6
      vertex 14.064572982490063 -6.9354105070233345 5.6
    endloop
  endfacet
  facet normal -0.14673045131624157 -0.9891765133971449 0
    outer loop
      vertex 14.35297428816557 -6.992777086794376 0
      vertex 14.35297428816557 -6.992777086794376 5.6
      vertex 14.2073645144701 -6.97117792069912 5.6
    endloop
  endfacet
  facet normal -0.049067695661932934 -0.9987954551570747 0
    outer loop
      vertex 14.5 -7 0
      vertex 14.5 -7 5.6
      vertex 14.35297428816557 -6.992777086794376 5.6
    endloop
  endfacet
  facet normal -0.9415440599260391 -0.33688986808449944 0
    outer loop
      vertex 13.114180698990822 -6.074025146663189 0
      vertex 13.114180698990822 -6.074025146663189 5.6
      vertex 13.064589492976665 -5.935427017509937 5.6
    endloop
  endfacet
  facet normal -0.9700312581757379 -0.2429801600172223 0
    outer loop
      vertex 13.064589492976665 -5.935427017509937 0
      vertex 13.064589492976665 -5.935427017509937 5.6
      vertex 13.02882207930088 -5.7926354855299 5.6
    endloop
  endfacet
  facet normal -0.9891765133971449 -0.14673045131624157 0
    outer loop
      vertex 13.02882207930088 -5.7926354855299 0
      vertex 13.02882207930088 -5.7926354855299 5.6
      vertex 13.007222913205624 -5.647025711834431 5.6
    endloop
  endfacet
  facet normal -0.9987954551570747 -0.049067695661932934 0
    outer loop
      vertex 13.007222913205624 -5.647025711834431 0
      vertex 13.007222913205624 -5.647025711834431 5.6
      vertex 13 -5.5 5.6
    endloop
  endfacet
  facet normal -1 0 0
    outer loop
      vertex 13 -5.5 5.6
      vertex 13 -2.8 2.8
      vertex 13 -2.7865172346821514 2.52555200707723
    endloop
  endfacet
  facet normal -1 0 0
    outer loop
      vertex 13 -5.5 5.6
      vertex 13 -2.7865172346821514 3.0744479929227695
      vertex 13 -2.8 2.8
    endloop
  endfacet
  facet normal -1 0 0
    outer loop
      vertex 13 -5.5 5.6
      vertex 13 -2.746198785129045 3.3462529016451588
      vertex 13 -2.7865172346821514 3.0744479929227695
    endloop
  endfacet
  facet normal -1 0 0
    outer loop
      vertex 13 -5.5 5.6
      vertex 13 -2.6794329400501846 3.6127970963124945
      vertex 13 -2.746198785129045 3.3462529016451588
    endloop
  endfacet
  facet normal 0 -1 0
    outer loop
      vertex 15.5 -7 0
      vertex 15.5 -7 5.6
      vertex 14.5 -7 5.6
    endloop
  endfacet
  facet normal 0.049067695661932934 -0.9987954551570747 0
    outer loop
      vertex 15.64702571183443 -6.992777086794376 0
      vertex 15.64702571183443 -6.992777086794376 5.6
      vertex 15.5 -7 5.6
    endloop
  endfacet
  facet normal 0.14673045131624157 -0.9891765133971449 0
    outer loop
      vertex 15.7926354855299 -6.97117792069912 0
      vertex 15.7926354855299 -6.97117792069912 5.6
      vertex 15.64702571183443 -6.992777086794376 5.6
    endloop
  endfacet
  facet normal 0.2429801600172223 -0.9700312581757379 0
    outer loop
      vertex 15.935427017509937 -6.9354105070233345 0
      vertex 15.935427017509937 -6.9354105070233345 5.6
      vertex 15.7926354855299 -6.97117792069912 5.6
    endloop
  endfacet
  facet normal 0.33688986808449944 -0.9415440599260391 0
    outer loop
      vertex 16.07402514666319 -6.885819301009178 0
      vertex 16.07402514666319 -6.885819301009178 5.6
      vertex 15.935427017509937 -6.9354105070233345 5.6
    endloop
  endfacet
  facet normal 0.4275550731976791 -0.9039893026927516 0
    outer loop
      vertex 16.207095108926296 -6.8228818997740746 0
      vertex 16.207095108926296 -6.8228818997740746 5.6
      vertex 16.07402514666319 -6.885819301009178 5.6
    endloop
  endfacet
  facet normal 0.5141027780042696 -0.8577285897347089 0
    outer loop
      vertex 16.333355352282524 -6.747204415500164 0
      vertex 16.333355352282524 -6.747204415500164 5.6
      vertex 16.207095108926296 -6.8228818997740746 5.6
    endloop
  endfacet
  facet normal 0.5956993028830408 -0.8032075326742517 0
    outer loop
      vertex 16.451589927077293 -6.659515678882599 0
      vertex 16.451589927077293 -6.659515678882599 5.6
      vertex 16.333355352282524 -6.747204415500164 5.6
    endloop
  endfacet
  facet normal 0.6715589764431047 -0.7409511057814068 0
    outer loop
      vertex 16.560660168528557 -6.560660168528557 0
      vertex 16.560660168528557 -6.560660168528557 5.6
      vertex 16.451589927077293 -6.659515678882599 5.6
    endloop
  endfacet
  facet normal 0.7409511057814068 -0.6715589764431047 0
    outer loop
      vertex 16.6595156788826 -6.451589927077293 0
      vertex 16.6595156788826 -6.451589927077293 5.6
      vertex 16.560660168528557 -6.560660168528557 5.6
    endloop
  endfacet
  facet normal 0.8032075326742517 -0.5956993028830408 0
    outer loop
      vertex 16.747204415500164 -6.333355352282524 0
      vertex 16.747204415500164 -6.333355352282524 5.6
      vertex 16.6595156788826 -6.451589927077293 5.6
    endloop
  endfacet
  facet normal 0.8577285897347089 -0.5141027780042696 0
    outer loop
      vertex 16.822881899774075 -6.207095108926296 0
      vertex 16.822881899774075 -6.207095108926296 5.6
      vertex 16.747204415500164 -6.333355352282524 5.6
    endloop
  endfacet
  facet normal 0.9039893026927516 -0.4275550731976791 0
    outer loop
      vertex 16.885819301009178 -6.074025146663189 0
      vertex 16.885819301009178 -6.074025146663189 5.6
      vertex 16.822881899774075 -6.207095108926296 5.6
    endloop
  endfacet
  facet normal 0.9415440599260391 -0.33688986808449944 0
    outer loop
      vertex 16.935410507023335 -5.935427017509937 0
      vertex 16.935410507023335 -5.935427017509937 5.6
      vertex 16.885819301009178 -6.074025146663189 5.6
    endloop
  endfacet
  facet normal 0.9700312581757379 -0.2429801600172223 0
    outer loop
      vertex 16.97117792069912 -5.7926354855299 0
      vertex 16.97117792069912 -5.7926354855299 5.6
      vertex 16.935410507023335 -5.935427017509937 5.6
    endloop
  endfacet
  facet normal 0.9891765133971449 -0.14673045131624157 0
    outer loop
      vertex 16.992777086794376 -5.647025711834431 0
      vertex 16.992777086794376 -5.647025711834431 5.6
      vertex 16.97117792069912 -5.7926354855299 5.6
    endloop
  endfacet
  facet normal 0.9987954551570747 -0.049067695661932934 0
    outer loop
      vertex 17 -5.5 0
      vertex 17 -5.5 5.6
      vertex 16.992777086794376 -5.647025711834431 5.6
    endloop
  endfacet
  facet normal 1 0 0
    outer loop
      vertex 17 -2.94715116918087 0
      vertex 17 -2.94715116918087 5.6
      vertex 17 -5.5 5.6
    endloop
  endfacet
  facet normal -0.5141027471442344 -0.8577286082315032 0
    outer loop
      vertex 17.850111417472363 -3.5867244228720665 0
      vertex 17.850111417472363 -3.5867244228720665 5.6
      vertex 17.55550418794155 -3.41014364361763 5.6
    endloop
  endfacet
  facet normal -0.42755509028519917 -0.9039892946109568 0
    outer loop
      vertex 18.160607986152172 -3.733578361570835 0
      vertex 18.160607986152172 -3.733578361570835 5.6
      vertex 17.850111417472363 -3.5867244228720665 5.6
    endloop
  endfacet
  facet normal -0.33688985661686227 -0.9415440640292254 0
    outer loop
      vertex 18.484003633260727 -3.8492911756038666 0
      vertex 18.484003633260727 -3.8492911756038666 5.6
      vertex 18.160607986152172 -3.733578361570835 5.6
    endloop
  endfacet
  facet normal -0.2429801804284 -0.9700312530630043 0
    outer loop
      vertex 18.81718387454748 -3.932748481631279 0
      vertex 18.81718387454748 -3.932748481631279 5.6
      vertex 18.484003633260727 -3.8492911756038666 5.6
    endloop
  endfacet
  facet normal -0.14673046861453307 -0.9891765108311862 0
    outer loop
      vertex 19.15694000571966 -3.9831465408205986 0
      vertex 19.15694000571966 -3.9831465408205986 5.6
      vertex 18.81718387454748 -3.932748481631279 5.6
    endloop
  endfacet
  facet normal -0.0490676812355168 -0.9987954558657992 0
    outer loop
      vertex 19.5 -4 0
      vertex 19.5 -4 5.6
      vertex 19.15694000571966 -3.9831465408205986 5.6
    endloop
  endfacet
  facet normal 0 0 1
    outer loop
      vertex 13.925974853336811 -6.885819301009178 5.6
      vertex 14.064572982490063 -6.9354105070233345 5.6
      vertex 15.935427017509937 -6.9354105070233345 5.6
    endloop
  endfacet
  facet normal 0 0 1
    outer loop
      vertex 13.792904891073704 -6.8228818997740746 5.6
      vertex 13.925974853336811 -6.885819301009178 5.6
      vertex 16.07402514666319 -6.885819301009178 5.6
    endloop
  endfacet
  facet normal 0 0 1
    outer loop
      vertex 13.792904891073704 -6.8228818997740746 5.6
      vertex 16.207095108926296 -6.8228818997740746 5.6
      vertex 13.666644647717476 -6.747204415500164 5.6
    endloop
  endfacet
  facet normal 0 0 1
    outer loop
      vertex 14.2073645144701 -6.97117792069912 5.6
      vertex 14.35297428816557 -6.992777086794376 5.6
      vertex 15.64702571183443 -6.992777086794376 5.6
    endloop
  endfacet
  facet normal 0 0 1
    outer loop
      vertex 14.064572982490063 -6.9354105070233345 5.6
      vertex 14.2073645144701 -6.97117792069912 5.6
      vertex 15.7926354855299 -6.97117792069912 5.6
    endloop
  endfacet
  facet normal 0 0 1
    outer loop
      vertex 14.35297428816557 -6.992777086794376 5.6
      vertex 14.5 -7 5.6
      vertex 15.5 -7 5.6
    endloop
  endfacet
  facet normal 0 0 1
    outer loop
      vertex 13.548410072922707 -6.659515678882599 5.6
      vertex 13.666644647717476 -6.747204415500164 5.6
      vertex 16.333355352282524 -6.747204415500164 5.6
    endloop
  endfacet
  facet normal 0 0 1
    outer loop
      vertex 13.548410072922707 -6.659515678882599 5.6
      vertex 16.451589927077293 -6.659515678882599 5.6
      vertex 13.439339831471443 -6.560660168528557 5.6
    endloop
  endfacet
  facet normal 0 0 1
    outer loop
      vertex 13.177118100225925 -6.207095108926296 5.6
      vertex 16.822881899774075 -6.207095108926296 5.6
      vertex 13.114180698990822 -6.074025146663189 5.6
    endloop
  endfacet
  facet normal 0 0 1
    outer loop
      vertex 13.340484321117401 -6.451589927077293 5.6
      vertex 13.439339831471443 -6.560660168528557 5.6
      vertex 16.560660168528557 -6.560660168528557 5.6
    endloop
  endfacet
  facet normal 0 0 1
    outer loop
      vertex 13.340484321117401 -6.451589927077293 5.6
      vertex 16.6595156788826 -6.451589927077293 5.6
      vertex 13.252795584499836 -6.333355352282524 5.6
    endloop
  endfacet
  facet normal 0 0 1
    outer loop
      vertex 13.177118100225925 -6.207095108926296 5.6
      vertex 13.252795584499836 -6.333355352282524 5.6
      vertex 16.747204415500164 -6.333355352282524 5.6
    endloop
  endfacet
  facet normal 0 0 1
    outer loop
      vertex 13.114180698990822 -6.074025146663189 5.6
      vertex 16.885819301009178 -6.074025146663189 5.6
      vertex 13.064589492976665 -5.935427017509937 5.6
    endloop
  endfacet
  facet normal 0 0 1
    outer loop
      vertex 13.064589492976665 -5.935427017509937 5.6
      vertex 16.935410507023335 -5.935427017509937 5.6
      vertex 13.02882207930088 -5.7926354855299 5.6
    endloop
  endfacet
  facet normal 0 0 1
    outer loop
      vertex 13.02882207930088 -5.7926354855299 5.6
      vertex 16.97117792069912 -5.7926354855299 5.6
      vertex 13.007222913205624 -5.647025711834431 5.6
    endloop
  endfacet
  facet normal 0 0 1
    outer loop
      vertex 13.007222913205624 -5.647025711834431 5.6
      vertex 16.992777086794376 -5.647025711834431 5.6
      vertex 13 -5.5 5.6
    endloop
  endfacet
  facet normal -1 0 0
    outer loop
      vertex 13 -5.5 5.6
      vertex 13 -2.5868626910316026 3.871513610622251
      vertex 13 -2.6794329400501846 3.6127970963124945
    endloop
  endfacet
  facet normal -1 0 0
    outer loop
      vertex 13 -5.5 5.6
      vertex 13 -2.469379540175394 4.119910863112793
      vertex 13 -2.5868626910316026 3.871513610622251
    endloop
  endfacet
  facet normal 0 0 1
    outer loop
      vertex 14.35297428816557 -6.992777086794376 5.6
      vertex 15.5 -7 5.6
      vertex 15.64702571183443 -6.992777086794376 5.6
    endloop
  endfacet
  facet normal 0 0 1
    outer loop
      vertex 14.2073645144701 -6.97117792069912 5.6
      vertex 15.64702571183443 -6.992777086794376 5.6
      vertex 15.7926354855299 -6.97117792069912 5.6
    endloop
  endfacet
  facet normal 0 0 1
    outer loop
      vertex 14.064572982490063 -6.9354105070233345 5.6
      vertex 15.7926354855299 -6.97117792069912 5.6
      vertex 15.935427017509937 -6.9354105070233345 5.6
    endloop
  endfacet
  facet normal 0 0 1
    outer loop
      vertex 13.925974853336811 -6.885819301009178 5.6
      vertex 15.935427017509937 -6.9354105070233345 5.6
      vertex 16.07402514666319 -6.885819301009178 5.6
    endloop
  endfacet
  facet normal 0 0 1
    outer loop
      vertex 13.792904891073704 -6.8228818997740746 5.6
      vertex 16.07402514666319 -6.885819301009178 5.6
      vertex 16.207095108926296 -6.8228818997740746 5.6
    endloop
  endfacet
  facet normal 0 0 1
    outer loop
      vertex 13.666644647717476 -6.747204415500164 5.6
      vertex 16.207095108926296 -6.8228818997740746 5.6
      vertex 16.333355352282524 -6.747204415500164 5.6
    endloop
  endfacet
  facet normal 0 0 1
    outer loop
      vertex 13.548410072922707 -6.659515678882599 5.6
      vertex 16.333355352282524 -6.747204415500164 5.6
      vertex 16.451589927077293 -6.659515678882599 5.6
    endloop
  endfacet
  facet normal 0 0 1
    outer loop
      vertex 13.439339831471443 -6.560660168528557 5.6
      vertex 16.451589927077293 -6.659515678882599 5.6
      vertex 16.560660168528557 -6.560660168528557 5.6
    endloop
  endfacet
  facet normal 0 0 1
    outer loop
      vertex 13.340484321117401 -6.451589927077293 5.6
      vertex 16.560660168528557 -6.560660168528557 5.6
      vertex 16.6595156788826 -6.451589927077293 5.6
    endloop
  endfacet
  facet normal 0 0 1
    outer loop
      vertex 13.252795584499836 -6.333355352282524 5.6
      vertex 16.6595156788826 -6.451589927077293 5.6
      vertex 16.747204415500164 -6.333355352282524 5.6
    endloop
  endfacet
  facet normal 0 0 1
    outer loop
      vertex 13.177118100225925 -6.207095108926296 5.6
      vertex 16.747204415500164 -6.333355352282524 5.6
      vertex 16.822881899774075 -6.207095108926296 5.6
    endloop
  endfacet
  facet normal 0 0 1
    outer loop
      vertex 13.114180698990822 -6.074025146663189 5.6
      vertex 16.822881899774075 -6.207095108926296 5.6
      vertex 16.885819301009178 -6.074025146663189 5.6
    endloop
  endfacet
  facet normal 0 0 1
    outer loop
      vertex 13.064589492976665 -5.935427017509937 5.6
      vertex 16.885819301009178 -6.074025146663189 5.6
      vertex 16.935410507023335 -5.935427017509937 5.6
    endloop
  endfacet
  facet normal 0 0 1
    outer loop
      vertex 13.02882207930088 -5.7926354855299 5.6
      vertex 16.935410507023335 -5.935427017509937 5.6
      vertex 16.97117792069912 -5.7926354855299 5.6
    endloop
  endfacet
  facet normal 0 0 1
    outer loop
      vertex 13.007222913205624 -5.647025711834431 5.6
      vertex 16.97117792069912 -5.7926354855299 5.6
      vertex 16.992777086794376 -5.647025711834431 5.6
    endloop
  endfacet
  facet normal 0 0 1
    outer loop
      vertex 13 -5.5 5.6
      vertex 16.992777086794376 -5.647025711834431 5.6
      vertex 17 -5.5 5.6
    endloop
  endfacet
  facet normal 0 0 1
    outer loop
      vertex 13 -5.5 5.6
      vertex 17 -5.5 5.6
      vertex 17 -2.94715116918087 5.6
    endloop
  endfacet
  facet normal 0 0 1
    outer loop
      vertex 18.160607986152172 -3.733578361570835 5.6
      vertex 18.484003633260727 -3.8492911756038666 5.6
      vertex 17 -2.94715116918087 5.6
    endloop
  endfacet
  facet normal 0 0 1
    outer loop
      vertex 18.484003633260727 -3.8492911756038666 5.6
      vertex 18.81718387454748 -3.932748481631279 5.6
      vertex 17 -2.94715116918087 5.6
    endloop
  endfacet
  facet normal 0 0 1
    outer loop
      vertex 18.81718387454748 -3.932748481631279 5.6
      vertex 19.15694000571966 -3.9831465408205986 5.6
      vertex 17 -2.94715116918087 5.6
    endloop
  endfacet
  facet normal 0 0 1
    outer loop
      vertex 19.15694000571966 -3.9831465408205986 5.6
      vertex 19.5 -4 5.6
      vertex 17 -2.94715116918087 5.6
    endloop
  endfacet
  facet normal -0.595699300628549 -0.8032075343462969 0
    outer loop
      vertex 17.55550418794155 -3.41014364361763 0
      vertex 17.55550418794155 -3.41014364361763 5.6
      vertex 17.27962350845337 -3.205536589026451 5.6
    endloop
  endfacet
  facet normal -0.6715589469163653 -0.740951132542884 0
    outer loop
      vertex 17.27962350845337 -3.205536589026451 0
      vertex 17.27962350845337 -3.205536589026451 5.6
      vertex 17.02512626349926 -2.97487373650074 5.6
    endloop
  endfacet
  facet normal -0.7409512172406715 -0.6715588534667437 0
    outer loop
      vertex 17.02512626349926 -2.97487373650074 0
      vertex 17.02512626349926 -2.97487373650074 5.6
      vertex 17 -2.94715116918087 5.6
    endloop
  endfacet
  facet normal -1 0 0
    outer loop
      vertex 13 -5.5 5.6
      vertex 13 -2.3281149144471267 4.355596652454886
      vertex 13 -2.469379540175394 4.119910863112793
    endloop
  endfacet
  facet normal -1 0 0
    outer loop
      vertex 13 -5.5 5.6
      vertex 13 -2.1644292694156633 4.576301195658207
      vertex 13 -2.3281149144471267 4.355596652454886
    endloop
  endfacet
  facet normal -1 0 0
    outer loop
      vertex 13 -5.5 5.6
      vertex 13 -1.9798989873223332 4.779898987322333
      vertex 13 -2.1644292694156633 4.576301195658207
    endloop
  endfacet
  facet normal -1 0 0
    outer loop
      vertex 13 -5.5 5.6
      vertex 13 -1.7763011956582073 4.964429269415663
      vertex 13 -1.9798989873223332 4.779898987322333
    endloop
  endfacet
  facet normal -1 0 0
    outer loop
      vertex 13 -5.5 5.6
      vertex 13 -1.555596652454886 5.128114914447126
      vertex 13 -1.7763011956582073 4.964429269415663
    endloop
  endfacet
  facet normal -1 0 0
    outer loop
      vertex 13 -5.5 5.6
      vertex 13 -1.3199108631127934 5.269379540175394
      vertex 13 -1.555596652454886 5.128114914447126
    endloop
  endfacet
  facet normal -1 0 0
    outer loop
      vertex 13 -5.5 5.6
      vertex 13 -1.0715136106222514 5.386862691031602
      vertex 13 -1.3199108631127934 5.269379540175394
    endloop
  endfacet
  facet normal 0 0 1
    outer loop
      vertex 13 -5.5 5.6
      vertex 17 -2.94715116918087 5.6
      vertex 13 0 5.6
    endloop
  endfacet
  facet normal -1 0 0
    outer loop
      vertex 13 -5.5 5.6
      vertex 13 -0.8127970963124945 5.479432940050184
      vertex 13 -1.0715136106222514 5.386862691031602
    endloop
  endfacet
  facet normal -1 0 0
    outer loop
      vertex 13 -5.5 5.6
      vertex 13 -0.546252901645159 5.546198785129045
      vertex 13 -0.8127970963124945 5.479432940050184
    endloop
  endfacet
  facet normal -1 0 0
    outer loop
      vertex 13 -5.5 5.6
      vertex 13 -0.27444799292276967 5.586517234682152
      vertex 13 -0.546252901645159 5.546198785129045
    endloop
  endfacet
  facet normal -1 0 0
    outer loop
      vertex 13 -5.5 5.6
      vertex 13 0 5.6
      vertex 13 -0.27444799292276967 5.586517234682152
    endloop
  endfacet
  facet normal 0 0 1
    outer loop
      vertex 17.850111417472363 -3.5867244228720665 5.6
      vertex 17 -2.94715116918087 5.6
      vertex 17.55550418794155 -3.41014364361763 5.6
    endloop
  endfacet
  facet normal 0 0 1
    outer loop
      vertex 17 -2.94715116918087 5.6
      vertex 17.27962350845337 -3.205536589026451 5.6
      vertex 17.55550418794155 -3.41014364361763 5.6
    endloop
  endfacet
  facet normal 0 0 1
    outer loop
      vertex 17 -2.94715116918087 5.6
      vertex 17.02512626349926 -2.97487373650074 5.6
      vertex 17.27962350845337 -3.205536589026451 5.6
    endloop
  endfacet
  facet normal 0 0 1
    outer loop
      vertex 17.850111417472363 -3.5867244228720665 5.6
      vertex 18.160607986152172 -3.733578361570835 5.6
      vertex 17 -2.94715116918087 5.6
    endloop
  endfacet
  facet normal 0 0 -1
    outer loop
      vertex 17 -2.94715116918087 0
      vertex 13 0 0
      vertex 13 5.5 0
    endloop
  endfacet
  facet normal -1 0 0
    outer loop
      vertex 13 5.5 0
      vertex 13 0 0
      vertex 13 0.27444799292276967 0.013482765317848422
    endloop
  endfacet
  facet normal -1 0 0
    outer loop
      vertex 13 5.5 0
      vertex 13 0.27444799292276967 0.013482765317848422
      vertex 13 0.546252901645159 0.053801214870954794
    endloop
  endfacet
  facet normal -1 0 0
    outer loop
      vertex 13 5.5 0
      vertex 13 0.546252901645159 0.053801214870954794
      vertex 13 0.8127970963124945 0.1205670599498152
    endloop
  endfacet
  facet normal -1 0 0
    outer loop
      vertex 13 5.5 0
      vertex 13 0.8127970963124945 0.1205670599498152
      vertex 13 1.0715136106222514 0.21313730896839722
    endloop
  endfacet
  facet normal -1 0 0
    outer loop
      vertex 13 5.5 0
      vertex 13 1.0715136106222514 0.21313730896839722
      vertex 13 1.3199108631127934 0.33062045982460564
    endloop
  endfacet
  facet normal -1 0 0
    outer loop
      vertex 13 5.5 0
      vertex 13 1.3199108631127934 0.33062045982460564
      vertex 13 1.555596652454886 0.4718850855528731
    endloop
  endfacet
  facet normal -1 0 0
    outer loop
      vertex 13 5.5 0
      vertex 13 1.555596652454886 0.4718850855528731
      vertex 13 1.7763011956582073 0.6355707305843366
    endloop
  endfacet
  facet normal -1 0 0
    outer loop
      vertex 13 5.5 0
      vertex 13 1.7763011956582073 0.6355707305843366
      vertex 13 1.9798989873223332 0.8201010126776667
    endloop
  endfacet
  facet normal -1 0 0
    outer loop
      vertex 13 5.5 0
      vertex 13 1.9798989873223332 0.8201010126776667
      vertex 13 2.1644292694156633 1.0236988043417925
    endloop
  endfacet
  facet normal -1 0 0
    outer loop
      vertex 13 5.5 0
      vertex 13 2.1644292694156633 1.0236988043417925
      vertex 13 2.3281149144471267 1.2444033475451137
    endloop
  endfacet
  facet normal -1 0 0
    outer loop
      vertex 13 5.5 0
      vertex 13 2.3281149144471267 1.2444033475451137
      vertex 13 2.469379540175394 1.4800891368872064
    endloop
  endfacet
  facet normal 0 0 -1
    outer loop
      vertex 17 -2.94715116918087 0
      vertex 17 2.94715116918087 0
      vertex 17.02512626349926 2.97487373650074 0
    endloop
  endfacet
  facet normal 0 0 -1
    outer loop
      vertex 17 -2.94715116918087 0
      vertex 17.02512626349926 2.97487373650074 0
      vertex 17.27962350845337 3.205536589026451 0
    endloop
  endfacet
  facet normal 0 0 -1
    outer loop
      vertex 17 -2.94715116918087 0
      vertex 17.27962350845337 3.205536589026451 0
      vertex 17.55550418794155 3.41014364361763 0
    endloop
  endfacet
  facet normal 0 0 -1
    outer loop
      vertex 17 -2.94715116918087 0
      vertex 17.55550418794155 3.41014364361763 0
      vertex 17.850111417472363 3.5867244228720665 0
    endloop
  endfacet
  facet normal 0 0 -1
    outer loop
      vertex 17 -2.94715116918087 0
      vertex 17.850111417472363 3.5867244228720665 0
      vertex 18.160607986152172 3.733578361570835 0
    endloop
  endfacet
  facet normal 0 0 -1
    outer loop
      vertex 17 -2.94715116918087 0
      vertex 18.160607986152172 3.733578361570835 0
      vertex 18.484003633260727 3.8492911756038666 0
    endloop
  endfacet
  facet normal 0 0 -1
    outer loop
      vertex 17 -2.94715116918087 0
      vertex 18.484003633260727 3.8492911756038666 0
      vertex 18.81718387454748 3.932748481631279 0
    endloop
  endfacet
  facet normal 0 0 -1
    outer loop
      vertex 17 -2.94715116918087 0
      vertex 18.81718387454748 3.932748481631279 0
      vertex 19.15694000571966 3.9831465408205986 0
    endloop
  endfacet
  facet normal 0 0 -1
    outer loop
      vertex 17 -2.94715116918087 0
      vertex 19.15694000571966 3.9831465408205986 0
      vertex 19.5 4 0
    endloop
  endfacet
  facet normal 0 0 -1
    outer loop
      vertex 17 -2.94715116918087 0
      vertex 13 5.5 0
      vertex 17 2.94715116918087 0
    endloop
  endfacet
  facet normal -0.7409512172406715 0.6715588534667437 0
    outer loop
      vertex 17 2.94715116918087 0
      vertex 17.02512626349926 2.97487373650074 5.6
      vertex 17.02512626349926 2.97487373650074 0
    endloop
  endfacet
  facet normal -0.6715589469163653 0.740951132542884 0
    outer loop
      vertex 17.02512626349926 2.97487373650074 0
      vertex 17.27962350845337 3.205536589026451 5.6
      vertex 17.27962350845337 3.205536589026451 0
    endloop
  endfacet
  facet normal -0.595699300628549 0.8032075343462969 0
    outer loop
      vertex 17.27962350845337 3.205536589026451 0
      vertex 17.55550418794155 3.41014364361763 5.6
      vertex 17.55550418794155 3.41014364361763 0
    endloop
  endfacet
  facet normal 0 0 -1
    outer loop
      vertex 17 2.94715116918087 0
      vertex 13 5.5 0
      vertex 13.007222913205624 5.647025711834431 0
    endloop
  endfacet
  facet normal 0 0 -1
    outer loop
      vertex 17 2.94715116918087 0
      vertex 13.007222913205624 5.647025711834431 0
      vertex 13.02882207930088 5.7926354855299 0
    endloop
  endfacet
  facet normal 0 0 -1
    outer loop
      vertex 17 2.94715116918087 0
      vertex 13.02882207930088 5.7926354855299 0
      vertex 13.064589492976665 5.935427017509937 0
    endloop
  endfacet
  facet normal 0 0 -1
    outer loop
      vertex 17 2.94715116918087 0
      vertex 13.064589492976665 5.935427017509937 0
      vertex 13.114180698990822 6.074025146663189 0
    endloop
  endfacet
  facet normal 0 0 -1
    outer loop
      vertex 17 2.94715116918087 0
      vertex 13.114180698990822 6.074025146663189 0
      vertex 13.177118100225925 6.207095108926296 0
    endloop
  endfacet
  facet normal 0 0 -1
    outer loop
      vertex 17 2.94715116918087 0
      vertex 13.177118100225925 6.207095108926296 0
      vertex 13.252795584499836 6.333355352282524 0
    endloop
  endfacet
  facet normal 0 0 -1
    outer loop
      vertex 17 2.94715116918087 0
      vertex 13.252795584499836 6.333355352282524 0
      vertex 13.340484321117401 6.451589927077293 0
    endloop
  endfacet
  facet normal -1 0 0
    outer loop
      vertex 13 5.5 0
      vertex 13 2.469379540175394 1.4800891368872064
      vertex 13 2.5868626910316026 1.7284863893777485
    endloop
  endfacet
  facet normal -1 0 0
    outer loop
      vertex 13 5.5 0
      vertex 13 2.5868626910316026 1.7284863893777485
      vertex 13 2.6794329400501846 1.9872029036875052
    endloop
  endfacet
  facet normal 0 0 -1
    outer loop
      vertex 17 2.94715116918087 0
      vertex 13.340484321117401 6.451589927077293 0
      vertex 13.439339831471443 6.560660168528557 0
    endloop
  endfacet
  facet normal 0 0 -1
    outer loop
      vertex 17 2.94715116918087 0
      vertex 13.439339831471443 6.560660168528557 0
      vertex 13.548410072922707 6.659515678882599 0
    endloop
  endfacet
  facet normal 0 0 -1
    outer loop
      vertex 17 2.94715116918087 0
      vertex 13.548410072922707 6.659515678882599 0
      vertex 13.666644647717476 6.747204415500164 0
    endloop
  endfacet
  facet normal 0 0 -1
    outer loop
      vertex 17 2.94715116918087 0
      vertex 13.666644647717476 6.747204415500164 0
      vertex 13.792904891073704 6.8228818997740746 0
    endloop
  endfacet
  facet normal 0 0 -1
    outer loop
      vertex 17 2.94715116918087 0
      vertex 13.792904891073704 6.8228818997740746 0
      vertex 13.925974853336811 6.885819301009178 0
    endloop
  endfacet
  facet normal 0 0 -1
    outer loop
      vertex 17 2.94715116918087 0
      vertex 13.925974853336811 6.885819301009178 0
      vertex 14.064572982490063 6.9354105070233345 0
    endloop
  endfacet
  facet normal 0 0 -1
    outer loop
      vertex 17 2.94715116918087 0
      vertex 15.5 7 0
      vertex 17 5.5 0
    endloop
  endfacet
  facet normal 0 0 -1
    outer loop
      vertex 17 2.94715116918087 0
      vertex 14.064572982490063 6.9354105070233345 0
      vertex 14.2073645144701 6.97117792069912 0
    endloop
  endfacet
  facet normal 0 0 -1
    outer loop
      vertex 17 2.94715116918087 0
      vertex 14.2073645144701 6.97117792069912 0
      vertex 14.35297428816557 6.992777086794376 0
    endloop
  endfacet
  facet normal 0 0 -1
    outer loop
      vertex 17 2.94715116918087 0
      vertex 14.35297428816557 6.992777086794376 0
      vertex 14.5 7 0
    endloop
  endfacet
  facet normal 0 0 -1
    outer loop
      vertex 17 2.94715116918087 0
      vertex 14.5 7 0
      vertex 15.5 7 0
    endloop
  endfacet
  facet normal 0 0 -1
    outer loop
      vertex 17 5.5 0
      vertex 16.560660168528557 6.560660168528557 0
      vertex 16.992777086794376 5.647025711834431 0
    endloop
  endfacet
  facet normal 0 0 -1
    outer loop
      vertex 16.935410507023335 5.935427017509937 0
      vertex 16.747204415500164 6.333355352282524 0
      vertex 16.885819301009178 6.074025146663189 0
    endloop
  endfacet
  facet normal 0 0 -1
    outer loop
      vertex 16.992777086794376 5.647025711834431 0
      vertex 16.747204415500164 6.333355352282524 0
      vertex 16.97117792069912 5.7926354855299 0
    endloop
  endfacet
  facet normal 0 0 -1
    outer loop
      vertex 16.97117792069912 5.7926354855299 0
      vertex 16.747204415500164 6.333355352282524 0
      vertex 16.935410507023335 5.935427017509937 0
    endloop
  endfacet
  facet normal 0 0 -1
    outer loop
      vertex 15.5 7 0
      vertex 15.64702571183443 6.992777086794376 0
      vertex 17 5.5 0
    endloop
  endfacet
  facet normal 0 0 -1
    outer loop
      vertex 15.64702571183443 6.992777086794376 0
      vertex 15.7926354855299 6.97117792069912 0
      vertex 17 5.5 0
    endloop
  endfacet
  facet normal 0 0 -1
    outer loop
      vertex 15.7926354855299 6.97117792069912 0
      vertex 15.935427017509937 6.9354105070233345 0
      vertex 17 5.5 0
    endloop
  endfacet
  facet normal 0 0 -1
    outer loop
      vertex 16.992777086794376 5.647025711834431 0
      vertex 16.6595156788826 6.451589927077293 0
      vertex 16.747204415500164 6.333355352282524 0
    endloop
  endfacet
  facet normal 0 0 -1
    outer loop
      vertex 16.992777086794376 5.647025711834431 0
      vertex 16.560660168528557 6.560660168528557 0
      vertex 16.6595156788826 6.451589927077293 0
    endloop
  endfacet
  facet normal 0 0 -1
    outer loop
      vertex 16.885819301009178 6.074025146663189 0
      vertex 16.747204415500164 6.333355352282524 0
      vertex 16.822881899774075 6.207095108926296 0
    endloop
  endfacet
  facet normal 0 0 -1
    outer loop
      vertex 17 5.5 0
      vertex 16.451589927077293 6.659515678882599 0
      vertex 16.560660168528557 6.560660168528557 0
    endloop
  endfacet
  facet normal 0 0 -1
    outer loop
      vertex 16.333355352282524 6.747204415500164 0
      vertex 16.451589927077293 6.659515678882599 0
      vertex 17 5.5 0
    endloop
  endfacet
  facet normal 0 0 -1
    outer loop
      vertex 15.935427017509937 6.9354105070233345 0
      vertex 16.07402514666319 6.885819301009178 0
      vertex 17 5.5 0
    endloop
  endfacet
  facet normal 0 0 -1
    outer loop
      vertex 16.333355352282524 6.747204415500164 0
      vertex 17 5.5 0
      vertex 16.207095108926296 6.8228818997740746 0
    endloop
  endfacet
  facet normal 0 0 -1
    outer loop
      vertex 16.07402514666319 6.885819301009178 0
      vertex 16.207095108926296 6.8228818997740746 0
      vertex 17 5.5 0
    endloop
  endfacet
  facet normal -1 0 0
    outer loop
      vertex 13 5.5 0
      vertex 13 2.6794329400501846 1.9872029036875052
      vertex 13 2.746198785129045 2.253747098354841
    endloop
  endfacet
  facet normal -1 0 0
    outer loop
      vertex 13 5.5 0
      vertex 13 2.746198785129045 2.253747098354841
      vertex 13 2.7865172346821514 2.52555200707723
    endloop
  endfacet
  facet normal -1 0 0
    outer loop
      vertex 13 5.5 0
      vertex 13 2.7865172346821514 2.52555200707723
      vertex 13 2.8 2.8
    endloop
  endfacet
  facet normal -1 0 0
    outer loop
      vertex 13 5.5 0
      vertex 13 2.8 2.8
      vertex 13 2.7865172346821514 3.0744479929227695
    endloop
  endfacet
  facet normal -0.9987954551570747 0.049067695661932934 0
    outer loop
      vertex 13 5.5 0
      vertex 13.007222913205624 5.647025711834431 5.6
      vertex 13.007222913205624 5.647025711834431 0
    endloop
  endfacet
  facet normal -0.9891765133971449 0.14673045131624157 0
    outer loop
      vertex 13.007222913205624 5.647025711834431 0
      vertex 13.02882207930088 5.7926354855299 5.6
      vertex 13.02882207930088 5.7926354855299 0
    endloop
  endfacet
  facet normal -0.9700312581757379 0.2429801600172223 0
    outer loop
      vertex 13.02882207930088 5.7926354855299 0
      vertex 13.064589492976665 5.935427017509937 5.6
      vertex 13.064589492976665 5.935427017509937 0
    endloop
  endfacet
  facet normal -0.9415440599260391 0.33688986808449944 0
    outer loop
      vertex 13.064589492976665 5.935427017509937 0
      vertex 13.114180698990822 6.074025146663189 5.6
      vertex 13.114180698990822 6.074025146663189 0
    endloop
  endfacet
  facet normal -0.9039893026927516 0.4275550731976791 0
    outer loop
      vertex 13.114180698990822 6.074025146663189 0
      vertex 13.177118100225925 6.207095108926296 5.6
      vertex 13.177118100225925 6.207095108926296 0
    endloop
  endfacet
  facet normal -0.8577285897347089 0.5141027780042696 0
    outer loop
      vertex 13.177118100225925 6.207095108926296 0
      vertex 13.252795584499836 6.333355352282524 5.6
      vertex 13.252795584499836 6.333355352282524 0
    endloop
  endfacet
  facet normal -0.8032075326742517 0.5956993028830408 0
    outer loop
      vertex 13.252795584499836 6.333355352282524 0
      vertex 13.340484321117401 6.451589927077293 5.6
      vertex 13.340484321117401 6.451589927077293 0
    endloop
  endfacet
  facet normal -0.7409511057814068 0.6715589764431047 0
    outer loop
      vertex 13.340484321117401 6.451589927077293 0
      vertex 13.439339831471443 6.560660168528557 5.6
      vertex 13.439339831471443 6.560660168528557 0
    endloop
  endfacet
  facet normal -0.6715589764431047 0.7409511057814068 0
    outer loop
      vertex 13.439339831471443 6.560660168528557 0
      vertex 13.548410072922707 6.659515678882599 5.6
      vertex 13.548410072922707 6.659515678882599 0
    endloop
  endfacet
  facet normal -0.5956993028830408 0.8032075326742517 0
    outer loop
      vertex 13.548410072922707 6.659515678882599 0
      vertex 13.666644647717476 6.747204415500164 5.6
      vertex 13.666644647717476 6.747204415500164 0
    endloop
  endfacet
  facet normal -0.5141027780042696 0.8577285897347089 0
    outer loop
      vertex 13.666644647717476 6.747204415500164 0
      vertex 13.792904891073704 6.8228818997740746 5.6
      vertex 13.792904891073704 6.8228818997740746 0
    endloop
  endfacet
  facet normal -0.4275550731976791 0.9039893026927516 0
    outer loop
      vertex 13.792904891073704 6.8228818997740746 0
      vertex 13.925974853336811 6.885819301009178 5.6
      vertex 13.925974853336811 6.885819301009178 0
    endloop
  endfacet
  facet normal -0.33688986808449944 0.9415440599260391 0
    outer loop
      vertex 13.925974853336811 6.885819301009178 0
      vertex 14.064572982490063 6.9354105070233345 5.6
      vertex 14.064572982490063 6.9354105070233345 0
    endloop
  endfacet
  facet normal -0.2429801600172223 0.9700312581757379 0
    outer loop
      vertex 14.064572982490063 6.9354105070233345 0
      vertex 14.2073645144701 6.97117792069912 5.6
      vertex 14.2073645144701 6.97117792069912 0
    endloop
  endfacet
  facet normal -0.14673045131624157 0.9891765133971449 0
    outer loop
      vertex 14.2073645144701 6.97117792069912 0
      vertex 14.35297428816557 6.992777086794376 5.6
      vertex 14.35297428816557 6.992777086794376 0
    endloop
  endfacet
  facet normal -0.049067695661932934 0.9987954551570747 0
    outer loop
      vertex 14.35297428816557 6.992777086794376 0
      vertex 14.5 7 5.6
      vertex 14.5 7 0
    endloop
  endfacet
  facet normal 1 0 0
    outer loop
      vertex 17 2.94715116918087 0
      vertex 17 5.5 0
      vertex 17 2.94715116918087 5.6
    endloop
  endfacet
  facet normal -0.5141027471442344 0.8577286082315032 0
    outer loop
      vertex 17.55550418794155 3.41014364361763 0
      vertex 17.850111417472363 3.5867244228720665 5.6
      vertex 17.850111417472363 3.5867244228720665 0
    endloop
  endfacet
  facet normal -0.42755509028519917 0.9039892946109568 0
    outer loop
      vertex 17.850111417472363 3.5867244228720665 0
      vertex 18.160607986152172 3.733578361570835 5.6
      vertex 18.160607986152172 3.733578361570835 0
    endloop
  endfacet
  facet normal -0.33688985661686227 0.9415440640292254 0
    outer loop
      vertex 18.160607986152172 3.733578361570835 0
      vertex 18.484003633260727 3.8492911756038666 5.6
      vertex 18.484003633260727 3.8492911756038666 0
    endloop
  endfacet
  facet normal -0.2429801804284 0.9700312530630043 0
    outer loop
      vertex 18.484003633260727 3.8492911756038666 0
      vertex 18.81718387454748 3.932748481631279 5.6
      vertex 18.81718387454748 3.932748481631279 0
    endloop
  endfacet
  facet normal -0.14673046861453307 0.9891765108311862 0
    outer loop
      vertex 18.81718387454748 3.932748481631279 0
      vertex 19.15694000571966 3.9831465408205986 5.6
      vertex 19.15694000571966 3.9831465408205986 0
    endloop
  endfacet
  facet normal -0.0490676812355168 0.9987954558657992 0
    outer loop
      vertex 19.15694000571966 3.9831465408205986 0
      vertex 19.5 4 5.6
      vertex 19.5 4 0
    endloop
  endfacet
  facet normal 0.9987954551570747 0.049067695661932934 0
    outer loop
      vertex 17 5.5 0
      vertex 16.992777086794376 5.647025711834431 0
      vertex 17 5.5 5.6
    endloop
  endfacet
  facet normal 0.9039893026927516 0.4275550731976791 0
    outer loop
      vertex 16.885819301009178 6.074025146663189 0
      vertex 16.822881899774075 6.207095108926296 0
      vertex 16.885819301009178 6.074025146663189 5.6
    endloop
  endfacet
  facet normal 0.9891765133971449 0.14673045131624157 0
    outer loop
      vertex 16.992777086794376 5.647025711834431 0
      vertex 16.97117792069912 5.7926354855299 0
      vertex 16.992777086794376 5.647025711834431 5.6
    endloop
  endfacet
  facet normal 0.9700312581757379 0.2429801600172223 0
    outer loop
      vertex 16.97117792069912 5.7926354855299 0
      vertex 16.935410507023335 5.935427017509937 0
      vertex 16.97117792069912 5.7926354855299 5.6
    endloop
  endfacet
  facet normal 0.9415440599260391 0.33688986808449944 0
    outer loop
      vertex 16.935410507023335 5.935427017509937 0
      vertex 16.885819301009178 6.074025146663189 0
      vertex 16.935410507023335 5.935427017509937 5.6
    endloop
  endfacet
  facet normal 0 1 0
    outer loop
      vertex 14.5 7 0
      vertex 15.5 7 5.6
      vertex 15.5 7 0
    endloop
  endfacet
  facet normal 0.049067695661932934 0.9987954551570747 0
    outer loop
      vertex 15.5 7 0
      vertex 15.64702571183443 6.992777086794376 5.6
      vertex 15.64702571183443 6.992777086794376 0
    endloop
  endfacet
  facet normal 0.14673045131624157 0.9891765133971449 0
    outer loop
      vertex 15.64702571183443 6.992777086794376 0
      vertex 15.7926354855299 6.97117792069912 5.6
      vertex 15.7926354855299 6.97117792069912 0
    endloop
  endfacet
  facet normal 0.2429801600172223 0.9700312581757379 0
    outer loop
      vertex 15.7926354855299 6.97117792069912 0
      vertex 15.935427017509937 6.9354105070233345 5.6
      vertex 15.935427017509937 6.9354105070233345 0
    endloop
  endfacet
  facet normal 0.4275550731976791 0.9039893026927516 0
    outer loop
      vertex 16.07402514666319 6.885819301009178 0
      vertex 16.207095108926296 6.8228818997740746 5.6
      vertex 16.207095108926296 6.8228818997740746 0
    endloop
  endfacet
  facet normal 0.33688986808449944 0.9415440599260391 0
    outer loop
      vertex 15.935427017509937 6.9354105070233345 0
      vertex 16.07402514666319 6.885819301009178 5.6
      vertex 16.07402514666319 6.885819301009178 0
    endloop
  endfacet
  facet normal 0.8577285897347089 0.5141027780042696 0
    outer loop
      vertex 16.747204415500164 6.333355352282524 0
      vertex 16.822881899774075 6.207095108926296 5.6
      vertex 16.822881899774075 6.207095108926296 0
    endloop
  endfacet
  facet normal 0.8032075326742517 0.5956993028830408 0
    outer loop
      vertex 16.747204415500164 6.333355352282524 0
      vertex 16.6595156788826 6.451589927077293 0
      vertex 16.747204415500164 6.333355352282524 5.6
    endloop
  endfacet
  facet normal 0.7409511057814068 0.6715589764431047 0
    outer loop
      vertex 16.560660168528557 6.560660168528557 0
      vertex 16.6595156788826 6.451589927077293 5.6
      vertex 16.6595156788826 6.451589927077293 0
    endloop
  endfacet
  facet normal 0.6715589764431047 0.7409511057814068 0
    outer loop
      vertex 16.560660168528557 6.560660168528557 0
      vertex 16.451589927077293 6.659515678882599 0
      vertex 16.560660168528557 6.560660168528557 5.6
    endloop
  endfacet
  facet normal 0.5141027780042696 0.8577285897347089 0
    outer loop
      vertex 16.333355352282524 6.747204415500164 0
      vertex 16.207095108926296 6.8228818997740746 0
      vertex 16.333355352282524 6.747204415500164 5.6
    endloop
  endfacet
  facet normal 0.5956993028830408 0.8032075326742517 0
    outer loop
      vertex 16.333355352282524 6.747204415500164 0
      vertex 16.451589927077293 6.659515678882599 5.6
      vertex 16.451589927077293 6.659515678882599 0
    endloop
  endfacet
  facet normal -0.7409512172406715 0.6715588534667437 0
    outer loop
      vertex 17 2.94715116918087 0
      vertex 17 2.94715116918087 5.6
      vertex 17.02512626349926 2.97487373650074 5.6
    endloop
  endfacet
  facet normal -0.6715589469163653 0.740951132542884 0
    outer loop
      vertex 17.02512626349926 2.97487373650074 0
      vertex 17.02512626349926 2.97487373650074 5.6
      vertex 17.27962350845337 3.205536589026451 5.6
    endloop
  endfacet
  facet normal -0.595699300628549 0.8032075343462969 0
    outer loop
      vertex 17.27962350845337 3.205536589026451 0
      vertex 17.27962350845337 3.205536589026451 5.6
      vertex 17.55550418794155 3.41014364361763 5.6
    endloop
  endfacet
  facet normal -0.5141027471442344 0.8577286082315032 0
    outer loop
      vertex 17.55550418794155 3.41014364361763 0
      vertex 17.55550418794155 3.41014364361763 5.6
      vertex 17.850111417472363 3.5867244228720665 5.6
    endloop
  endfacet
  facet normal 0 0 1
    outer loop
      vertex 17 -2.94715116918087 5.6
      vertex 13 5.5 5.6
      vertex 13 0 5.6
    endloop
  endfacet
  facet normal -1 0 0
    outer loop
      vertex 13 5.5 5.6
      vertex 13 2.469379540175394 4.119910863112793
      vertex 13 2.3281149144471267 4.355596652454886
    endloop
  endfacet
  facet normal -1 0 0
    outer loop
      vertex 13 5.5 5.6
      vertex 13 2.3281149144471267 4.355596652454886
      vertex 13 2.1644292694156633 4.576301195658207
    endloop
  endfacet
  facet normal -1 0 0
    outer loop
      vertex 13 5.5 5.6
      vertex 13 0.27444799292276967 5.586517234682152
      vertex 13 0 5.6
    endloop
  endfacet
  facet normal -1 0 0
    outer loop
      vertex 13 5.5 5.6
      vertex 13 0.546252901645159 5.546198785129045
      vertex 13 0.27444799292276967 5.586517234682152
    endloop
  endfacet
  facet normal -1 0 0
    outer loop
      vertex 13 5.5 5.6
      vertex 13 0.8127970963124945 5.479432940050184
      vertex 13 0.546252901645159 5.546198785129045
    endloop
  endfacet
  facet normal -1 0 0
    outer loop
      vertex 13 5.5 5.6
      vertex 13 1.0715136106222514 5.386862691031602
      vertex 13 0.8127970963124945 5.479432940050184
    endloop
  endfacet
  facet normal -1 0 0
    outer loop
      vertex 13 5.5 5.6
      vertex 13 1.7763011956582073 4.964429269415663
      vertex 13 1.555596652454886 5.128114914447126
    endloop
  endfacet
  facet normal -1 0 0
    outer loop
      vertex 13 5.5 5.6
      vertex 13 2.1644292694156633 4.576301195658207
      vertex 13 1.9798989873223332 4.779898987322333
    endloop
  endfacet
  facet normal -1 0 0
    outer loop
      vertex 13 5.5 5.6
      vertex 13 1.9798989873223332 4.779898987322333
      vertex 13 1.7763011956582073 4.964429269415663
    endloop
  endfacet
  facet normal -1 0 0
    outer loop
      vertex 13 5.5 5.6
      vertex 13 1.555596652454886 5.128114914447126
      vertex 13 1.3199108631127934 5.269379540175394
    endloop
  endfacet
  facet normal -1 0 0
    outer loop
      vertex 13 5.5 5.6
      vertex 13 1.3199108631127934 5.269379540175394
      vertex 13 1.0715136106222514 5.386862691031602
    endloop
  endfacet
  facet normal 0 0 1
    outer loop
      vertex 17 -2.94715116918087 5.6
      vertex 17.02512626349926 2.97487373650074 5.6
      vertex 17 2.94715116918087 5.6
    endloop
  endfacet
  facet normal 0 0 1
    outer loop
      vertex 17 -2.94715116918087 5.6
      vertex 17.27962350845337 3.205536589026451 5.6
      vertex 17.02512626349926 2.97487373650074 5.6
    endloop
  endfacet
  facet normal 0 0 1
    outer loop
      vertex 17 -2.94715116918087 5.6
      vertex 17.55550418794155 3.41014364361763 5.6
      vertex 17.27962350845337 3.205536589026451 5.6
    endloop
  endfacet
  facet normal 0 0 1
    outer loop
      vertex 17 -2.94715116918087 5.6
      vertex 17.850111417472363 3.5867244228720665 5.6
      vertex 17.55550418794155 3.41014364361763 5.6
    endloop
  endfacet
  facet normal 0 0 1
    outer loop
      vertex 17 -2.94715116918087 5.6
      vertex 18.160607986152172 3.733578361570835 5.6
      vertex 17.850111417472363 3.5867244228720665 5.6
    endloop
  endfacet
  facet normal 0 0 1
    outer loop
      vertex 17 -2.94715116918087 5.6
      vertex 18.484003633260727 3.8492911756038666 5.6
      vertex 18.160607986152172 3.733578361570835 5.6
    endloop
  endfacet
  facet normal 0 0 1
    outer loop
      vertex 17 -2.94715116918087 5.6
      vertex 18.81718387454748 3.932748481631279 5.6
      vertex 18.484003633260727 3.8492911756038666 5.6
    endloop
  endfacet
  facet normal 0 0 1
    outer loop
      vertex 17 -2.94715116918087 5.6
      vertex 19.15694000571966 3.9831465408205986 5.6
      vertex 18.81718387454748 3.932748481631279 5.6
    endloop
  endfacet
  facet normal 0 0 1
    outer loop
      vertex 17 -2.94715116918087 5.6
      vertex 19.5 4 5.6
      vertex 19.15694000571966 3.9831465408205986 5.6
    endloop
  endfacet
  facet normal 0 0 1
    outer loop
      vertex 17 -2.94715116918087 5.6
      vertex 17 2.94715116918087 5.6
      vertex 13 5.5 5.6
    endloop
  endfacet
  facet normal -1 0 0
    outer loop
      vertex 13 5.5 0
      vertex 13 2.7865172346821514 3.0744479929227695
      vertex 13 5.5 5.6
    endloop
  endfacet
  facet normal -1 0 0
    outer loop
      vertex 13 5.5 5.6
      vertex 13 2.7865172346821514 3.0744479929227695
      vertex 13 2.746198785129045 3.3462529016451588
    endloop
  endfacet
  facet normal -1 0 0
    outer loop
      vertex 13 5.5 5.6
      vertex 13 2.746198785129045 3.3462529016451588
      vertex 13 2.6794329400501846 3.6127970963124945
    endloop
  endfacet
  facet normal -0.9987954551570747 0.049067695661932934 0
    outer loop
      vertex 13 5.5 0
      vertex 13 5.5 5.6
      vertex 13.007222913205624 5.647025711834431 5.6
    endloop
  endfacet
  facet normal -0.9891765133971449 0.14673045131624157 0
    outer loop
      vertex 13.007222913205624 5.647025711834431 0
      vertex 13.007222913205624 5.647025711834431 5.6
      vertex 13.02882207930088 5.7926354855299 5.6
    endloop
  endfacet
  facet normal -0.9700312581757379 0.2429801600172223 0
    outer loop
      vertex 13.02882207930088 5.7926354855299 0
      vertex 13.02882207930088 5.7926354855299 5.6
      vertex 13.064589492976665 5.935427017509937 5.6
    endloop
  endfacet
  facet normal -0.9415440599260391 0.33688986808449944 0
    outer loop
      vertex 13.064589492976665 5.935427017509937 0
      vertex 13.064589492976665 5.935427017509937 5.6
      vertex 13.114180698990822 6.074025146663189 5.6
    endloop
  endfacet
  facet normal -0.9039893026927516 0.4275550731976791 0
    outer loop
      vertex 13.114180698990822 6.074025146663189 0
      vertex 13.114180698990822 6.074025146663189 5.6
      vertex 13.177118100225925 6.207095108926296 5.6
    endloop
  endfacet
  facet normal -0.8577285897347089 0.5141027780042696 0
    outer loop
      vertex 13.177118100225925 6.207095108926296 0
      vertex 13.177118100225925 6.207095108926296 5.6
      vertex 13.252795584499836 6.333355352282524 5.6
    endloop
  endfacet
  facet normal -0.8032075326742517 0.5956993028830408 0
    outer loop
      vertex 13.252795584499836 6.333355352282524 0
      vertex 13.252795584499836 6.333355352282524 5.6
      vertex 13.340484321117401 6.451589927077293 5.6
    endloop
  endfacet
  facet normal -0.7409511057814068 0.6715589764431047 0
    outer loop
      vertex 13.340484321117401 6.451589927077293 0
      vertex 13.340484321117401 6.451589927077293 5.6
      vertex 13.439339831471443 6.560660168528557 5.6
    endloop
  endfacet
  facet normal -0.6715589764431047 0.7409511057814068 0
    outer loop
      vertex 13.439339831471443 6.560660168528557 0
      vertex 13.439339831471443 6.560660168528557 5.6
      vertex 13.548410072922707 6.659515678882599 5.6
    endloop
  endfacet
  facet normal -0.5956993028830408 0.8032075326742517 0
    outer loop
      vertex 13.548410072922707 6.659515678882599 0
      vertex 13.548410072922707 6.659515678882599 5.6
      vertex 13.666644647717476 6.747204415500164 5.6
    endloop
  endfacet
  facet normal -0.5141027780042696 0.8577285897347089 0
    outer loop
      vertex 13.666644647717476 6.747204415500164 0
      vertex 13.666644647717476 6.747204415500164 5.6
      vertex 13.792904891073704 6.8228818997740746 5.6
    endloop
  endfacet
  facet normal -0.4275550731976791 0.9039893026927516 0
    outer loop
      vertex 13.792904891073704 6.8228818997740746 0
      vertex 13.792904891073704 6.8228818997740746 5.6
      vertex 13.925974853336811 6.885819301009178 5.6
    endloop
  endfacet
  facet normal -0.33688986808449944 0.9415440599260391 0
    outer loop
      vertex 13.925974853336811 6.885819301009178 0
      vertex 13.925974853336811 6.885819301009178 5.6
      vertex 14.064572982490063 6.9354105070233345 5.6
    endloop
  endfacet
  facet normal -0.2429801600172223 0.9700312581757379 0
    outer loop
      vertex 14.064572982490063 6.9354105070233345 0
      vertex 14.064572982490063 6.9354105070233345 5.6
      vertex 14.2073645144701 6.97117792069912 5.6
    endloop
  endfacet
  facet normal -0.14673045131624157 0.9891765133971449 0
    outer loop
      vertex 14.2073645144701 6.97117792069912 0
      vertex 14.2073645144701 6.97117792069912 5.6
      vertex 14.35297428816557 6.992777086794376 5.6
    endloop
  endfacet
  facet normal -0.049067695661932934 0.9987954551570747 0
    outer loop
      vertex 14.35297428816557 6.992777086794376 0
      vertex 14.35297428816557 6.992777086794376 5.6
      vertex 14.5 7 5.6
    endloop
  endfacet
  facet normal 0 1 0
    outer loop
      vertex 14.5 7 0
      vertex 14.5 7 5.6
      vertex 15.5 7 5.6
    endloop
  endfacet
  facet normal 1 0 0
    outer loop
      vertex 17 5.5 0
      vertex 17 5.5 5.6
      vertex 17 2.94715116918087 5.6
    endloop
  endfacet
  facet normal -0.42755509028519917 0.9039892946109568 0
    outer loop
      vertex 17.850111417472363 3.5867244228720665 0
      vertex 17.850111417472363 3.5867244228720665 5.6
      vertex 18.160607986152172 3.733578361570835 5.6
    endloop
  endfacet
  facet normal -0.33688985661686227 0.9415440640292254 0
    outer loop
      vertex 18.160607986152172 3.733578361570835 0
      vertex 18.160607986152172 3.733578361570835 5.6
      vertex 18.484003633260727 3.8492911756038666 5.6
    endloop
  endfacet
  facet normal -0.2429801804284 0.9700312530630043 0
    outer loop
      vertex 18.484003633260727 3.8492911756038666 0
      vertex 18.484003633260727 3.8492911756038666 5.6
      vertex 18.81718387454748 3.932748481631279 5.6
    endloop
  endfacet
  facet normal -0.14673046861453307 0.9891765108311862 0
    outer loop
      vertex 18.81718387454748 3.932748481631279 0
      vertex 18.81718387454748 3.932748481631279 5.6
      vertex 19.15694000571966 3.9831465408205986 5.6
    endloop
  endfacet
  facet normal -0.0490676812355168 0.9987954558657992 0
    outer loop
      vertex 19.15694000571966 3.9831465408205986 0
      vertex 19.15694000571966 3.9831465408205986 5.6
      vertex 19.5 4 5.6
    endloop
  endfacet
  facet normal 0.9987954551570747 0.049067695661932934 0
    outer loop
      vertex 16.992777086794376 5.647025711834431 0
      vertex 16.992777086794376 5.647025711834431 5.6
      vertex 17 5.5 5.6
    endloop
  endfacet
  facet normal 0.9891765133971449 0.14673045131624157 0
    outer loop
      vertex 16.97117792069912 5.7926354855299 0
      vertex 16.97117792069912 5.7926354855299 5.6
      vertex 16.992777086794376 5.647025711834431 5.6
    endloop
  endfacet
  facet normal 0.9700312581757379 0.2429801600172223 0
    outer loop
      vertex 16.935410507023335 5.935427017509937 0
      vertex 16.935410507023335 5.935427017509937 5.6
      vertex 16.97117792069912 5.7926354855299 5.6
    endloop
  endfacet
  facet normal 0.9415440599260391 0.33688986808449944 0
    outer loop
      vertex 16.885819301009178 6.074025146663189 0
      vertex 16.885819301009178 6.074025146663189 5.6
      vertex 16.935410507023335 5.935427017509937 5.6
    endloop
  endfacet
  facet normal 0.049067695661932934 0.9987954551570747 0
    outer loop
      vertex 15.5 7 0
      vertex 15.5 7 5.6
      vertex 15.64702571183443 6.992777086794376 5.6
    endloop
  endfacet
  facet normal 0.14673045131624157 0.9891765133971449 0
    outer loop
      vertex 15.64702571183443 6.992777086794376 0
      vertex 15.64702571183443 6.992777086794376 5.6
      vertex 15.7926354855299 6.97117792069912 5.6
    endloop
  endfacet
  facet normal 0.2429801600172223 0.9700312581757379 0
    outer loop
      vertex 15.7926354855299 6.97117792069912 0
      vertex 15.7926354855299 6.97117792069912 5.6
      vertex 15.935427017509937 6.9354105070233345 5.6
    endloop
  endfacet
  facet normal 0.5141027780042696 0.8577285897347089 0
    outer loop
      vertex 16.207095108926296 6.8228818997740746 0
      vertex 16.207095108926296 6.8228818997740746 5.6
      vertex 16.333355352282524 6.747204415500164 5.6
    endloop
  endfacet
  facet normal 0.4275550731976791 0.9039893026927516 0
    outer loop
      vertex 16.07402514666319 6.885819301009178 0
      vertex 16.07402514666319 6.885819301009178 5.6
      vertex 16.207095108926296 6.8228818997740746 5.6
    endloop
  endfacet
  facet normal 0.33688986808449944 0.9415440599260391 0
    outer loop
      vertex 15.935427017509937 6.9354105070233345 0
      vertex 15.935427017509937 6.9354105070233345 5.6
      vertex 16.07402514666319 6.885819301009178 5.6
    endloop
  endfacet
  facet normal 0.9039893026927516 0.4275550731976791 0
    outer loop
      vertex 16.822881899774075 6.207095108926296 0
      vertex 16.822881899774075 6.207095108926296 5.6
      vertex 16.885819301009178 6.074025146663189 5.6
    endloop
  endfacet
  facet normal 0.8577285897347089 0.5141027780042696 0
    outer loop
      vertex 16.747204415500164 6.333355352282524 0
      vertex 16.747204415500164 6.333355352282524 5.6
      vertex 16.822881899774075 6.207095108926296 5.6
    endloop
  endfacet
  facet normal 0.8032075326742517 0.5956993028830408 0
    outer loop
      vertex 16.6595156788826 6.451589927077293 0
      vertex 16.6595156788826 6.451589927077293 5.6
      vertex 16.747204415500164 6.333355352282524 5.6
    endloop
  endfacet
  facet normal 0.7409511057814068 0.6715589764431047 0
    outer loop
      vertex 16.560660168528557 6.560660168528557 0
      vertex 16.560660168528557 6.560660168528557 5.6
      vertex 16.6595156788826 6.451589927077293 5.6
    endloop
  endfacet
  facet normal 0.6715589764431047 0.7409511057814068 0
    outer loop
      vertex 16.451589927077293 6.659515678882599 0
      vertex 16.451589927077293 6.659515678882599 5.6
      vertex 16.560660168528557 6.560660168528557 5.6
    endloop
  endfacet
  facet normal 0.5956993028830408 0.8032075326742517 0
    outer loop
      vertex 16.333355352282524 6.747204415500164 0
      vertex 16.333355352282524 6.747204415500164 5.6
      vertex 16.451589927077293 6.659515678882599 5.6
    endloop
  endfacet
  facet normal -1 0 0
    outer loop
      vertex 13 5.5 5.6
      vertex 13 2.6794329400501846 3.6127970963124945
      vertex 13 2.5868626910316026 3.871513610622251
    endloop
  endfacet
  facet normal -1 0 0
    outer loop
      vertex 13 5.5 5.6
      vertex 13 2.5868626910316026 3.871513610622251
      vertex 13 2.469379540175394 4.119910863112793
    endloop
  endfacet
  facet normal 0 0 1
    outer loop
      vertex 17 2.94715116918087 5.6
      vertex 13.007222913205624 5.647025711834431 5.6
      vertex 13 5.5 5.6
    endloop
  endfacet
  facet normal 0 0 1
    outer loop
      vertex 17 2.94715116918087 5.6
      vertex 13.02882207930088 5.7926354855299 5.6
      vertex 13.007222913205624 5.647025711834431 5.6
    endloop
  endfacet
  facet normal 0 0 1
    outer loop
      vertex 17 2.94715116918087 5.6
      vertex 13.064589492976665 5.935427017509937 5.6
      vertex 13.02882207930088 5.7926354855299 5.6
    endloop
  endfacet
  facet normal 0 0 1
    outer loop
      vertex 17 2.94715116918087 5.6
      vertex 13.114180698990822 6.074025146663189 5.6
      vertex 13.064589492976665 5.935427017509937 5.6
    endloop
  endfacet
  facet normal 0 0 1
    outer loop
      vertex 17 2.94715116918087 5.6
      vertex 13.177118100225925 6.207095108926296 5.6
      vertex 13.114180698990822 6.074025146663189 5.6
    endloop
  endfacet
  facet normal 0 0 1
    outer loop
      vertex 17 2.94715116918087 5.6
      vertex 13.252795584499836 6.333355352282524 5.6
      vertex 13.177118100225925 6.207095108926296 5.6
    endloop
  endfacet
  facet normal 0 0 1
    outer loop
      vertex 17 2.94715116918087 5.6
      vertex 13.340484321117401 6.451589927077293 5.6
      vertex 13.252795584499836 6.333355352282524 5.6
    endloop
  endfacet
  facet normal 0 0 1
    outer loop
      vertex 17 2.94715116918087 5.6
      vertex 13.439339831471443 6.560660168528557 5.6
      vertex 13.340484321117401 6.451589927077293 5.6
    endloop
  endfacet
  facet normal 0 0 1
    outer loop
      vertex 17 2.94715116918087 5.6
      vertex 13.548410072922707 6.659515678882599 5.6
      vertex 13.439339831471443 6.560660168528557 5.6
    endloop
  endfacet
  facet normal 0 0 1
    outer loop
      vertex 17 2.94715116918087 5.6
      vertex 13.666644647717476 6.747204415500164 5.6
      vertex 13.548410072922707 6.659515678882599 5.6
    endloop
  endfacet
  facet normal 0 0 1
    outer loop
      vertex 17 2.94715116918087 5.6
      vertex 13.792904891073704 6.8228818997740746 5.6
      vertex 13.666644647717476 6.747204415500164 5.6
    endloop
  endfacet
  facet normal 0 0 1
    outer loop
      vertex 17 2.94715116918087 5.6
      vertex 13.925974853336811 6.885819301009178 5.6
      vertex 13.792904891073704 6.8228818997740746 5.6
    endloop
  endfacet
  facet normal 0 0 1
    outer loop
      vertex 17 2.94715116918087 5.6
      vertex 14.064572982490063 6.9354105070233345 5.6
      vertex 13.925974853336811 6.885819301009178 5.6
    endloop
  endfacet
  facet normal 0 0 1
    outer loop
      vertex 17 2.94715116918087 5.6
      vertex 17 5.5 5.6
      vertex 15.5 7 5.6
    endloop
  endfacet
  facet normal 0 0 1
    outer loop
      vertex 17 2.94715116918087 5.6
      vertex 14.2073645144701 6.97117792069912 5.6
      vertex 14.064572982490063 6.9354105070233345 5.6
    endloop
  endfacet
  facet normal 0 0 1
    outer loop
      vertex 17 2.94715116918087 5.6
      vertex 14.35297428816557 6.992777086794376 5.6
      vertex 14.2073645144701 6.97117792069912 5.6
    endloop
  endfacet
  facet normal 0 0 1
    outer loop
      vertex 17 2.94715116918087 5.6
      vertex 14.5 7 5.6
      vertex 14.35297428816557 6.992777086794376 5.6
    endloop
  endfacet
  facet normal 0 0 1
    outer loop
      vertex 17 2.94715116918087 5.6
      vertex 15.5 7 5.6
      vertex 14.5 7 5.6
    endloop
  endfacet
  facet normal 0 0 1
    outer loop
      vertex 17 5.5 5.6
      vertex 16.992777086794376 5.647025711834431 5.6
      vertex 16.560660168528557 6.560660168528557 5.6
    endloop
  endfacet
  facet normal 0 0 1
    outer loop
      vertex 16.935410507023335 5.935427017509937 5.6
      vertex 16.885819301009178 6.074025146663189 5.6
      vertex 16.747204415500164 6.333355352282524 5.6
    endloop
  endfacet
  facet normal 0 0 1
    outer loop
      vertex 16.992777086794376 5.647025711834431 5.6
      vertex 16.97117792069912 5.7926354855299 5.6
      vertex 16.747204415500164 6.333355352282524 5.6
    endloop
  endfacet
  facet normal 0 0 1
    outer loop
      vertex 16.97117792069912 5.7926354855299 5.6
      vertex 16.935410507023335 5.935427017509937 5.6
      vertex 16.747204415500164 6.333355352282524 5.6
    endloop
  endfacet
  facet normal 0 0 1
    outer loop
      vertex 15.5 7 5.6
      vertex 17 5.5 5.6
      vertex 15.64702571183443 6.992777086794376 5.6
    endloop
  endfacet
  facet normal 0 0 1
    outer loop
      vertex 15.64702571183443 6.992777086794376 5.6
      vertex 17 5.5 5.6
      vertex 15.7926354855299 6.97117792069912 5.6
    endloop
  endfacet
  facet normal 0 0 1
    outer loop
      vertex 15.7926354855299 6.97117792069912 5.6
      vertex 17 5.5 5.6
      vertex 15.935427017509937 6.9354105070233345 5.6
    endloop
  endfacet
  facet normal 0 0 1
    outer loop
      vertex 16.992777086794376 5.647025711834431 5.6
      vertex 16.747204415500164 6.333355352282524 5.6
      vertex 16.6595156788826 6.451589927077293 5.6
    endloop
  endfacet
  facet normal 0 0 1
    outer loop
      vertex 16.992777086794376 5.647025711834431 5.6
      vertex 16.6595156788826 6.451589927077293 5.6
      vertex 16.560660168528557 6.560660168528557 5.6
    endloop
  endfacet
  facet normal 0 0 1
    outer loop
      vertex 16.885819301009178 6.074025146663189 5.6
      vertex 16.822881899774075 6.207095108926296 5.6
      vertex 16.747204415500164 6.333355352282524 5.6
    endloop
  endfacet
  facet normal 0 0 1
    outer loop
      vertex 17 5.5 5.6
      vertex 16.560660168528557 6.560660168528557 5.6
      vertex 16.451589927077293 6.659515678882599 5.6
    endloop
  endfacet
  facet normal 0 0 1
    outer loop
      vertex 16.333355352282524 6.747204415500164 5.6
      vertex 17 5.5 5.6
      vertex 16.451589927077293 6.659515678882599 5.6
    endloop
  endfacet
  facet normal 0 0 1
    outer loop
      vertex 15.935427017509937 6.9354105070233345 5.6
      vertex 17 5.5 5.6
      vertex 16.07402514666319 6.885819301009178 5.6
    endloop
  endfacet
  facet normal 0 0 1
    outer loop
      vertex 16.333355352282524 6.747204415500164 5.6
      vertex 16.207095108926296 6.8228818997740746 5.6
      vertex 17 5.5 5.6
    endloop
  endfacet
  facet normal 0 0 1
    outer loop
      vertex 16.07402514666319 6.885819301009178 5.6
      vertex 17 5.5 5.6
      vertex 16.207095108926296 6.8228818997740746 5.6
    endloop
  endfacet
  facet normal 0 0 -1
    outer loop
      vertex 19.5 -4 0
      vertex 17 -2.94715116918087 0
      vertex 36.5 -4 0
    endloop
  endfacet
  facet normal 0 -1 0
    outer loop
      vertex 19.5 -4 0
      vertex 36.5 -4 0
      vertex 19.5 -4 5.6
    endloop
  endfacet
  facet normal 0 0 -1
    outer loop
      vertex 17 -2.94715116918087 0
      vertex 36.84305999428034 -3.9831465408205986 0
      vertex 36.5 -4 0
    endloop
  endfacet
  facet normal 0 0 -1
    outer loop
      vertex 17 -2.94715116918087 0
      vertex 37.18281612545252 -3.932748481631279 0
      vertex 36.84305999428034 -3.9831465408205986 0
    endloop
  endfacet
  facet normal 0 0 -1
    outer loop
      vertex 17 -2.94715116918087 0
      vertex 37.51599636673927 -3.8492911756038666 0
      vertex 37.18281612545252 -3.932748481631279 0
    endloop
  endfacet
  facet normal 0 0 -1
    outer loop
      vertex 17 -2.94715116918087 0
      vertex 37.83939201384783 -3.733578361570835 0
      vertex 37.51599636673927 -3.8492911756038666 0
    endloop
  endfacet
  facet normal 0.0490676812355168 -0.9987954558657992 0
    outer loop
      vertex 36.5 -4 0
      vertex 36.84305999428034 -3.9831465408205986 0
      vertex 36.5 -4 5.6
    endloop
  endfacet
  facet normal 0.14673046861453307 -0.9891765108311862 0
    outer loop
      vertex 36.84305999428034 -3.9831465408205986 0
      vertex 37.18281612545252 -3.932748481631279 0
      vertex 36.84305999428034 -3.9831465408205986 5.6
    endloop
  endfacet
  facet normal 0.2429801804284 -0.9700312530630043 0
    outer loop
      vertex 37.18281612545252 -3.932748481631279 0
      vertex 37.51599636673927 -3.8492911756038666 0
      vertex 37.18281612545252 -3.932748481631279 5.6
    endloop
  endfacet
  facet normal 0.33688985661686227 -0.9415440640292254 0
    outer loop
      vertex 37.51599636673927 -3.8492911756038666 0
      vertex 37.83939201384783 -3.733578361570835 0
      vertex 37.51599636673927 -3.8492911756038666 5.6
    endloop
  endfacet
  facet normal 0.42755509028519917 -0.9039892946109568 0
    outer loop
      vertex 37.83939201384783 -3.733578361570835 0
      vertex 38.14988858252764 -3.5867244228720665 0
      vertex 37.83939201384783 -3.733578361570835 5.6
    endloop
  endfacet
  facet normal 0.5141027471442344 -0.8577286082315032 0
    outer loop
      vertex 38.14988858252764 -3.5867244228720665 0
      vertex 38.44449581205845 -3.41014364361763 0
      vertex 38.14988858252764 -3.5867244228720665 5.6
    endloop
  endfacet
  facet normal 0 0 -1
    outer loop
      vertex 17 -2.94715116918087 0
      vertex 38.14988858252764 -3.5867244228720665 0
      vertex 37.83939201384783 -3.733578361570835 0
    endloop
  endfacet
  facet normal 0 0 -1
    outer loop
      vertex 17 -2.94715116918087 0
      vertex 38.44449581205845 -3.41014364361763 0
      vertex 38.14988858252764 -3.5867244228720665 0
    endloop
  endfacet
  facet normal 0 0 -1
    outer loop
      vertex 17 -2.94715116918087 0
      vertex 38.72037649154663 -3.205536589026451 0
      vertex 38.44449581205845 -3.41014364361763 0
    endloop
  endfacet
  facet normal 0 0 -1
    outer loop
      vertex 17 -2.94715116918087 0
      vertex 38.97487373650074 -2.97487373650074 0
      vertex 38.72037649154663 -3.205536589026451 0
    endloop
  endfacet
  facet normal 0 0 -1
    outer loop
      vertex 17 -2.94715116918087 0
      vertex 39.20553658902645 -2.720376491546631 0
      vertex 38.97487373650074 -2.97487373650074 0
    endloop
  endfacet
  facet normal 0 0 -1
    outer loop
      vertex 17 -2.94715116918087 0
      vertex 39.41014364361763 -2.444495812058449 0
      vertex 39.20553658902645 -2.720376491546631 0
    endloop
  endfacet
  facet normal 0 0 -1
    outer loop
      vertex 17 -2.94715116918087 0
      vertex 39.58672442287207 -2.1498885825276375 0
      vertex 39.41014364361763 -2.444495812058449 0
    endloop
  endfacet
  facet normal 0 0 -1
    outer loop
      vertex 17 -2.94715116918087 0
      vertex 39.733578361570835 -1.839392013847828 0
      vertex 39.58672442287207 -2.1498885825276375 0
    endloop
  endfacet
  facet normal 0 0 -1
    outer loop
      vertex 17 -2.94715116918087 0
      vertex 39.84929117560387 -1.515996366739273 0
      vertex 39.733578361570835 -1.839392013847828 0
    endloop
  endfacet
  facet normal 0 0 -1
    outer loop
      vertex 17 -2.94715116918087 0
      vertex 39.93274848163128 -1.1828161254525185 0
      vertex 39.84929117560387 -1.515996366739273 0
    endloop
  endfacet
  facet normal 0 0 -1
    outer loop
      vertex 17 -2.94715116918087 0
      vertex 39.9831465408206 -0.8430599942803383 0
      vertex 39.93274848163128 -1.1828161254525185 0
    endloop
  endfacet
  facet normal 0 0 -1
    outer loop
      vertex 17 -2.94715116918087 0
      vertex 40 -0.5 0
      vertex 39.9831465408206 -0.8430599942803383 0
    endloop
  endfacet
  facet normal 0 0 -1
    outer loop
      vertex 17 -2.94715116918087 0
      vertex 40 0.5 0
      vertex 40 -0.5 0
    endloop
  endfacet
  facet normal 0 0 -1
    outer loop
      vertex 17 -2.94715116918087 0
      vertex 39.9831465408206 0.8430599942803383 0
      vertex 40 0.5 0
    endloop
  endfacet
  facet normal 0 0 -1
    outer loop
      vertex 17 -2.94715116918087 0
      vertex 39.93274848163128 1.1828161254525185 0
      vertex 39.9831465408206 0.8430599942803383 0
    endloop
  endfacet
  facet normal 0 0 -1
    outer loop
      vertex 17 -2.94715116918087 0
      vertex 39.84929117560387 1.515996366739273 0
      vertex 39.93274848163128 1.1828161254525185 0
    endloop
  endfacet
  facet normal 0.595699300628549 -0.8032075343462969 0
    outer loop
      vertex 38.44449581205845 -3.41014364361763 0
      vertex 38.72037649154663 -3.205536589026451 0
      vertex 38.44449581205845 -3.41014364361763 5.6
    endloop
  endfacet
  facet normal 0.6715589469163653 -0.740951132542884 0
    outer loop
      vertex 38.72037649154663 -3.205536589026451 0
      vertex 38.97487373650074 -2.97487373650074 0
      vertex 38.72037649154663 -3.205536589026451 5.6
    endloop
  endfacet
  facet normal 0.740951132542884 -0.6715589469163653 0
    outer loop
      vertex 38.97487373650074 -2.97487373650074 0
      vertex 39.20553658902645 -2.720376491546631 0
      vertex 38.97487373650074 -2.97487373650074 5.6
    endloop
  endfacet
  facet normal 0.8032075343462969 -0.595699300628549 0
    outer loop
      vertex 39.20553658902645 -2.720376491546631 0
      vertex 39.41014364361763 -2.444495812058449 0
      vertex 39.20553658902645 -2.720376491546631 5.6
    endloop
  endfacet
  facet normal 0.8577286082315032 -0.5141027471442344 0
    outer loop
      vertex 39.41014364361763 -2.444495812058449 0
      vertex 39.58672442287207 -2.1498885825276375 0
      vertex 39.41014364361763 -2.444495812058449 5.6
    endloop
  endfacet
  facet normal 0.9039892946109568 -0.42755509028519917 0
    outer loop
      vertex 39.58672442287207 -2.1498885825276375 0
      vertex 39.733578361570835 -1.839392013847828 0
      vertex 39.58672442287207 -2.1498885825276375 5.6
    endloop
  endfacet
  facet normal 0.9415440640292254 -0.33688985661686227 0
    outer loop
      vertex 39.733578361570835 -1.839392013847828 0
      vertex 39.84929117560387 -1.515996366739273 0
      vertex 39.733578361570835 -1.839392013847828 5.6
    endloop
  endfacet
  facet normal 0.9700312530630043 -0.2429801804284 0
    outer loop
      vertex 39.84929117560387 -1.515996366739273 0
      vertex 39.93274848163128 -1.1828161254525185 0
      vertex 39.84929117560387 -1.515996366739273 5.6
    endloop
  endfacet
  facet normal 0.9891765108311862 -0.14673046861453307 0
    outer loop
      vertex 39.93274848163128 -1.1828161254525185 0
      vertex 39.9831465408206 -0.8430599942803383 0
      vertex 39.93274848163128 -1.1828161254525185 5.6
    endloop
  endfacet
  facet normal 0.9987954558657992 -0.0490676812355168 0
    outer loop
      vertex 39.9831465408206 -0.8430599942803383 0
      vertex 40 -0.5 0
      vertex 39.9831465408206 -0.8430599942803383 5.6
    endloop
  endfacet
  facet normal 1 0 0
    outer loop
      vertex 40 -0.5 0
      vertex 40 0.5 0
      vertex 40 -0.5 5.6
    endloop
  endfacet
  facet normal 0 0 1
    outer loop
      vertex 19.5 -4 5.6
      vertex 36.5 -4 5.6
      vertex 17 -2.94715116918087 5.6
    endloop
  endfacet
  facet normal 0 -1 0
    outer loop
      vertex 19.5 -4 5.6
      vertex 36.5 -4 0
      vertex 36.5 -4 5.6
    endloop
  endfacet
  facet normal 0.0490676812355168 -0.9987954558657992 0
    outer loop
      vertex 36.84305999428034 -3.9831465408205986 0
      vertex 36.84305999428034 -3.9831465408205986 5.6
      vertex 36.5 -4 5.6
    endloop
  endfacet
  facet normal 0.14673046861453307 -0.9891765108311862 0
    outer loop
      vertex 37.18281612545252 -3.932748481631279 0
      vertex 37.18281612545252 -3.932748481631279 5.6
      vertex 36.84305999428034 -3.9831465408205986 5.6
    endloop
  endfacet
  facet normal 0.2429801804284 -0.9700312530630043 0
    outer loop
      vertex 37.51599636673927 -3.8492911756038666 0
      vertex 37.51599636673927 -3.8492911756038666 5.6
      vertex 37.18281612545252 -3.932748481631279 5.6
    endloop
  endfacet
  facet normal 0.33688985661686227 -0.9415440640292254 0
    outer loop
      vertex 37.83939201384783 -3.733578361570835 0
      vertex 37.83939201384783 -3.733578361570835 5.6
      vertex 37.51599636673927 -3.8492911756038666 5.6
    endloop
  endfacet
  facet normal 0.42755509028519917 -0.9039892946109568 0
    outer loop
      vertex 38.14988858252764 -3.5867244228720665 0
      vertex 38.14988858252764 -3.5867244228720665 5.6
      vertex 37.83939201384783 -3.733578361570835 5.6
    endloop
  endfacet
  facet normal 0 0 1
    outer loop
      vertex 17 -2.94715116918087 5.6
      vertex 36.5 -4 5.6
      vertex 36.84305999428034 -3.9831465408205986 5.6
    endloop
  endfacet
  facet normal 0 0 1
    outer loop
      vertex 17 -2.94715116918087 5.6
      vertex 36.84305999428034 -3.9831465408205986 5.6
      vertex 37.18281612545252 -3.932748481631279 5.6
    endloop
  endfacet
  facet normal 0 0 1
    outer loop
      vertex 17 -2.94715116918087 5.6
      vertex 37.18281612545252 -3.932748481631279 5.6
      vertex 37.51599636673927 -3.8492911756038666 5.6
    endloop
  endfacet
  facet normal 0 0 1
    outer loop
      vertex 17 -2.94715116918087 5.6
      vertex 37.51599636673927 -3.8492911756038666 5.6
      vertex 37.83939201384783 -3.733578361570835 5.6
    endloop
  endfacet
  facet normal 0.5141027471442344 -0.8577286082315032 0
    outer loop
      vertex 38.44449581205845 -3.41014364361763 0
      vertex 38.44449581205845 -3.41014364361763 5.6
      vertex 38.14988858252764 -3.5867244228720665 5.6
    endloop
  endfacet
  facet normal 0.595699300628549 -0.8032075343462969 0
    outer loop
      vertex 38.72037649154663 -3.205536589026451 0
      vertex 38.72037649154663 -3.205536589026451 5.6
      vertex 38.44449581205845 -3.41014364361763 5.6
    endloop
  endfacet
  facet normal 0.6715589469163653 -0.740951132542884 0
    outer loop
      vertex 38.97487373650074 -2.97487373650074 0
      vertex 38.97487373650074 -2.97487373650074 5.6
      vertex 38.72037649154663 -3.205536589026451 5.6
    endloop
  endfacet
  facet normal 0.740951132542884 -0.6715589469163653 0
    outer loop
      vertex 39.20553658902645 -2.720376491546631 0
      vertex 39.20553658902645 -2.720376491546631 5.6
      vertex 38.97487373650074 -2.97487373650074 5.6
    endloop
  endfacet
  facet normal 0.8032075343462969 -0.595699300628549 0
    outer loop
      vertex 39.41014364361763 -2.444495812058449 0
      vertex 39.41014364361763 -2.444495812058449 5.6
      vertex 39.20553658902645 -2.720376491546631 5.6
    endloop
  endfacet
  facet normal 0.8577286082315032 -0.5141027471442344 0
    outer loop
      vertex 39.58672442287207 -2.1498885825276375 0
      vertex 39.58672442287207 -2.1498885825276375 5.6
      vertex 39.41014364361763 -2.444495812058449 5.6
    endloop
  endfacet
  facet normal 0.9039892946109568 -0.42755509028519917 0
    outer loop
      vertex 39.733578361570835 -1.839392013847828 0
      vertex 39.733578361570835 -1.839392013847828 5.6
      vertex 39.58672442287207 -2.1498885825276375 5.6
    endloop
  endfacet
  facet normal 0.9415440640292254 -0.33688985661686227 0
    outer loop
      vertex 39.84929117560387 -1.515996366739273 0
      vertex 39.84929117560387 -1.515996366739273 5.6
      vertex 39.733578361570835 -1.839392013847828 5.6
    endloop
  endfacet
  facet normal 0.9700312530630043 -0.2429801804284 0
    outer loop
      vertex 39.93274848163128 -1.1828161254525185 0
      vertex 39.93274848163128 -1.1828161254525185 5.6
      vertex 39.84929117560387 -1.515996366739273 5.6
    endloop
  endfacet
  facet normal 0.9891765108311862 -0.14673046861453307 0
    outer loop
      vertex 39.9831465408206 -0.8430599942803383 0
      vertex 39.9831465408206 -0.8430599942803383 5.6
      vertex 39.93274848163128 -1.1828161254525185 5.6
    endloop
  endfacet
  facet normal 0.9987954558657992 -0.0490676812355168 0
    outer loop
      vertex 40 -0.5 0
      vertex 40 -0.5 5.6
      vertex 39.9831465408206 -0.8430599942803383 5.6
    endloop
  endfacet
  facet normal 0 0 1
    outer loop
      vertex 17 -2.94715116918087 5.6
      vertex 37.83939201384783 -3.733578361570835 5.6
      vertex 38.14988858252764 -3.5867244228720665 5.6
    endloop
  endfacet
  facet normal 0 0 1
    outer loop
      vertex 17 -2.94715116918087 5.6
      vertex 38.14988858252764 -3.5867244228720665 5.6
      vertex 38.44449581205845 -3.41014364361763 5.6
    endloop
  endfacet
  facet normal 0 0 1
    outer loop
      vertex 17 -2.94715116918087 5.6
      vertex 38.44449581205845 -3.41014364361763 5.6
      vertex 38.72037649154663 -3.205536589026451 5.6
    endloop
  endfacet
  facet normal 0 0 1
    outer loop
      vertex 17 -2.94715116918087 5.6
      vertex 38.72037649154663 -3.205536589026451 5.6
      vertex 38.97487373650074 -2.97487373650074 5.6
    endloop
  endfacet
  facet normal 0 0 1
    outer loop
      vertex 17 -2.94715116918087 5.6
      vertex 38.97487373650074 -2.97487373650074 5.6
      vertex 39.20553658902645 -2.720376491546631 5.6
    endloop
  endfacet
  facet normal 0 0 1
    outer loop
      vertex 17 -2.94715116918087 5.6
      vertex 39.20553658902645 -2.720376491546631 5.6
      vertex 39.41014364361763 -2.444495812058449 5.6
    endloop
  endfacet
  facet normal 0 0 1
    outer loop
      vertex 17 -2.94715116918087 5.6
      vertex 39.41014364361763 -2.444495812058449 5.6
      vertex 39.58672442287207 -2.1498885825276375 5.6
    endloop
  endfacet
  facet normal 0 0 1
    outer loop
      vertex 17 -2.94715116918087 5.6
      vertex 39.58672442287207 -2.1498885825276375 5.6
      vertex 39.733578361570835 -1.839392013847828 5.6
    endloop
  endfacet
  facet normal 0 0 1
    outer loop
      vertex 17 -2.94715116918087 5.6
      vertex 39.733578361570835 -1.839392013847828 5.6
      vertex 39.84929117560387 -1.515996366739273 5.6
    endloop
  endfacet
  facet normal 0 0 1
    outer loop
      vertex 17 -2.94715116918087 5.6
      vertex 39.84929117560387 -1.515996366739273 5.6
      vertex 39.93274848163128 -1.1828161254525185 5.6
    endloop
  endfacet
  facet normal 0 0 1
    outer loop
      vertex 17 -2.94715116918087 5.6
      vertex 39.93274848163128 -1.1828161254525185 5.6
      vertex 39.9831465408206 -0.8430599942803383 5.6
    endloop
  endfacet
  facet normal 0 0 1
    outer loop
      vertex 17 -2.94715116918087 5.6
      vertex 39.9831465408206 -0.8430599942803383 5.6
      vertex 40 -0.5 5.6
    endloop
  endfacet
  facet normal 0 0 1
    outer loop
      vertex 17 -2.94715116918087 5.6
      vertex 40 -0.5 5.6
      vertex 40 0.5 5.6
    endloop
  endfacet
  facet normal 0 0 1
    outer loop
      vertex 17 -2.94715116918087 5.6
      vertex 40 0.5 5.6
      vertex 39.9831465408206 0.8430599942803383 5.6
    endloop
  endfacet
  facet normal 0 0 1
    outer loop
      vertex 17 -2.94715116918087 5.6
      vertex 39.9831465408206 0.8430599942803383 5.6
      vertex 39.93274848163128 1.1828161254525185 5.6
    endloop
  endfacet
  facet normal 0 0 1
    outer loop
      vertex 17 -2.94715116918087 5.6
      vertex 39.93274848163128 1.1828161254525185 5.6
      vertex 39.84929117560387 1.515996366739273 5.6
    endloop
  endfacet
  facet normal 0 0 -1
    outer loop
      vertex 17 -2.94715116918087 0
      vertex 19.5 4 0
      vertex 36.5 4 0
    endloop
  endfacet
  facet normal 0 0 -1
    outer loop
      vertex 17 -2.94715116918087 0
      vertex 39.733578361570835 1.839392013847828 0
      vertex 39.84929117560387 1.515996366739273 0
    endloop
  endfacet
  facet normal 0 0 -1
    outer loop
      vertex 17 -2.94715116918087 0
      vertex 39.58672442287207 2.1498885825276375 0
      vertex 39.733578361570835 1.839392013847828 0
    endloop
  endfacet
  facet normal 0 0 -1
    outer loop
      vertex 17 -2.94715116918087 0
      vertex 39.20553658902645 2.720376491546631 0
      vertex 39.41014364361763 2.444495812058449 0
    endloop
  endfacet
  facet normal 0 0 -1
    outer loop
      vertex 17 -2.94715116918087 0
      vertex 39.41014364361763 2.444495812058449 0
      vertex 39.58672442287207 2.1498885825276375 0
    endloop
  endfacet
  facet normal 0 0 -1
    outer loop
      vertex 17 -2.94715116918087 0
      vertex 36.5 4 0
      vertex 36.84305999428034 3.9831465408205986 0
    endloop
  endfacet
  facet normal 0 0 -1
    outer loop
      vertex 17 -2.94715116918087 0
      vertex 37.18281612545252 3.932748481631279 0
      vertex 37.51599636673927 3.8492911756038666 0
    endloop
  endfacet
  facet normal 0 0 -1
    outer loop
      vertex 17 -2.94715116918087 0
      vertex 36.84305999428034 3.9831465408205986 0
      vertex 37.18281612545252 3.932748481631279 0
    endloop
  endfacet
  facet normal 0 0 -1
    outer loop
      vertex 17 -2.94715116918087 0
      vertex 38.14988858252764 3.5867244228720665 0
      vertex 38.44449581205845 3.41014364361763 0
    endloop
  endfacet
  facet normal 0 0 -1
    outer loop
      vertex 17 -2.94715116918087 0
      vertex 37.83939201384783 3.733578361570835 0
      vertex 38.14988858252764 3.5867244228720665 0
    endloop
  endfacet
  facet normal 0 0 -1
    outer loop
      vertex 17 -2.94715116918087 0
      vertex 37.51599636673927 3.8492911756038666 0
      vertex 37.83939201384783 3.733578361570835 0
    endloop
  endfacet
  facet normal 0 0 -1
    outer loop
      vertex 17 -2.94715116918087 0
      vertex 38.97487373650074 2.97487373650074 0
      vertex 39.20553658902645 2.720376491546631 0
    endloop
  endfacet
  facet normal 0 0 -1
    outer loop
      vertex 17 -2.94715116918087 0
      vertex 38.72037649154663 3.205536589026451 0
      vertex 38.97487373650074 2.97487373650074 0
    endloop
  endfacet
  facet normal 0 0 -1
    outer loop
      vertex 17 -2.94715116918087 0
      vertex 38.44449581205845 3.41014364361763 0
      vertex 38.72037649154663 3.205536589026451 0
    endloop
  endfacet
  facet normal 0.9987954558657992 0.0490676812355168 0
    outer loop
      vertex 40 0.5 0
      vertex 39.9831465408206 0.8430599942803383 0
      vertex 40 0.5 5.6
    endloop
  endfacet
  facet normal 0.9891765108311862 0.14673046861453307 0
    outer loop
      vertex 39.9831465408206 0.8430599942803383 0
      vertex 39.93274848163128 1.1828161254525185 0
      vertex 39.9831465408206 0.8430599942803383 5.6
    endloop
  endfacet
  facet normal 0.9700312530630043 0.2429801804284 0
    outer loop
      vertex 39.93274848163128 1.1828161254525185 0
      vertex 39.84929117560387 1.515996366739273 0
      vertex 39.93274848163128 1.1828161254525185 5.6
    endloop
  endfacet
  facet normal 0.9415440640292254 0.33688985661686227 0
    outer loop
      vertex 39.84929117560387 1.515996366739273 0
      vertex 39.733578361570835 1.839392013847828 0
      vertex 39.84929117560387 1.515996366739273 5.6
    endloop
  endfacet
  facet normal 0.9039892946109568 0.42755509028519917 0
    outer loop
      vertex 39.733578361570835 1.839392013847828 0
      vertex 39.58672442287207 2.1498885825276375 0
      vertex 39.733578361570835 1.839392013847828 5.6
    endloop
  endfacet
  facet normal 0.8032075343462969 0.595699300628549 0
    outer loop
      vertex 39.41014364361763 2.444495812058449 0
      vertex 39.20553658902645 2.720376491546631 0
      vertex 39.41014364361763 2.444495812058449 5.6
    endloop
  endfacet
  facet normal 0.8577286082315032 0.5141027471442344 0
    outer loop
      vertex 39.58672442287207 2.1498885825276375 0
      vertex 39.41014364361763 2.444495812058449 0
      vertex 39.58672442287207 2.1498885825276375 5.6
    endloop
  endfacet
  facet normal 0.595699300628549 0.8032075343462969 0
    outer loop
      vertex 38.72037649154663 3.205536589026451 0
      vertex 38.44449581205845 3.41014364361763 0
      vertex 38.72037649154663 3.205536589026451 5.6
    endloop
  endfacet
  facet normal 0.5141027471442344 0.8577286082315032 0
    outer loop
      vertex 38.44449581205845 3.41014364361763 0
      vertex 38.14988858252764 3.5867244228720665 0
      vertex 38.44449581205845 3.41014364361763 5.6
    endloop
  endfacet
  facet normal 0.740951132542884 0.6715589469163653 0
    outer loop
      vertex 38.97487373650074 2.97487373650074 0
      vertex 39.20553658902645 2.720376491546631 5.6
      vertex 39.20553658902645 2.720376491546631 0
    endloop
  endfacet
  facet normal 0.6715589469163653 0.740951132542884 0
    outer loop
      vertex 38.97487373650074 2.97487373650074 0
      vertex 38.72037649154663 3.205536589026451 0
      vertex 38.97487373650074 2.97487373650074 5.6
    endloop
  endfacet
  facet normal 0 1 0
    outer loop
      vertex 19.5 4 0
      vertex 36.5 4 5.6
      vertex 36.5 4 0
    endloop
  endfacet
  facet normal 0.2429801804284 0.9700312530630043 0
    outer loop
      vertex 37.18281612545252 3.932748481631279 0
      vertex 37.51599636673927 3.8492911756038666 5.6
      vertex 37.51599636673927 3.8492911756038666 0
    endloop
  endfacet
  facet normal 0.0490676812355168 0.9987954558657992 0
    outer loop
      vertex 36.5 4 0
      vertex 36.84305999428034 3.9831465408205986 5.6
      vertex 36.84305999428034 3.9831465408205986 0
    endloop
  endfacet
  facet normal 0.14673046861453307 0.9891765108311862 0
    outer loop
      vertex 37.18281612545252 3.932748481631279 0
      vertex 36.84305999428034 3.9831465408205986 0
      vertex 37.18281612545252 3.932748481631279 5.6
    endloop
  endfacet
  facet normal 0.42755509028519917 0.9039892946109568 0
    outer loop
      vertex 37.83939201384783 3.733578361570835 0
      vertex 38.14988858252764 3.5867244228720665 5.6
      vertex 38.14988858252764 3.5867244228720665 0
    endloop
  endfacet
  facet normal 0.33688985661686227 0.9415440640292254 0
    outer loop
      vertex 37.51599636673927 3.8492911756038666 0
      vertex 37.83939201384783 3.733578361570835 5.6
      vertex 37.83939201384783 3.733578361570835 0
    endloop
  endfacet
  facet normal 0 0 1
    outer loop
      vertex 17 -2.94715116918087 5.6
      vertex 36.5 4 5.6
      vertex 19.5 4 5.6
    endloop
  endfacet
  facet normal 0 1 0
    outer loop
      vertex 19.5 4 0
      vertex 19.5 4 5.6
      vertex 36.5 4 5.6
    endloop
  endfacet
  facet normal 1 0 0
    outer loop
      vertex 40 -0.5 5.6
      vertex 40 0.5 0
      vertex 40 0.5 5.6
    endloop
  endfacet
  facet normal 0.9987954558657992 0.0490676812355168 0
    outer loop
      vertex 39.9831465408206 0.8430599942803383 0
      vertex 39.9831465408206 0.8430599942803383 5.6
      vertex 40 0.5 5.6
    endloop
  endfacet
  facet normal 0.9891765108311862 0.14673046861453307 0
    outer loop
      vertex 39.93274848163128 1.1828161254525185 0
      vertex 39.93274848163128 1.1828161254525185 5.6
      vertex 39.9831465408206 0.8430599942803383 5.6
    endloop
  endfacet
  facet normal 0.9700312530630043 0.2429801804284 0
    outer loop
      vertex 39.84929117560387 1.515996366739273 0
      vertex 39.84929117560387 1.515996366739273 5.6
      vertex 39.93274848163128 1.1828161254525185 5.6
    endloop
  endfacet
  facet normal 0.9415440640292254 0.33688985661686227 0
    outer loop
      vertex 39.733578361570835 1.839392013847828 0
      vertex 39.733578361570835 1.839392013847828 5.6
      vertex 39.84929117560387 1.515996366739273 5.6
    endloop
  endfacet
  facet normal 0.9039892946109568 0.42755509028519917 0
    outer loop
      vertex 39.58672442287207 2.1498885825276375 0
      vertex 39.58672442287207 2.1498885825276375 5.6
      vertex 39.733578361570835 1.839392013847828 5.6
    endloop
  endfacet
  facet normal 0.8577286082315032 0.5141027471442344 0
    outer loop
      vertex 39.41014364361763 2.444495812058449 0
      vertex 39.41014364361763 2.444495812058449 5.6
      vertex 39.58672442287207 2.1498885825276375 5.6
    endloop
  endfacet
  facet normal 0.595699300628549 0.8032075343462969 0
    outer loop
      vertex 38.44449581205845 3.41014364361763 0
      vertex 38.44449581205845 3.41014364361763 5.6
      vertex 38.72037649154663 3.205536589026451 5.6
    endloop
  endfacet
  facet normal 0.8032075343462969 0.595699300628549 0
    outer loop
      vertex 39.20553658902645 2.720376491546631 0
      vertex 39.20553658902645 2.720376491546631 5.6
      vertex 39.41014364361763 2.444495812058449 5.6
    endloop
  endfacet
  facet normal 0.740951132542884 0.6715589469163653 0
    outer loop
      vertex 38.97487373650074 2.97487373650074 0
      vertex 38.97487373650074 2.97487373650074 5.6
      vertex 39.20553658902645 2.720376491546631 5.6
    endloop
  endfacet
  facet normal 0.6715589469163653 0.740951132542884 0
    outer loop
      vertex 38.72037649154663 3.205536589026451 0
      vertex 38.72037649154663 3.205536589026451 5.6
      vertex 38.97487373650074 2.97487373650074 5.6
    endloop
  endfacet
  facet normal 0 0 1
    outer loop
      vertex 17 -2.94715116918087 5.6
      vertex 39.84929117560387 1.515996366739273 5.6
      vertex 39.733578361570835 1.839392013847828 5.6
    endloop
  endfacet
  facet normal 0 0 1
    outer loop
      vertex 17 -2.94715116918087 5.6
      vertex 39.733578361570835 1.839392013847828 5.6
      vertex 39.58672442287207 2.1498885825276375 5.6
    endloop
  endfacet
  facet normal 0 0 1
    outer loop
      vertex 17 -2.94715116918087 5.6
      vertex 39.41014364361763 2.444495812058449 5.6
      vertex 39.20553658902645 2.720376491546631 5.6
    endloop
  endfacet
  facet normal 0 0 1
    outer loop
      vertex 17 -2.94715116918087 5.6
      vertex 39.58672442287207 2.1498885825276375 5.6
      vertex 39.41014364361763 2.444495812058449 5.6
    endloop
  endfacet
  facet normal 0 0 1
    outer loop
      vertex 17 -2.94715116918087 5.6
      vertex 36.84305999428034 3.9831465408205986 5.6
      vertex 36.5 4 5.6
    endloop
  endfacet
  facet normal 0 0 1
    outer loop
      vertex 17 -2.94715116918087 5.6
      vertex 37.51599636673927 3.8492911756038666 5.6
      vertex 37.18281612545252 3.932748481631279 5.6
    endloop
  endfacet
  facet normal 0 0 1
    outer loop
      vertex 17 -2.94715116918087 5.6
      vertex 37.18281612545252 3.932748481631279 5.6
      vertex 36.84305999428034 3.9831465408205986 5.6
    endloop
  endfacet
  facet normal 0 0 1
    outer loop
      vertex 17 -2.94715116918087 5.6
      vertex 38.44449581205845 3.41014364361763 5.6
      vertex 38.14988858252764 3.5867244228720665 5.6
    endloop
  endfacet
  facet normal 0 0 1
    outer loop
      vertex 17 -2.94715116918087 5.6
      vertex 38.14988858252764 3.5867244228720665 5.6
      vertex 37.83939201384783 3.733578361570835 5.6
    endloop
  endfacet
  facet normal 0 0 1
    outer loop
      vertex 17 -2.94715116918087 5.6
      vertex 37.83939201384783 3.733578361570835 5.6
      vertex 37.51599636673927 3.8492911756038666 5.6
    endloop
  endfacet
  facet normal 0 0 1
    outer loop
      vertex 17 -2.94715116918087 5.6
      vertex 39.20553658902645 2.720376491546631 5.6
      vertex 38.97487373650074 2.97487373650074 5.6
    endloop
  endfacet
  facet normal 0 0 1
    outer loop
      vertex 17 -2.94715116918087 5.6
      vertex 38.97487373650074 2.97487373650074 5.6
      vertex 38.72037649154663 3.205536589026451 5.6
    endloop
  endfacet
  facet normal 0 0 1
    outer loop
      vertex 17 -2.94715116918087 5.6
      vertex 38.72037649154663 3.205536589026451 5.6
      vertex 38.44449581205845 3.41014364361763 5.6
    endloop
  endfacet
  facet normal 0.2429801804284 0.9700312530630043 0
    outer loop
      vertex 37.18281612545252 3.932748481631279 0
      vertex 37.18281612545252 3.932748481631279 5.6
      vertex 37.51599636673927 3.8492911756038666 5.6
    endloop
  endfacet
  facet normal 0.0490676812355168 0.9987954558657992 0
    outer loop
      vertex 36.5 4 0
      vertex 36.5 4 5.6
      vertex 36.84305999428034 3.9831465408205986 5.6
    endloop
  endfacet
  facet normal 0.14673046861453307 0.9891765108311862 0
    outer loop
      vertex 36.84305999428034 3.9831465408205986 0
      vertex 36.84305999428034 3.9831465408205986 5.6
      vertex 37.18281612545252 3.932748481631279 5.6
    endloop
  endfacet
  facet normal 0.42755509028519917 0.9039892946109568 0
    outer loop
      vertex 37.83939201384783 3.733578361570835 0
      vertex 37.83939201384783 3.733578361570835 5.6
      vertex 38.14988858252764 3.5867244228720665 5.6
    endloop
  endfacet
  facet normal 0.33688985661686227 0.9415440640292254 0
    outer loop
      vertex 37.51599636673927 3.8492911756038666 0
      vertex 37.51599636673927 3.8492911756038666 5.6
      vertex 37.83939201384783 3.733578361570835 5.6
    endloop
  endfacet
  facet normal 0.5141027471442344 0.8577286082315032 0
    outer loop
      vertex 38.14988858252764 3.5867244228720665 0
      vertex 38.14988858252764 3.5867244228720665 5.6
      vertex 38.44449581205845 3.41014364361763 5.6
    endloop
  endfacet
endsolid OpenSCAD_Model
