solid OpenSCAD_Model
  facet normal 0 0 -1
    outer loop
      vertex 2.666644647717476 0.25279558449983597 0
      vertex 2.5484100729227066 0.3404843211174011 0
      vertex 2 1.5 0
    endloop
  endfacet
  facet normal 0 0 -1
    outer loop
      vertex 2.252795584499836 0.6666446477174759 0
      vertex 2.114180698990822 0.9259748533368111 0
      vertex 2.0645894929766655 1.0645729824900627 0
    endloop
  endfacet
  facet normal 0 0 -1
    outer loop
      vertex 2.252795584499836 0.6666446477174759 0
      vertex 2.1771181002259254 0.7929048910737038 0
      vertex 2.114180698990822 0.9259748533368111 0
    endloop
  endfacet
  facet normal 0 0 -1
    outer loop
      vertex 2.340484321117401 0.5484100729227066 0
      vertex 2.252795584499836 0.6666446477174759 0
      vertex 2.0072229132056236 1.3529742881655693 0
    endloop
  endfacet
  facet normal 0 0 -1
    outer loop
      vertex 2.0288220793008804 1.2073645144701004 0
      vertex 2.252795584499836 0.6666446477174759 0
      vertex 2.0645894929766655 1.0645729824900627 0
    endloop
  endfacet
  facet normal 0 0 -1
    outer loop
      vertex 2.340484321117401 0.5484100729227066 0
      vertex 2.0072229132056236 1.3529742881655693 0
      vertex 2.439339831471443 0.4393398314714432 0
    endloop
  endfacet
  facet normal 0 0 -1
    outer loop
      vertex 2.5484100729227066 0.3404843211174011 0
      vertex 2.439339831471443 0.4393398314714432 0
      vertex 2 1.5 0
    endloop
  endfacet
  facet normal 0 0 -1
    outer loop
      vertex 2.666644647717476 0.25279558449983597 0
      vertex 2 1.5 0
      vertex 2.7929048910737038 0.17711810022592545 0
    endloop
  endfacet
  facet normal 0 0 -1
    outer loop
      vertex 2 1.5 0
      vertex 2.925974853336811 0.11418069899082184 0
      vertex 2.7929048910737038 0.17711810022592545 0
    endloop
  endfacet
  facet normal 0 0 -1
    outer loop
      vertex 2 1.5 0
      vertex 3.0645729824900627 0.0645894929766655 0
      vertex 2.925974853336811 0.11418069899082184 0
    endloop
  endfacet
  facet normal 0 0 -1
    outer loop
      vertex 2.0288220793008804 1.2073645144701004 0
      vertex 2.0072229132056236 1.3529742881655693 0
      vertex 2.252795584499836 0.6666446477174759 0
    endloop
  endfacet
  facet normal 0 0 -1
    outer loop
      vertex 2.439339831471443 0.4393398314714432 0
      vertex 2.0072229132056236 1.3529742881655693 0
      vertex 2 1.5 0
    endloop
  endfacet
  facet normal 0 0 -1
    outer loop
      vertex 2 1.5 0
      vertex 2 3.5 0
      vertex 2.087694078683853 4 0
    endloop
  endfacet
  facet normal 0 0 -1
    outer loop
      vertex 2 1.5 0
      vertex 2.087694078683853 4 0
      vertex 3.5 0 0
    endloop
  endfacet
  facet normal 0 0 -1
    outer loop
      vertex 2 3.5 0
      vertex 2.0072229132056236 3.6470257118344307 0
      vertex 2.087694078683853 4 0
    endloop
  endfacet
  facet normal 0 0 -1
    outer loop
      vertex 2.0072229132056236 3.6470257118344307 0
      vertex 2.0288220793008804 3.7926354855298996 0
      vertex 2.087694078683853 4 0
    endloop
  endfacet
  facet normal 0 0 -1
    outer loop
      vertex 2.0288220793008804 3.7926354855298996 0
      vertex 2.0645894929766655 3.9354270175099373 0
      vertex 2.087694078683853 4 0
    endloop
  endfacet
  facet normal 0 0 -1
    outer loop
      vertex 2 1.5 0
      vertex 3.2073645144701004 0.028822079300880432 0
      vertex 3.0645729824900627 0.0645894929766655 0
    endloop
  endfacet
  facet normal 0 0 -1
    outer loop
      vertex 2 1.5 0
      vertex 3.3529742881655693 0.007222913205623627 0
      vertex 3.2073645144701004 0.028822079300880432 0
    endloop
  endfacet
  facet normal 0 0 -1
    outer loop
      vertex 2 1.5 0
      vertex 3.5 0 0
      vertex 3.3529742881655693 0.007222913205623627 0
    endloop
  endfacet
  facet normal 0 -1 0
    outer loop
      vertex 3.5 0 0
      vertex 5.444403347545114 0 0.4718850855528731
      vertex 5.223698804341793 0 0.6355707305843366
    endloop
  endfacet
  facet normal 0 -1 0
    outer loop
      vertex 3.5 0 0
      vertex 5.928486389377749 0 0.21313730896839722
      vertex 5.680089136887206 0 0.33062045982460564
    endloop
  endfacet
  facet normal 0 -1 0
    outer loop
      vertex 3.5 0 0
      vertex 6.453747098354841 0 0.053801214870954794
      vertex 6.187202903687505 0 0.1205670599498152
    endloop
  endfacet
  facet normal 0 -1 0
    outer loop
      vertex 3.5 0 0
      vertex 6.187202903687505 0 0.1205670599498152
      vertex 5.928486389377749 0 0.21313730896839722
    endloop
  endfacet
  facet normal 0 -1 0
    outer loop
      vertex 3.5 0 0
      vertex 5.680089136887206 0 0.33062045982460564
      vertex 5.444403347545114 0 0.4718850855528731
    endloop
  endfacet
  facet normal 0 -1 0
    outer loop
      vertex 3.5 0 0
      vertex 5.223698804341793 0 0.6355707305843366
      vertex 5.020101012677667 0 0.8201010126776667
    endloop
  endfacet
  facet normal 0 -1 0
    outer loop
      vertex 3.5 0 0
      vertex 5.020101012677667 0 0.8201010126776667
      vertex 4.835570730584337 0 1.0236988043417925
    endloop
  endfacet
  facet normal 0 0 -1
    outer loop
      vertex 3.5 0 0
      vertex 2.087694078683853 4 0
      vertex 7 0 0
    endloop
  endfacet
  facet normal 0 -1 0
    outer loop
      vertex 3.5 0 0
      vertex 4.413137308968397 0 1.7284863893777485
      vertex 4.320567059949815 0 1.9872029036875052
    endloop
  endfacet
  facet normal 0 -1 0
    outer loop
      vertex 3.5 0 0
      vertex 4.320567059949815 0 1.9872029036875052
      vertex 4.253801214870955 0 2.253747098354841
    endloop
  endfacet
  facet normal 0 -1 0
    outer loop
      vertex 3.5 0 0
      vertex 4.835570730584337 0 1.0236988043417925
      vertex 4.671885085552873 0 1.2444033475451137
    endloop
  endfacet
  facet normal 0 -1 0
    outer loop
      vertex 3.5 0 0
      vertex 4.671885085552873 0 1.2444033475451137
      vertex 4.530620459824606 0 1.4800891368872064
    endloop
  endfacet
  facet normal 0 -1 0
    outer loop
      vertex 3.5 0 0
      vertex 4.530620459824606 0 1.4800891368872064
      vertex 4.413137308968397 0 1.7284863893777485
    endloop
  endfacet
  facet normal -0.5956993028830408 -0.8032075326742517 0
    outer loop
      vertex 2.666644647717476 0.25279558449983597 0
      vertex 2.5484100729227066 0.3404843211174011 6
      vertex 2.5484100729227066 0.3404843211174011 0
    endloop
  endfacet
  facet normal -0.5141027780042697 -0.857728589734709 0
    outer loop
      vertex 2.666644647717476 0.25279558449983597 0
      vertex 2.7929048910737038 0.17711810022592545 0
      vertex 2.666644647717476 0.25279558449983597 6
    endloop
  endfacet
  facet normal -0.9700312581757379 -0.24298016001722234 0
    outer loop
      vertex 2.0288220793008804 1.2073645144701004 0
      vertex 2.0645894929766655 1.0645729824900627 0
      vertex 2.0288220793008804 1.2073645144701004 6
    endloop
  endfacet
  facet normal -0.989176513397145 -0.14673045131624157 0
    outer loop
      vertex 2.0288220793008804 1.2073645144701004 0
      vertex 2.0072229132056236 1.3529742881655693 6
      vertex 2.0072229132056236 1.3529742881655693 0
    endloop
  endfacet
  facet normal -0.9987954551570747 -0.04906769566193293 0
    outer loop
      vertex 2.0072229132056236 1.3529742881655693 0
      vertex 2 1.5 6
      vertex 2 1.5 0
    endloop
  endfacet
  facet normal -0.7409511057814068 -0.6715589764431048 0
    outer loop
      vertex 2.340484321117401 0.5484100729227066 0
      vertex 2.439339831471443 0.4393398314714432 0
      vertex 2.340484321117401 0.5484100729227066 6
    endloop
  endfacet
  facet normal -0.8032075326742517 -0.5956993028830408 0
    outer loop
      vertex 2.340484321117401 0.5484100729227066 0
      vertex 2.252795584499836 0.6666446477174759 6
      vertex 2.252795584499836 0.6666446477174759 0
    endloop
  endfacet
  facet normal -0.9039893026927517 -0.4275550731976791 0
    outer loop
      vertex 2.1771181002259254 0.7929048910737038 0
      vertex 2.114180698990822 0.9259748533368111 6
      vertex 2.114180698990822 0.9259748533368111 0
    endloop
  endfacet
  facet normal -0.857728589734709 -0.5141027780042697 0
    outer loop
      vertex 2.252795584499836 0.6666446477174759 0
      vertex 2.1771181002259254 0.7929048910737038 6
      vertex 2.1771181002259254 0.7929048910737038 0
    endloop
  endfacet
  facet normal -0.9415440599260391 -0.33688986808449944 0
    outer loop
      vertex 2.114180698990822 0.9259748533368111 0
      vertex 2.0645894929766655 1.0645729824900627 6
      vertex 2.0645894929766655 1.0645729824900627 0
    endloop
  endfacet
  facet normal -0.6715589764431048 -0.7409511057814068 0
    outer loop
      vertex 2.5484100729227066 0.3404843211174011 0
      vertex 2.439339831471443 0.4393398314714432 6
      vertex 2.439339831471443 0.4393398314714432 0
    endloop
  endfacet
  facet normal -0.5956992989376803 -0.8032075356003306 0
    outer loop
      vertex 0.8888595327734947 4.337060771882534 0
      vertex 0.7312134280800819 4.453979089856148 6
      vertex 0.7312134280800819 4.453979089856148 0
    endloop
  endfacet
  facet normal -0.5141027351876691 -0.8577286153979926 0
    outer loop
      vertex 0.8888595327734947 4.337060771882534 0
      vertex 1.0572065263986588 4.2361574694514275 0
      vertex 0.8888595327734947 4.337060771882534 6
    endloop
  endfacet
  facet normal -0.33688982640476 -0.941544074839288 0
    outer loop
      vertex 1.234633132815361 4.1522409319877625 0
      vertex 1.4194306433200836 4.086119331419468 0
      vertex 1.234633132815361 4.1522409319877625 6
    endloop
  endfacet
  facet normal -0.42755510310083966 -0.9039892885496101 0
    outer loop
      vertex 1.234633132815361 4.1522409319877625 0
      vertex 1.0572065263986588 4.2361574694514275 6
      vertex 1.0572065263986588 4.2361574694514275 0
    endloop
  endfacet
  facet normal -1 0 0
    outer loop
      vertex 2 1.5 0
      vertex 2 3.5 6
      vertex 2 3.5 0
    endloop
  endfacet
  facet normal -0.9987954551570747 0.04906769566193293 0
    outer loop
      vertex 2 3.5 0
      vertex 2.0072229132056236 3.6470257118344307 6
      vertex 2.0072229132056236 3.6470257118344307 0
    endloop
  endfacet
  facet normal -0.989176513397145 0.14673045131624157 0
    outer loop
      vertex 2.0072229132056236 3.6470257118344307 0
      vertex 2.0288220793008804 3.7926354855298996 6
      vertex 2.0288220793008804 3.7926354855298996 0
    endloop
  endfacet
  facet normal -0.24298019573678303 -0.9700312492284539 0
    outer loop
      vertex 1.6098193526268005 4.038429439067841 0
      vertex 1.4194306433200836 4.086119331419468 6
      vertex 1.4194306433200836 4.086119331419468 0
    endloop
  endfacet
  facet normal -0.14673047607854153 -0.989176509724005 0
    outer loop
      vertex 1.6098193526268005 4.038429439067841 0
      vertex 1.8039657175540924 4.009630545973778 0
      vertex 1.6098193526268005 4.038429439067841 6
    endloop
  endfacet
  facet normal -0.049067670415704694 -0.9987954563973426 0
    outer loop
      vertex 1.8039657175540924 4.009630545973778 0
      vertex 2 4 0
      vertex 1.8039657175540924 4.009630545973778 6
    endloop
  endfacet
  facet normal -0.9700312581757379 0.24298016001722234 0
    outer loop
      vertex 2.0288220793008804 3.7926354855298996 0
      vertex 2.0645894929766655 3.9354270175099373 6
      vertex 2.0645894929766655 3.9354270175099373 0
    endloop
  endfacet
  facet normal 0 -1 0
    outer loop
      vertex 2 4 0
      vertex 2.087694078683853 4 0
      vertex 2 4 6
    endloop
  endfacet
  facet normal -0.9415440507070081 0.3368898938499624 0
    outer loop
      vertex 2.0645894929766655 3.9354270175099373 0
      vertex 2.087694078683853 4 6
      vertex 2.087694078683853 4 0
    endloop
  endfacet
  facet normal 0 -1 0
    outer loop
      vertex 3.5 0 0
      vertex 4.253801214870955 0 2.253747098354841
      vertex 4.213482765317849 0 2.52555200707723
    endloop
  endfacet
  facet normal 0 -1 0
    outer loop
      vertex 3.5 0 0
      vertex 4.213482765317849 0 2.52555200707723
      vertex 4.2 0 2.8
    endloop
  endfacet
  facet normal -0.4275550731976791 -0.9039893026927517 0
    outer loop
      vertex 2.925974853336811 0.11418069899082184 0
      vertex 2.7929048910737038 0.17711810022592545 6
      vertex 2.7929048910737038 0.17711810022592545 0
    endloop
  endfacet
  facet normal -0.33688986808449944 -0.9415440599260391 0
    outer loop
      vertex 3.0645729824900627 0.0645894929766655 0
      vertex 2.925974853336811 0.11418069899082184 6
      vertex 2.925974853336811 0.11418069899082184 0
    endloop
  endfacet
  facet normal -0.14673045131624157 -0.989176513397145 0
    outer loop
      vertex 3.2073645144701004 0.028822079300880432 0
      vertex 3.3529742881655693 0.007222913205623627 0
      vertex 3.2073645144701004 0.028822079300880432 6
    endloop
  endfacet
  facet normal -0.04906769566193293 -0.9987954551570747 0
    outer loop
      vertex 3.3529742881655693 0.007222913205623627 0
      vertex 3.5 0 0
      vertex 3.3529742881655693 0.007222913205623627 6
    endloop
  endfacet
  facet normal -0.24298016001722234 -0.9700312581757379 0
    outer loop
      vertex 3.0645729824900627 0.0645894929766655 0
      vertex 3.2073645144701004 0.028822079300880432 0
      vertex 3.0645729824900627 0.0645894929766655 6
    endloop
  endfacet
  facet normal 0 -1 0
    outer loop
      vertex 3.5 0 0
      vertex 4.2 0 2.8
      vertex 4.213482765317849 0 3.0744479929227695
    endloop
  endfacet
  facet normal 0 -1 0
    outer loop
      vertex 3.5 0 0
      vertex 4.213482765317849 0 3.0744479929227695
      vertex 4.253801214870955 0 3.3462529016451588
    endloop
  endfacet
  facet normal 0 0 -1
    outer loop
      vertex 0.08611933141946793 5.419430643320084 0
      vertex 0.038429439067840576 5.6098193526268005 0
      vertex 0.08611933141946793 8.580569356679916 0
    endloop
  endfacet
  facet normal 0 0 -1
    outer loop
      vertex 0.15224093198776245 5.234633132815361 0
      vertex 0.08611933141946793 5.419430643320084 0
      vertex 0.15224093198776245 8.765366867184639 0
    endloop
  endfacet
  facet normal 0 0 -1
    outer loop
      vertex 0.337060771882534 4.888859532773495 0
      vertex 0.23615746945142746 5.057206526398659 0
      vertex 0.337060771882534 9.111140467226505 0
    endloop
  endfacet
  facet normal 0 0 -1
    outer loop
      vertex 0.23615746945142746 5.057206526398659 0
      vertex 0.15224093198776245 5.234633132815361 0
      vertex 0.23615746945142746 8.942793473601341 0
    endloop
  endfacet
  facet normal 0 0 -1
    outer loop
      vertex 0.5857864394783974 4.585786439478397 0
      vertex 0.7312134280800819 9.546020910143852 0
      vertex 0.7312134280800819 4.453979089856148 0
    endloop
  endfacet
  facet normal 0 0 -1
    outer loop
      vertex 0.337060771882534 4.888859532773495 0
      vertex 0.45397908985614777 9.268786571919918 0
      vertex 0.45397908985614777 4.731213428080082 0
    endloop
  endfacet
  facet normal 0 0 -1
    outer loop
      vertex 0.5857864394783974 4.585786439478397 0
      vertex 0.45397908985614777 4.731213428080082 0
      vertex 0.5857864394783974 9.414213560521603 0
    endloop
  endfacet
  facet normal 0 0 -1
    outer loop
      vertex 0.038429439067840576 5.6098193526268005 0
      vertex 0.009630545973777771 5.803965717554092 0
      vertex 0.038429439067840576 8.3901806473732 0
    endloop
  endfacet
  facet normal 0 0 -1
    outer loop
      vertex 0.009630545973777771 5.803965717554092 0
      vertex 0 6 0
      vertex 0.009630545973777771 8.196034282445908 0
    endloop
  endfacet
  facet normal 0 0 -1
    outer loop
      vertex 0.8888595327734947 4.337060771882534 0
      vertex 0.7312134280800819 4.453979089856148 0
      vertex 0.8888595327734947 9.662939228117466 0
    endloop
  endfacet
  facet normal 0 0 -1
    outer loop
      vertex 0.8888595327734947 4.337060771882534 0
      vertex 1.0572065263986588 9.763842530548573 0
      vertex 1.0572065263986588 4.2361574694514275 0
    endloop
  endfacet
  facet normal 0 0 -1
    outer loop
      vertex 1.234633132815361 4.1522409319877625 0
      vertex 1.0572065263986588 4.2361574694514275 0
      vertex 1.234633132815361 9.847759068012238 0
    endloop
  endfacet
  facet normal 0 0 -1
    outer loop
      vertex 1.234633132815361 4.1522409319877625 0
      vertex 1.4194306433200836 9.913880668580532 0
      vertex 1.4194306433200836 4.086119331419468 0
    endloop
  endfacet
  facet normal 0 0 -1
    outer loop
      vertex 1.6098193526268005 4.038429439067841 0
      vertex 1.4194306433200836 4.086119331419468 0
      vertex 1.6098193526268005 9.96157056093216 0
    endloop
  endfacet
  facet normal 0 0 -1
    outer loop
      vertex 1.6098193526268005 4.038429439067841 0
      vertex 1.8039657175540924 9.990369454026222 0
      vertex 1.8039657175540924 4.009630545973778 0
    endloop
  endfacet
  facet normal 0 0 -1
    outer loop
      vertex 1.8039657175540924 4.009630545973778 0
      vertex 2 10 0
      vertex 2 4 0
    endloop
  endfacet
  facet normal 0 0 -1
    outer loop
      vertex 2 4 0
      vertex 2 10 0
      vertex 2.087694078683853 4 0
    endloop
  endfacet
  facet normal 0 0 -1
    outer loop
      vertex 0 6 0
      vertex 0 8 0
      vertex 0.009630545973777771 8.196034282445908 0
    endloop
  endfacet
  facet normal 0 0 -1
    outer loop
      vertex 0.009630545973777771 5.803965717554092 0
      vertex 0.009630545973777771 8.196034282445908 0
      vertex 0.038429439067840576 8.3901806473732 0
    endloop
  endfacet
  facet normal 0 0 -1
    outer loop
      vertex 0.038429439067840576 5.6098193526268005 0
      vertex 0.038429439067840576 8.3901806473732 0
      vertex 0.08611933141946793 8.580569356679916 0
    endloop
  endfacet
  facet normal 0 0 -1
    outer loop
      vertex 0.08611933141946793 5.419430643320084 0
      vertex 0.08611933141946793 8.580569356679916 0
      vertex 0.15224093198776245 8.765366867184639 0
    endloop
  endfacet
  facet normal 0 0 -1
    outer loop
      vertex 0.15224093198776245 5.234633132815361 0
      vertex 0.15224093198776245 8.765366867184639 0
      vertex 0.23615746945142746 8.942793473601341 0
    endloop
  endfacet
  facet normal 0 0 -1
    outer loop
      vertex 0.23615746945142746 5.057206526398659 0
      vertex 0.23615746945142746 8.942793473601341 0
      vertex 0.337060771882534 9.111140467226505 0
    endloop
  endfacet
  facet normal 0 0 -1
    outer loop
      vertex 0.337060771882534 4.888859532773495 0
      vertex 0.337060771882534 9.111140467226505 0
      vertex 0.45397908985614777 9.268786571919918 0
    endloop
  endfacet
  facet normal 0 0 -1
    outer loop
      vertex 0.45397908985614777 4.731213428080082 0
      vertex 0.45397908985614777 9.268786571919918 0
      vertex 0.5857864394783974 9.414213560521603 0
    endloop
  endfacet
  facet normal 0 0 -1
    outer loop
      vertex 0.5857864394783974 4.585786439478397 0
      vertex 0.5857864394783974 9.414213560521603 0
      vertex 0.7312134280800819 9.546020910143852 0
    endloop
  endfacet
  facet normal 0 0 -1
    outer loop
      vertex 0.7312134280800819 4.453979089856148 0
      vertex 0.7312134280800819 9.546020910143852 0
      vertex 0.8888595327734947 9.662939228117466 0
    endloop
  endfacet
  facet normal 0 0 -1
    outer loop
      vertex 0.8888595327734947 4.337060771882534 0
      vertex 0.8888595327734947 9.662939228117466 0
      vertex 1.0572065263986588 9.763842530548573 0
    endloop
  endfacet
  facet normal 0 0 -1
    outer loop
      vertex 1.0572065263986588 4.2361574694514275 0
      vertex 1.0572065263986588 9.763842530548573 0
      vertex 1.234633132815361 9.847759068012238 0
    endloop
  endfacet
  facet normal 0 0 -1
    outer loop
      vertex 1.234633132815361 4.1522409319877625 0
      vertex 1.234633132815361 9.847759068012238 0
      vertex 1.4194306433200836 9.913880668580532 0
    endloop
  endfacet
  facet normal 0 0 -1
    outer loop
      vertex 1.4194306433200836 4.086119331419468 0
      vertex 1.4194306433200836 9.913880668580532 0
      vertex 1.6098193526268005 9.96157056093216 0
    endloop
  endfacet
  facet normal 0 0 -1
    outer loop
      vertex 1.6098193526268005 4.038429439067841 0
      vertex 1.6098193526268005 9.96157056093216 0
      vertex 1.8039657175540924 9.990369454026222 0
    endloop
  endfacet
  facet normal 0 0 -1
    outer loop
      vertex 1.8039657175540924 4.009630545973778 0
      vertex 1.8039657175540924 9.990369454026222 0
      vertex 2 10 0
    endloop
  endfacet
  facet normal -0.8577286153979926 -0.5141027351876691 0
    outer loop
      vertex 0.337060771882534 4.888859532773495 0
      vertex 0.23615746945142746 5.057206526398659 6
      vertex 0.23615746945142746 5.057206526398659 0
    endloop
  endfacet
  facet normal -0.9039892885496101 -0.42755510310083966 0
    outer loop
      vertex 0.23615746945142746 5.057206526398659 0
      vertex 0.15224093198776245 5.234633132815361 6
      vertex 0.15224093198776245 5.234633132815361 0
    endloop
  endfacet
  facet normal -0.8032075356003306 -0.5956992989376803 0
    outer loop
      vertex 0.337060771882534 4.888859532773495 0
      vertex 0.45397908985614777 4.731213428080082 0
      vertex 0.337060771882534 4.888859532773495 6
    endloop
  endfacet
  facet normal -0.7409510994850822 -0.671558983390028 0
    outer loop
      vertex 0.5857864394783974 4.585786439478397 0
      vertex 0.45397908985614777 4.731213428080082 6
      vertex 0.45397908985614777 4.731213428080082 0
    endloop
  endfacet
  facet normal -0.671558983390028 -0.7409510994850822 0
    outer loop
      vertex 0.5857864394783974 4.585786439478397 0
      vertex 0.7312134280800819 4.453979089856148 0
      vertex 0.5857864394783974 4.585786439478397 6
    endloop
  endfacet
  facet normal -0.941544074839288 -0.33688982640476 0
    outer loop
      vertex 0.15224093198776245 5.234633132815361 0
      vertex 0.08611933141946793 5.419430643320084 6
      vertex 0.08611933141946793 5.419430643320084 0
    endloop
  endfacet
  facet normal -0.9700312492284539 -0.24298019573678303 0
    outer loop
      vertex 0.08611933141946793 5.419430643320084 0
      vertex 0.038429439067840576 5.6098193526268005 6
      vertex 0.038429439067840576 5.6098193526268005 0
    endloop
  endfacet
  facet normal -0.989176509724005 -0.14673047607854153 0
    outer loop
      vertex 0.038429439067840576 5.6098193526268005 0
      vertex 0.009630545973777771 5.803965717554092 6
      vertex 0.009630545973777771 5.803965717554092 0
    endloop
  endfacet
  facet normal -0.9987954563973426 -0.049067670415704694 0
    outer loop
      vertex 0.009630545973777771 5.803965717554092 0
      vertex 0 6 6
      vertex 0 6 0
    endloop
  endfacet
  facet normal -1 0 0
    outer loop
      vertex 0 6 0
      vertex 0 8 6
      vertex 0 8 0
    endloop
  endfacet
  facet normal -0.9987954563973426 0.049067670415704694 0
    outer loop
      vertex 0 8 0
      vertex 0.009630545973777771 8.196034282445908 6
      vertex 0.009630545973777771 8.196034282445908 0
    endloop
  endfacet
  facet normal -0.989176509724005 0.14673047607854153 0
    outer loop
      vertex 0.009630545973777771 8.196034282445908 0
      vertex 0.038429439067840576 8.3901806473732 6
      vertex 0.038429439067840576 8.3901806473732 0
    endloop
  endfacet
  facet normal -0.9700312492284539 0.24298019573678303 0
    outer loop
      vertex 0.038429439067840576 8.3901806473732 0
      vertex 0.08611933141946793 8.580569356679916 6
      vertex 0.08611933141946793 8.580569356679916 0
    endloop
  endfacet
  facet normal -0.941544074839288 0.33688982640476 0
    outer loop
      vertex 0.08611933141946793 8.580569356679916 0
      vertex 0.15224093198776245 8.765366867184639 6
      vertex 0.15224093198776245 8.765366867184639 0
    endloop
  endfacet
  facet normal -0.9039892885496101 0.42755510310083966 0
    outer loop
      vertex 0.15224093198776245 8.765366867184639 0
      vertex 0.23615746945142746 8.942793473601341 6
      vertex 0.23615746945142746 8.942793473601341 0
    endloop
  endfacet
  facet normal -0.8577286153979926 0.5141027351876691 0
    outer loop
      vertex 0.23615746945142746 8.942793473601341 0
      vertex 0.337060771882534 9.111140467226505 6
      vertex 0.337060771882534 9.111140467226505 0
    endloop
  endfacet
  facet normal -0.8032075356003306 0.5956992989376803 0
    outer loop
      vertex 0.337060771882534 9.111140467226505 0
      vertex 0.45397908985614777 9.268786571919918 6
      vertex 0.45397908985614777 9.268786571919918 0
    endloop
  endfacet
  facet normal -0.7409510994850822 0.671558983390028 0
    outer loop
      vertex 0.45397908985614777 9.268786571919918 0
      vertex 0.5857864394783974 9.414213560521603 6
      vertex 0.5857864394783974 9.414213560521603 0
    endloop
  endfacet
  facet normal -0.671558983390028 0.7409510994850822 0
    outer loop
      vertex 0.5857864394783974 9.414213560521603 0
      vertex 0.7312134280800819 9.546020910143852 6
      vertex 0.7312134280800819 9.546020910143852 0
    endloop
  endfacet
  facet normal -0.5956992989376803 0.8032075356003306 0
    outer loop
      vertex 0.7312134280800819 9.546020910143852 0
      vertex 0.8888595327734947 9.662939228117466 6
      vertex 0.8888595327734947 9.662939228117466 0
    endloop
  endfacet
  facet normal -0.5141027351876691 0.8577286153979926 0
    outer loop
      vertex 0.8888595327734947 9.662939228117466 0
      vertex 1.0572065263986588 9.763842530548573 6
      vertex 1.0572065263986588 9.763842530548573 0
    endloop
  endfacet
  facet normal -0.42755510310083966 0.9039892885496101 0
    outer loop
      vertex 1.0572065263986588 9.763842530548573 0
      vertex 1.234633132815361 9.847759068012238 6
      vertex 1.234633132815361 9.847759068012238 0
    endloop
  endfacet
  facet normal -0.33688982640476 0.941544074839288 0
    outer loop
      vertex 1.234633132815361 9.847759068012238 0
      vertex 1.4194306433200836 9.913880668580532 6
      vertex 1.4194306433200836 9.913880668580532 0
    endloop
  endfacet
  facet normal -0.24298019573678303 0.9700312492284539 0
    outer loop
      vertex 1.4194306433200836 9.913880668580532 0
      vertex 1.6098193526268005 9.96157056093216 6
      vertex 1.6098193526268005 9.96157056093216 0
    endloop
  endfacet
  facet normal -0.14673047607854153 0.989176509724005 0
    outer loop
      vertex 1.6098193526268005 9.96157056093216 0
      vertex 1.8039657175540924 9.990369454026222 6
      vertex 1.8039657175540924 9.990369454026222 0
    endloop
  endfacet
  facet normal -0.049067670415704694 0.9987954563973426 0
    outer loop
      vertex 1.8039657175540924 9.990369454026222 0
      vertex 2 10 6
      vertex 2 10 0
    endloop
  endfacet
  facet normal 0 -1 0
    outer loop
      vertex 3.5 0 0
      vertex 6.72555200707723 0 0.013482765317848422
      vertex 6.453747098354841 0 0.053801214870954794
    endloop
  endfacet
  facet normal 0 -1 0
    outer loop
      vertex 3.5 0 0
      vertex 7 0 0
      vertex 6.72555200707723 0 0.013482765317848422
    endloop
  endfacet
  facet normal 0 0 -1
    outer loop
      vertex 2.087694078683853 4 0
      vertex 18.5 0 0
      vertex 7 0 0
    endloop
  endfacet
  facet normal 0 -1 0
    outer loop
      vertex 18.5 0 0
      vertex 7.27444799292277 0 0.013482765317848422
      vertex 7 0 0
    endloop
  endfacet
  facet normal 0 0 -1
    outer loop
      vertex 2.087694078683853 4 0
      vertex 2 10 0
      vertex 20 10 0
    endloop
  endfacet
  facet normal -0.6715589764431048 -0.7409511057814068 0
    outer loop
      vertex 2.5484100729227066 0.3404843211174011 0
      vertex 2.5484100729227066 0.3404843211174011 6
      vertex 2.439339831471443 0.4393398314714432 6
    endloop
  endfacet
  facet normal -0.5956993028830408 -0.8032075326742517 0
    outer loop
      vertex 2.666644647717476 0.25279558449983597 0
      vertex 2.666644647717476 0.25279558449983597 6
      vertex 2.5484100729227066 0.3404843211174011 6
    endloop
  endfacet
  facet normal -0.9700312581757379 -0.24298016001722234 0
    outer loop
      vertex 2.0645894929766655 1.0645729824900627 0
      vertex 2.0645894929766655 1.0645729824900627 6
      vertex 2.0288220793008804 1.2073645144701004 6
    endloop
  endfacet
  facet normal -0.989176513397145 -0.14673045131624157 0
    outer loop
      vertex 2.0288220793008804 1.2073645144701004 0
      vertex 2.0288220793008804 1.2073645144701004 6
      vertex 2.0072229132056236 1.3529742881655693 6
    endloop
  endfacet
  facet normal -0.9987954551570747 -0.04906769566193293 0
    outer loop
      vertex 2.0072229132056236 1.3529742881655693 0
      vertex 2.0072229132056236 1.3529742881655693 6
      vertex 2 1.5 6
    endloop
  endfacet
  facet normal -0.857728589734709 -0.5141027780042697 0
    outer loop
      vertex 2.252795584499836 0.6666446477174759 0
      vertex 2.252795584499836 0.6666446477174759 6
      vertex 2.1771181002259254 0.7929048910737038 6
    endloop
  endfacet
  facet normal -0.8032075326742517 -0.5956993028830408 0
    outer loop
      vertex 2.340484321117401 0.5484100729227066 0
      vertex 2.340484321117401 0.5484100729227066 6
      vertex 2.252795584499836 0.6666446477174759 6
    endloop
  endfacet
  facet normal -0.9039893026927517 -0.4275550731976791 0
    outer loop
      vertex 2.1771181002259254 0.7929048910737038 0
      vertex 2.1771181002259254 0.7929048910737038 6
      vertex 2.114180698990822 0.9259748533368111 6
    endloop
  endfacet
  facet normal -0.9415440599260391 -0.33688986808449944 0
    outer loop
      vertex 2.114180698990822 0.9259748533368111 0
      vertex 2.114180698990822 0.9259748533368111 6
      vertex 2.0645894929766655 1.0645729824900627 6
    endloop
  endfacet
  facet normal -0.7409511057814068 -0.6715589764431048 0
    outer loop
      vertex 2.439339831471443 0.4393398314714432 0
      vertex 2.439339831471443 0.4393398314714432 6
      vertex 2.340484321117401 0.5484100729227066 6
    endloop
  endfacet
  facet normal -0.671558983390028 -0.7409510994850822 0
    outer loop
      vertex 0.7312134280800819 4.453979089856148 0
      vertex 0.7312134280800819 4.453979089856148 6
      vertex 0.5857864394783974 4.585786439478397 6
    endloop
  endfacet
  facet normal -0.5956992989376803 -0.8032075356003306 0
    outer loop
      vertex 0.8888595327734947 4.337060771882534 0
      vertex 0.8888595327734947 4.337060771882534 6
      vertex 0.7312134280800819 4.453979089856148 6
    endloop
  endfacet
  facet normal -0.5141027351876691 -0.8577286153979926 0
    outer loop
      vertex 1.0572065263986588 4.2361574694514275 0
      vertex 1.0572065263986588 4.2361574694514275 6
      vertex 0.8888595327734947 4.337060771882534 6
    endloop
  endfacet
  facet normal -0.33688982640476 -0.941544074839288 0
    outer loop
      vertex 1.4194306433200836 4.086119331419468 0
      vertex 1.4194306433200836 4.086119331419468 6
      vertex 1.234633132815361 4.1522409319877625 6
    endloop
  endfacet
  facet normal -0.42755510310083966 -0.9039892885496101 0
    outer loop
      vertex 1.234633132815361 4.1522409319877625 0
      vertex 1.234633132815361 4.1522409319877625 6
      vertex 1.0572065263986588 4.2361574694514275 6
    endloop
  endfacet
  facet normal -1 0 0
    outer loop
      vertex 2 1.5 0
      vertex 2 1.5 6
      vertex 2 3.5 6
    endloop
  endfacet
  facet normal -0.9987954551570747 0.04906769566193293 0
    outer loop
      vertex 2 3.5 0
      vertex 2 3.5 6
      vertex 2.0072229132056236 3.6470257118344307 6
    endloop
  endfacet
  facet normal -0.989176513397145 0.14673045131624157 0
    outer loop
      vertex 2.0072229132056236 3.6470257118344307 0
      vertex 2.0072229132056236 3.6470257118344307 6
      vertex 2.0288220793008804 3.7926354855298996 6
    endloop
  endfacet
  facet normal -0.24298019573678303 -0.9700312492284539 0
    outer loop
      vertex 1.6098193526268005 4.038429439067841 0
      vertex 1.6098193526268005 4.038429439067841 6
      vertex 1.4194306433200836 4.086119331419468 6
    endloop
  endfacet
  facet normal -0.14673047607854153 -0.989176509724005 0
    outer loop
      vertex 1.8039657175540924 4.009630545973778 0
      vertex 1.8039657175540924 4.009630545973778 6
      vertex 1.6098193526268005 4.038429439067841 6
    endloop
  endfacet
  facet normal -0.9700312581757379 0.24298016001722234 0
    outer loop
      vertex 2.0288220793008804 3.7926354855298996 0
      vertex 2.0288220793008804 3.7926354855298996 6
      vertex 2.0645894929766655 3.9354270175099373 6
    endloop
  endfacet
  facet normal -0.049067670415704694 -0.9987954563973426 0
    outer loop
      vertex 2 4 0
      vertex 2 4 6
      vertex 1.8039657175540924 4.009630545973778 6
    endloop
  endfacet
  facet normal 0 -1 0
    outer loop
      vertex 2.087694078683853 4 0
      vertex 2.087694078683853 4 6
      vertex 2 4 6
    endloop
  endfacet
  facet normal -0.9415440507070081 0.3368898938499624 0
    outer loop
      vertex 2.0645894929766655 3.9354270175099373 0
      vertex 2.0645894929766655 3.9354270175099373 6
      vertex 2.087694078683853 4 6
    endloop
  endfacet
  facet normal 0 -1 0
    outer loop
      vertex 3.5 0 0
      vertex 4.253801214870955 0 3.3462529016451588
      vertex 3.5 0 6
    endloop
  endfacet
  facet normal -0.5141027780042697 -0.857728589734709 0
    outer loop
      vertex 2.7929048910737038 0.17711810022592545 0
      vertex 2.7929048910737038 0.17711810022592545 6
      vertex 2.666644647717476 0.25279558449983597 6
    endloop
  endfacet
  facet normal -0.4275550731976791 -0.9039893026927517 0
    outer loop
      vertex 2.925974853336811 0.11418069899082184 0
      vertex 2.925974853336811 0.11418069899082184 6
      vertex 2.7929048910737038 0.17711810022592545 6
    endloop
  endfacet
  facet normal -0.33688986808449944 -0.9415440599260391 0
    outer loop
      vertex 3.0645729824900627 0.0645894929766655 0
      vertex 3.0645729824900627 0.0645894929766655 6
      vertex 2.925974853336811 0.11418069899082184 6
    endloop
  endfacet
  facet normal -0.14673045131624157 -0.989176513397145 0
    outer loop
      vertex 3.3529742881655693 0.007222913205623627 0
      vertex 3.3529742881655693 0.007222913205623627 6
      vertex 3.2073645144701004 0.028822079300880432 6
    endloop
  endfacet
  facet normal -0.24298016001722234 -0.9700312581757379 0
    outer loop
      vertex 3.2073645144701004 0.028822079300880432 0
      vertex 3.2073645144701004 0.028822079300880432 6
      vertex 3.0645729824900627 0.0645894929766655 6
    endloop
  endfacet
  facet normal -0.04906769566193293 -0.9987954551570747 0
    outer loop
      vertex 3.5 0 0
      vertex 3.5 0 6
      vertex 3.3529742881655693 0.007222913205623627 6
    endloop
  endfacet
  facet normal 0 -1 0
    outer loop
      vertex 3.5 0 6
      vertex 4.253801214870955 0 3.3462529016451588
      vertex 4.320567059949815 0 3.6127970963124945
    endloop
  endfacet
  facet normal 0 -1 0
    outer loop
      vertex 3.5 0 6
      vertex 4.320567059949815 0 3.6127970963124945
      vertex 4.413137308968397 0 3.871513610622251
    endloop
  endfacet
  facet normal 0 0 1
    outer loop
      vertex 2.666644647717476 0.25279558449983597 6
      vertex 2 1.5 6
      vertex 2.5484100729227066 0.3404843211174011 6
    endloop
  endfacet
  facet normal 0 0 1
    outer loop
      vertex 2.252795584499836 0.6666446477174759 6
      vertex 2.0645894929766655 1.0645729824900627 6
      vertex 2.114180698990822 0.9259748533368111 6
    endloop
  endfacet
  facet normal 0 0 1
    outer loop
      vertex 2.252795584499836 0.6666446477174759 6
      vertex 2.114180698990822 0.9259748533368111 6
      vertex 2.1771181002259254 0.7929048910737038 6
    endloop
  endfacet
  facet normal 0 0 1
    outer loop
      vertex 2.340484321117401 0.5484100729227066 6
      vertex 2.0072229132056236 1.3529742881655693 6
      vertex 2.252795584499836 0.6666446477174759 6
    endloop
  endfacet
  facet normal 0 0 1
    outer loop
      vertex 2.0288220793008804 1.2073645144701004 6
      vertex 2.0645894929766655 1.0645729824900627 6
      vertex 2.252795584499836 0.6666446477174759 6
    endloop
  endfacet
  facet normal 0 0 1
    outer loop
      vertex 2.340484321117401 0.5484100729227066 6
      vertex 2.439339831471443 0.4393398314714432 6
      vertex 2.0072229132056236 1.3529742881655693 6
    endloop
  endfacet
  facet normal 0 0 1
    outer loop
      vertex 2.5484100729227066 0.3404843211174011 6
      vertex 2 1.5 6
      vertex 2.439339831471443 0.4393398314714432 6
    endloop
  endfacet
  facet normal 0 0 1
    outer loop
      vertex 2.666644647717476 0.25279558449983597 6
      vertex 2.7929048910737038 0.17711810022592545 6
      vertex 2 1.5 6
    endloop
  endfacet
  facet normal 0 0 1
    outer loop
      vertex 2 1.5 6
      vertex 2.7929048910737038 0.17711810022592545 6
      vertex 2.925974853336811 0.11418069899082184 6
    endloop
  endfacet
  facet normal 0 0 1
    outer loop
      vertex 2 1.5 6
      vertex 2.925974853336811 0.11418069899082184 6
      vertex 3.0645729824900627 0.0645894929766655 6
    endloop
  endfacet
  facet normal 0 0 1
    outer loop
      vertex 2.0288220793008804 1.2073645144701004 6
      vertex 2.252795584499836 0.6666446477174759 6
      vertex 2.0072229132056236 1.3529742881655693 6
    endloop
  endfacet
  facet normal 0 0 1
    outer loop
      vertex 2.439339831471443 0.4393398314714432 6
      vertex 2 1.5 6
      vertex 2.0072229132056236 1.3529742881655693 6
    endloop
  endfacet
  facet normal 0 0 1
    outer loop
      vertex 2 1.5 6
      vertex 2.087694078683853 4 6
      vertex 2 3.5 6
    endloop
  endfacet
  facet normal 0 0 1
    outer loop
      vertex 2 1.5 6
      vertex 3.5 0 6
      vertex 2.087694078683853 4 6
    endloop
  endfacet
  facet normal 0 0 1
    outer loop
      vertex 2 3.5 6
      vertex 2.087694078683853 4 6
      vertex 2.0072229132056236 3.6470257118344307 6
    endloop
  endfacet
  facet normal 0 0 1
    outer loop
      vertex 2.0072229132056236 3.6470257118344307 6
      vertex 2.087694078683853 4 6
      vertex 2.0288220793008804 3.7926354855298996 6
    endloop
  endfacet
  facet normal 0 0 1
    outer loop
      vertex 2.0288220793008804 3.7926354855298996 6
      vertex 2.087694078683853 4 6
      vertex 2.0645894929766655 3.9354270175099373 6
    endloop
  endfacet
  facet normal 0 -1 0
    outer loop
      vertex 3.5 0 6
      vertex 4.413137308968397 0 3.871513610622251
      vertex 4.530620459824606 0 4.119910863112793
    endloop
  endfacet
  facet normal 0 -1 0
    outer loop
      vertex 3.5 0 6
      vertex 4.530620459824606 0 4.119910863112793
      vertex 4.671885085552873 0 4.355596652454886
    endloop
  endfacet
  facet normal 0 -1 0
    outer loop
      vertex 3.5 0 6
      vertex 4.671885085552873 0 4.355596652454886
      vertex 4.835570730584337 0 4.576301195658207
    endloop
  endfacet
  facet normal 0 -1 0
    outer loop
      vertex 3.5 0 6
      vertex 4.835570730584337 0 4.576301195658207
      vertex 5.020101012677667 0 4.779898987322333
    endloop
  endfacet
  facet normal 0 -1 0
    outer loop
      vertex 3.5 0 6
      vertex 5.020101012677667 0 4.779898987322333
      vertex 5.223698804341793 0 4.964429269415663
    endloop
  endfacet
  facet normal 0 0 1
    outer loop
      vertex 2 1.5 6
      vertex 3.0645729824900627 0.0645894929766655 6
      vertex 3.2073645144701004 0.028822079300880432 6
    endloop
  endfacet
  facet normal 0 0 1
    outer loop
      vertex 2 1.5 6
      vertex 3.2073645144701004 0.028822079300880432 6
      vertex 3.3529742881655693 0.007222913205623627 6
    endloop
  endfacet
  facet normal 0 0 1
    outer loop
      vertex 2 1.5 6
      vertex 3.3529742881655693 0.007222913205623627 6
      vertex 3.5 0 6
    endloop
  endfacet
  facet normal 0 -1 0
    outer loop
      vertex 3.5 0 6
      vertex 5.223698804341793 0 4.964429269415663
      vertex 5.444403347545114 0 5.128114914447126
    endloop
  endfacet
  facet normal 0 -1 0
    outer loop
      vertex 3.5 0 6
      vertex 5.444403347545114 0 5.128114914447126
      vertex 5.680089136887206 0 5.269379540175394
    endloop
  endfacet
  facet normal 0 -1 0
    outer loop
      vertex 3.5 0 6
      vertex 5.680089136887206 0 5.269379540175394
      vertex 5.928486389377749 0 5.386862691031602
    endloop
  endfacet
  facet normal 0 -1 0
    outer loop
      vertex 3.5 0 6
      vertex 5.928486389377749 0 5.386862691031602
      vertex 6.187202903687505 0 5.479432940050184
    endloop
  endfacet
  facet normal 0 -1 0
    outer loop
      vertex 3.5 0 6
      vertex 6.187202903687505 0 5.479432940050184
      vertex 6.453747098354841 0 5.546198785129045
    endloop
  endfacet
  facet normal -0.8577286153979926 -0.5141027351876691 0
    outer loop
      vertex 0.337060771882534 4.888859532773495 0
      vertex 0.337060771882534 4.888859532773495 6
      vertex 0.23615746945142746 5.057206526398659 6
    endloop
  endfacet
  facet normal -0.9039892885496101 -0.42755510310083966 0
    outer loop
      vertex 0.23615746945142746 5.057206526398659 0
      vertex 0.23615746945142746 5.057206526398659 6
      vertex 0.15224093198776245 5.234633132815361 6
    endloop
  endfacet
  facet normal -0.8032075356003306 -0.5956992989376803 0
    outer loop
      vertex 0.45397908985614777 4.731213428080082 0
      vertex 0.45397908985614777 4.731213428080082 6
      vertex 0.337060771882534 4.888859532773495 6
    endloop
  endfacet
  facet normal -0.7409510994850822 -0.671558983390028 0
    outer loop
      vertex 0.5857864394783974 4.585786439478397 0
      vertex 0.5857864394783974 4.585786439478397 6
      vertex 0.45397908985614777 4.731213428080082 6
    endloop
  endfacet
  facet normal -0.941544074839288 -0.33688982640476 0
    outer loop
      vertex 0.15224093198776245 5.234633132815361 0
      vertex 0.15224093198776245 5.234633132815361 6
      vertex 0.08611933141946793 5.419430643320084 6
    endloop
  endfacet
  facet normal -0.9700312492284539 -0.24298019573678303 0
    outer loop
      vertex 0.08611933141946793 5.419430643320084 0
      vertex 0.08611933141946793 5.419430643320084 6
      vertex 0.038429439067840576 5.6098193526268005 6
    endloop
  endfacet
  facet normal -0.989176509724005 -0.14673047607854153 0
    outer loop
      vertex 0.038429439067840576 5.6098193526268005 0
      vertex 0.038429439067840576 5.6098193526268005 6
      vertex 0.009630545973777771 5.803965717554092 6
    endloop
  endfacet
  facet normal -0.9987954563973426 -0.049067670415704694 0
    outer loop
      vertex 0.009630545973777771 5.803965717554092 0
      vertex 0.009630545973777771 5.803965717554092 6
      vertex 0 6 6
    endloop
  endfacet
  facet normal -1 0 0
    outer loop
      vertex 0 6 0
      vertex 0 6 6
      vertex 0 8 6
    endloop
  endfacet
  facet normal -0.9987954563973426 0.049067670415704694 0
    outer loop
      vertex 0 8 0
      vertex 0 8 6
      vertex 0.009630545973777771 8.196034282445908 6
    endloop
  endfacet
  facet normal -0.989176509724005 0.14673047607854153 0
    outer loop
      vertex 0.009630545973777771 8.196034282445908 0
      vertex 0.009630545973777771 8.196034282445908 6
      vertex 0.038429439067840576 8.3901806473732 6
    endloop
  endfacet
  facet normal -0.9700312492284539 0.24298019573678303 0
    outer loop
      vertex 0.038429439067840576 8.3901806473732 0
      vertex 0.038429439067840576 8.3901806473732 6
      vertex 0.08611933141946793 8.580569356679916 6
    endloop
  endfacet
  facet normal -0.941544074839288 0.33688982640476 0
    outer loop
      vertex 0.08611933141946793 8.580569356679916 0
      vertex 0.08611933141946793 8.580569356679916 6
      vertex 0.15224093198776245 8.765366867184639 6
    endloop
  endfacet
  facet normal -0.9039892885496101 0.42755510310083966 0
    outer loop
      vertex 0.15224093198776245 8.765366867184639 0
      vertex 0.15224093198776245 8.765366867184639 6
      vertex 0.23615746945142746 8.942793473601341 6
    endloop
  endfacet
  facet normal -0.8577286153979926 0.5141027351876691 0
    outer loop
      vertex 0.23615746945142746 8.942793473601341 0
      vertex 0.23615746945142746 8.942793473601341 6
      vertex 0.337060771882534 9.111140467226505 6
    endloop
  endfacet
  facet normal -0.8032075356003306 0.5956992989376803 0
    outer loop
      vertex 0.337060771882534 9.111140467226505 0
      vertex 0.337060771882534 9.111140467226505 6
      vertex 0.45397908985614777 9.268786571919918 6
    endloop
  endfacet
  facet normal -0.7409510994850822 0.671558983390028 0
    outer loop
      vertex 0.45397908985614777 9.268786571919918 0
      vertex 0.45397908985614777 9.268786571919918 6
      vertex 0.5857864394783974 9.414213560521603 6
    endloop
  endfacet
  facet normal -0.671558983390028 0.7409510994850822 0
    outer loop
      vertex 0.5857864394783974 9.414213560521603 0
      vertex 0.5857864394783974 9.414213560521603 6
      vertex 0.7312134280800819 9.546020910143852 6
    endloop
  endfacet
  facet normal -0.5956992989376803 0.8032075356003306 0
    outer loop
      vertex 0.7312134280800819 9.546020910143852 0
      vertex 0.7312134280800819 9.546020910143852 6
      vertex 0.8888595327734947 9.662939228117466 6
    endloop
  endfacet
  facet normal -0.5141027351876691 0.8577286153979926 0
    outer loop
      vertex 0.8888595327734947 9.662939228117466 0
      vertex 0.8888595327734947 9.662939228117466 6
      vertex 1.0572065263986588 9.763842530548573 6
    endloop
  endfacet
  facet normal -0.42755510310083966 0.9039892885496101 0
    outer loop
      vertex 1.0572065263986588 9.763842530548573 0
      vertex 1.0572065263986588 9.763842530548573 6
      vertex 1.234633132815361 9.847759068012238 6
    endloop
  endfacet
  facet normal -0.33688982640476 0.941544074839288 0
    outer loop
      vertex 1.234633132815361 9.847759068012238 0
      vertex 1.234633132815361 9.847759068012238 6
      vertex 1.4194306433200836 9.913880668580532 6
    endloop
  endfacet
  facet normal -0.24298019573678303 0.9700312492284539 0
    outer loop
      vertex 1.4194306433200836 9.913880668580532 0
      vertex 1.4194306433200836 9.913880668580532 6
      vertex 1.6098193526268005 9.96157056093216 6
    endloop
  endfacet
  facet normal -0.14673047607854153 0.989176509724005 0
    outer loop
      vertex 1.6098193526268005 9.96157056093216 0
      vertex 1.6098193526268005 9.96157056093216 6
      vertex 1.8039657175540924 9.990369454026222 6
    endloop
  endfacet
  facet normal -0.049067670415704694 0.9987954563973426 0
    outer loop
      vertex 1.8039657175540924 9.990369454026222 0
      vertex 1.8039657175540924 9.990369454026222 6
      vertex 2 10 6
    endloop
  endfacet
  facet normal 0 0 1
    outer loop
      vertex 0.08611933141946793 5.419430643320084 6
      vertex 0.08611933141946793 8.580569356679916 6
      vertex 0.038429439067840576 5.6098193526268005 6
    endloop
  endfacet
  facet normal 0 0 1
    outer loop
      vertex 0.15224093198776245 5.234633132815361 6
      vertex 0.15224093198776245 8.765366867184639 6
      vertex 0.08611933141946793 5.419430643320084 6
    endloop
  endfacet
  facet normal 0 0 1
    outer loop
      vertex 0.337060771882534 4.888859532773495 6
      vertex 0.337060771882534 9.111140467226505 6
      vertex 0.23615746945142746 5.057206526398659 6
    endloop
  endfacet
  facet normal 0 0 1
    outer loop
      vertex 0.23615746945142746 5.057206526398659 6
      vertex 0.23615746945142746 8.942793473601341 6
      vertex 0.15224093198776245 5.234633132815361 6
    endloop
  endfacet
  facet normal 0 0 1
    outer loop
      vertex 0.5857864394783974 4.585786439478397 6
      vertex 0.7312134280800819 4.453979089856148 6
      vertex 0.7312134280800819 9.546020910143852 6
    endloop
  endfacet
  facet normal 0 0 1
    outer loop
      vertex 0.337060771882534 4.888859532773495 6
      vertex 0.45397908985614777 4.731213428080082 6
      vertex 0.45397908985614777 9.268786571919918 6
    endloop
  endfacet
  facet normal 0 0 1
    outer loop
      vertex 0.5857864394783974 4.585786439478397 6
      vertex 0.5857864394783974 9.414213560521603 6
      vertex 0.45397908985614777 4.731213428080082 6
    endloop
  endfacet
  facet normal 0 0 1
    outer loop
      vertex 0.038429439067840576 5.6098193526268005 6
      vertex 0.038429439067840576 8.3901806473732 6
      vertex 0.009630545973777771 5.803965717554092 6
    endloop
  endfacet
  facet normal 0 0 1
    outer loop
      vertex 0.009630545973777771 5.803965717554092 6
      vertex 0.009630545973777771 8.196034282445908 6
      vertex 0 6 6
    endloop
  endfacet
  facet normal 0 0 1
    outer loop
      vertex 0.8888595327734947 4.337060771882534 6
      vertex 0.8888595327734947 9.662939228117466 6
      vertex 0.7312134280800819 4.453979089856148 6
    endloop
  endfacet
  facet normal 0 0 1
    outer loop
      vertex 0.8888595327734947 4.337060771882534 6
      vertex 1.0572065263986588 4.2361574694514275 6
      vertex 1.0572065263986588 9.763842530548573 6
    endloop
  endfacet
  facet normal 0 0 1
    outer loop
      vertex 1.234633132815361 4.1522409319877625 6
      vertex 1.234633132815361 9.847759068012238 6
      vertex 1.0572065263986588 4.2361574694514275 6
    endloop
  endfacet
  facet normal 0 0 1
    outer loop
      vertex 1.234633132815361 4.1522409319877625 6
      vertex 1.4194306433200836 4.086119331419468 6
      vertex 1.4194306433200836 9.913880668580532 6
    endloop
  endfacet
  facet normal 0 0 1
    outer loop
      vertex 1.6098193526268005 4.038429439067841 6
      vertex 1.6098193526268005 9.96157056093216 6
      vertex 1.4194306433200836 4.086119331419468 6
    endloop
  endfacet
  facet normal 0 0 1
    outer loop
      vertex 1.6098193526268005 4.038429439067841 6
      vertex 1.8039657175540924 4.009630545973778 6
      vertex 1.8039657175540924 9.990369454026222 6
    endloop
  endfacet
  facet normal 0 0 1
    outer loop
      vertex 1.8039657175540924 4.009630545973778 6
      vertex 2 4 6
      vertex 2 10 6
    endloop
  endfacet
  facet normal 0 0 1
    outer loop
      vertex 2 4 6
      vertex 2.087694078683853 4 6
      vertex 2 10 6
    endloop
  endfacet
  facet normal 0 0 1
    outer loop
      vertex 0 6 6
      vertex 0.009630545973777771 8.196034282445908 6
      vertex 0 8 6
    endloop
  endfacet
  facet normal 0 0 1
    outer loop
      vertex 0.009630545973777771 5.803965717554092 6
      vertex 0.038429439067840576 8.3901806473732 6
      vertex 0.009630545973777771 8.196034282445908 6
    endloop
  endfacet
  facet normal 0 0 1
    outer loop
      vertex 0.038429439067840576 5.6098193526268005 6
      vertex 0.08611933141946793 8.580569356679916 6
      vertex 0.038429439067840576 8.3901806473732 6
    endloop
  endfacet
  facet normal 0 0 1
    outer loop
      vertex 0.08611933141946793 5.419430643320084 6
      vertex 0.15224093198776245 8.765366867184639 6
      vertex 0.08611933141946793 8.580569356679916 6
    endloop
  endfacet
  facet normal 0 0 1
    outer loop
      vertex 0.15224093198776245 5.234633132815361 6
      vertex 0.23615746945142746 8.942793473601341 6
      vertex 0.15224093198776245 8.765366867184639 6
    endloop
  endfacet
  facet normal 0 0 1
    outer loop
      vertex 0.23615746945142746 5.057206526398659 6
      vertex 0.337060771882534 9.111140467226505 6
      vertex 0.23615746945142746 8.942793473601341 6
    endloop
  endfacet
  facet normal 0 0 1
    outer loop
      vertex 0.337060771882534 4.888859532773495 6
      vertex 0.45397908985614777 9.268786571919918 6
      vertex 0.337060771882534 9.111140467226505 6
    endloop
  endfacet
  facet normal 0 0 1
    outer loop
      vertex 0.45397908985614777 4.731213428080082 6
      vertex 0.5857864394783974 9.414213560521603 6
      vertex 0.45397908985614777 9.268786571919918 6
    endloop
  endfacet
  facet normal 0 0 1
    outer loop
      vertex 0.5857864394783974 4.585786439478397 6
      vertex 0.7312134280800819 9.546020910143852 6
      vertex 0.5857864394783974 9.414213560521603 6
    endloop
  endfacet
  facet normal 0 0 1
    outer loop
      vertex 0.7312134280800819 4.453979089856148 6
      vertex 0.8888595327734947 9.662939228117466 6
      vertex 0.7312134280800819 9.546020910143852 6
    endloop
  endfacet
  facet normal 0 0 1
    outer loop
      vertex 0.8888595327734947 4.337060771882534 6
      vertex 1.0572065263986588 9.763842530548573 6
      vertex 0.8888595327734947 9.662939228117466 6
    endloop
  endfacet
  facet normal 0 0 1
    outer loop
      vertex 1.0572065263986588 4.2361574694514275 6
      vertex 1.234633132815361 9.847759068012238 6
      vertex 1.0572065263986588 9.763842530548573 6
    endloop
  endfacet
  facet normal 0 0 1
    outer loop
      vertex 1.234633132815361 4.1522409319877625 6
      vertex 1.4194306433200836 9.913880668580532 6
      vertex 1.234633132815361 9.847759068012238 6
    endloop
  endfacet
  facet normal 0 0 1
    outer loop
      vertex 1.4194306433200836 4.086119331419468 6
      vertex 1.6098193526268005 9.96157056093216 6
      vertex 1.4194306433200836 9.913880668580532 6
    endloop
  endfacet
  facet normal 0 0 1
    outer loop
      vertex 1.6098193526268005 4.038429439067841 6
      vertex 1.8039657175540924 9.990369454026222 6
      vertex 1.6098193526268005 9.96157056093216 6
    endloop
  endfacet
  facet normal 0 0 1
    outer loop
      vertex 1.8039657175540924 4.009630545973778 6
      vertex 2 10 6
      vertex 1.8039657175540924 9.990369454026222 6
    endloop
  endfacet
  facet normal 0 -1 0
    outer loop
      vertex 3.5 0 6
      vertex 6.453747098354841 0 5.546198785129045
      vertex 6.72555200707723 0 5.586517234682152
    endloop
  endfacet
  facet normal 0 -1 0
    outer loop
      vertex 3.5 0 6
      vertex 6.72555200707723 0 5.586517234682152
      vertex 7 0 5.6
    endloop
  endfacet
  facet normal 0 -1 0
    outer loop
      vertex 3.5 0 6
      vertex 7 0 5.6
      vertex 7.27444799292277 0 5.586517234682152
    endloop
  endfacet
  facet normal 0 0 1
    outer loop
      vertex 3.5 0 6
      vertex 18.5 0 6
      vertex 2.087694078683853 4 6
    endloop
  endfacet
  facet normal 0 -1 0
    outer loop
      vertex 3.5 0 6
      vertex 7.27444799292277 0 5.586517234682152
      vertex 18.5 0 6
    endloop
  endfacet
  facet normal 0 1 0
    outer loop
      vertex 2 10 0
      vertex 2 10 6
      vertex 20 10 6
    endloop
  endfacet
  facet normal 0 0 1
    outer loop
      vertex 2.087694078683853 4 6
      vertex 20 10 6
      vertex 2 10 6
    endloop
  endfacet
  facet normal 0 -1 0
    outer loop
      vertex 18.5 0 0
      vertex 7.546252901645159 0 0.053801214870954794
      vertex 7.27444799292277 0 0.013482765317848422
    endloop
  endfacet
  facet normal 0 -1 0
    outer loop
      vertex 18.5 0 0
      vertex 7.812797096312495 0 0.1205670599498152
      vertex 7.546252901645159 0 0.053801214870954794
    endloop
  endfacet
  facet normal 0 -1 0
    outer loop
      vertex 18.5 0 0
      vertex 8.071513610622251 0 0.21313730896839722
      vertex 7.812797096312495 0 0.1205670599498152
    endloop
  endfacet
  facet normal 0 -1 0
    outer loop
      vertex 18.5 0 0
      vertex 8.319910863112794 0 0.33062045982460564
      vertex 8.071513610622251 0 0.21313730896839722
    endloop
  endfacet
  facet normal 0 -1 0
    outer loop
      vertex 18.5 0 0
      vertex 8.555596652454886 0 0.4718850855528731
      vertex 8.319910863112794 0 0.33062045982460564
    endloop
  endfacet
  facet normal 0 -1 0
    outer loop
      vertex 18.5 0 0
      vertex 8.776301195658208 0 0.6355707305843366
      vertex 8.555596652454886 0 0.4718850855528731
    endloop
  endfacet
  facet normal 0 -1 0
    outer loop
      vertex 18.5 0 0
      vertex 8.979898987322333 0 0.8201010126776667
      vertex 8.776301195658208 0 0.6355707305843366
    endloop
  endfacet
  facet normal 0 -1 0
    outer loop
      vertex 18.5 0 0
      vertex 9.164429269415663 0 1.0236988043417925
      vertex 8.979898987322333 0 0.8201010126776667
    endloop
  endfacet
  facet normal 0 0 -1
    outer loop
      vertex 2.087694078683853 4 0
      vertex 18.64702571183443 0.007222913205623627 0
      vertex 18.5 0 0
    endloop
  endfacet
  facet normal 0 0 -1
    outer loop
      vertex 2.087694078683853 4 0
      vertex 18.7926354855299 0.028822079300880432 0
      vertex 18.64702571183443 0.007222913205623627 0
    endloop
  endfacet
  facet normal 0 0 -1
    outer loop
      vertex 2.087694078683853 4 0
      vertex 18.935427017509937 0.0645894929766655 0
      vertex 18.7926354855299 0.028822079300880432 0
    endloop
  endfacet
  facet normal 0 0 -1
    outer loop
      vertex 2.087694078683853 4 0
      vertex 19.07402514666319 0.11418069899082184 0
      vertex 18.935427017509937 0.0645894929766655 0
    endloop
  endfacet
  facet normal 0 0 -1
    outer loop
      vertex 2.087694078683853 4 0
      vertex 19.207095108926296 0.17711810022592545 0
      vertex 19.07402514666319 0.11418069899082184 0
    endloop
  endfacet
  facet normal 0 0 -1
    outer loop
      vertex 2.087694078683853 4 0
      vertex 19.333355352282524 0.25279558449983597 0
      vertex 19.207095108926296 0.17711810022592545 0
    endloop
  endfacet
  facet normal 0 0 -1
    outer loop
      vertex 2.087694078683853 4 0
      vertex 19.451589927077293 0.3404843211174011 0
      vertex 19.333355352282524 0.25279558449983597 0
    endloop
  endfacet
  facet normal 0 0 -1
    outer loop
      vertex 2.087694078683853 4 0
      vertex 19.560660168528557 0.4393398314714432 0
      vertex 19.451589927077293 0.3404843211174011 0
    endloop
  endfacet
  facet normal 0 -1 0
    outer loop
      vertex 18.5 0 0
      vertex 9.328114914447127 0 1.2444033475451137
      vertex 9.164429269415663 0 1.0236988043417925
    endloop
  endfacet
  facet normal 0 -1 0
    outer loop
      vertex 18.5 0 0
      vertex 9.469379540175394 0 1.4800891368872064
      vertex 9.328114914447127 0 1.2444033475451137
    endloop
  endfacet
  facet normal 0 -1 0
    outer loop
      vertex 18.5 0 0
      vertex 9.586862691031602 0 1.7284863893777485
      vertex 9.469379540175394 0 1.4800891368872064
    endloop
  endfacet
  facet normal 0 -1 0
    outer loop
      vertex 18.5 0 0
      vertex 9.679432940050184 0 1.9872029036875052
      vertex 9.586862691031602 0 1.7284863893777485
    endloop
  endfacet
  facet normal 0 -1 0
    outer loop
      vertex 18.5 0 0
      vertex 9.746198785129046 0 2.253747098354841
      vertex 9.679432940050184 0 1.9872029036875052
    endloop
  endfacet
  facet normal 0 0 -1
    outer loop
      vertex 2.087694078683853 4 0
      vertex 19.6595156788826 0.5484100729227066 0
      vertex 19.560660168528557 0.4393398314714432 0
    endloop
  endfacet
  facet normal 0 0 -1
    outer loop
      vertex 2.087694078683853 4 0
      vertex 19.747204415500164 0.6666446477174759 0
      vertex 19.6595156788826 0.5484100729227066 0
    endloop
  endfacet
  facet normal 0 0 -1
    outer loop
      vertex 2.087694078683853 4 0
      vertex 19.822881899774075 0.7929048910737038 0
      vertex 19.747204415500164 0.6666446477174759 0
    endloop
  endfacet
  facet normal 0 0 -1
    outer loop
      vertex 2.087694078683853 4 0
      vertex 19.885819301009178 0.9259748533368111 0
      vertex 19.822881899774075 0.7929048910737038 0
    endloop
  endfacet
  facet normal 0 0 -1
    outer loop
      vertex 2.087694078683853 4 0
      vertex 19.935410507023335 1.0645729824900627 0
      vertex 19.885819301009178 0.9259748533368111 0
    endloop
  endfacet
  facet normal 0 0 -1
    outer loop
      vertex 2.087694078683853 4 0
      vertex 19.97117792069912 1.2073645144701004 0
      vertex 19.935410507023335 1.0645729824900627 0
    endloop
  endfacet
  facet normal 0 0 -1
    outer loop
      vertex 2.087694078683853 4 0
      vertex 19.992777086794376 1.3529742881655693 0
      vertex 19.97117792069912 1.2073645144701004 0
    endloop
  endfacet
  facet normal 0 0 -1
    outer loop
      vertex 2.087694078683853 4 0
      vertex 20 1.5 0
      vertex 19.992777086794376 1.3529742881655693 0
    endloop
  endfacet
  facet normal 0 0 -1
    outer loop
      vertex 2.087694078683853 4 0
      vertex 19.912305921316147 4 0
      vertex 20 1.5 0
    endloop
  endfacet
  facet normal 0 -1 0
    outer loop
      vertex 18.5 0 0
      vertex 9.786517234682151 0 2.52555200707723
      vertex 9.746198785129046 0 2.253747098354841
    endloop
  endfacet
  facet normal 0 -1 0
    outer loop
      vertex 18.5 0 0
      vertex 9.8 0 2.8
      vertex 9.786517234682151 0 2.52555200707723
    endloop
  endfacet
  facet normal 0 -1 0
    outer loop
      vertex 18.5 0 0
      vertex 9.786517234682151 0 3.0744479929227695
      vertex 9.8 0 2.8
    endloop
  endfacet
  facet normal 0 -1 0
    outer loop
      vertex 18.5 0 0
      vertex 9.746198785129046 0 3.3462529016451588
      vertex 9.786517234682151 0 3.0744479929227695
    endloop
  endfacet
  facet normal 0 0 -1
    outer loop
      vertex 2.087694078683853 4 0
      vertex 22 8 0
      vertex 19.912305921316147 4 0
    endloop
  endfacet
  facet normal 0 0 -1
    outer loop
      vertex 2.087694078683853 4 0
      vertex 21.990369454026222 8.196034282445908 0
      vertex 22 8 0
    endloop
  endfacet
  facet normal 0 0 -1
    outer loop
      vertex 2.087694078683853 4 0
      vertex 21.96157056093216 8.3901806473732 0
      vertex 21.990369454026222 8.196034282445908 0
    endloop
  endfacet
  facet normal 0 0 -1
    outer loop
      vertex 2.087694078683853 4 0
      vertex 21.847759068012238 8.765366867184639 0
      vertex 21.913880668580532 8.580569356679916 0
    endloop
  endfacet
  facet normal 0 0 -1
    outer loop
      vertex 2.087694078683853 4 0
      vertex 21.763842530548573 8.942793473601341 0
      vertex 21.847759068012238 8.765366867184639 0
    endloop
  endfacet
  facet normal 0 0 -1
    outer loop
      vertex 2.087694078683853 4 0
      vertex 21.913880668580532 8.580569356679916 0
      vertex 21.96157056093216 8.3901806473732 0
    endloop
  endfacet
  facet normal 0 0 -1
    outer loop
      vertex 2.087694078683853 4 0
      vertex 20 10 0
      vertex 20.196034282445908 9.990369454026222 0
    endloop
  endfacet
  facet normal 0 0 -1
    outer loop
      vertex 2.087694078683853 4 0
      vertex 20.196034282445908 9.990369454026222 0
      vertex 20.3901806473732 9.96157056093216 0
    endloop
  endfacet
  facet normal 0 0 -1
    outer loop
      vertex 2.087694078683853 4 0
      vertex 20.3901806473732 9.96157056093216 0
      vertex 20.580569356679916 9.913880668580532 0
    endloop
  endfacet
  facet normal 0 0 -1
    outer loop
      vertex 2.087694078683853 4 0
      vertex 20.580569356679916 9.913880668580532 0
      vertex 20.76536686718464 9.847759068012238 0
    endloop
  endfacet
  facet normal 0 0 -1
    outer loop
      vertex 2.087694078683853 4 0
      vertex 20.76536686718464 9.847759068012238 0
      vertex 20.94279347360134 9.763842530548573 0
    endloop
  endfacet
  facet normal 0 0 -1
    outer loop
      vertex 2.087694078683853 4 0
      vertex 20.94279347360134 9.763842530548573 0
      vertex 21.111140467226505 9.662939228117466 0
    endloop
  endfacet
  facet normal 0 0 -1
    outer loop
      vertex 2.087694078683853 4 0
      vertex 21.414213560521603 9.414213560521603 0
      vertex 21.546020910143852 9.268786571919918 0
    endloop
  endfacet
  facet normal 0 0 -1
    outer loop
      vertex 2.087694078683853 4 0
      vertex 21.546020910143852 9.268786571919918 0
      vertex 21.662939228117466 9.111140467226505 0
    endloop
  endfacet
  facet normal 0 0 -1
    outer loop
      vertex 2.087694078683853 4 0
      vertex 21.111140467226505 9.662939228117466 0
      vertex 21.268786571919918 9.546020910143852 0
    endloop
  endfacet
  facet normal 0 0 -1
    outer loop
      vertex 2.087694078683853 4 0
      vertex 21.268786571919918 9.546020910143852 0
      vertex 21.414213560521603 9.414213560521603 0
    endloop
  endfacet
  facet normal 0 0 -1
    outer loop
      vertex 2.087694078683853 4 0
      vertex 21.662939228117466 9.111140467226505 0
      vertex 21.763842530548573 8.942793473601341 0
    endloop
  endfacet
  facet normal 0 1 0
    outer loop
      vertex 2 10 0
      vertex 20 10 6
      vertex 20 10 0
    endloop
  endfacet
  facet normal 0 0 -1
    outer loop
      vertex 20 1.5 0
      vertex 19.912305921316147 4 0
      vertex 20 3.5 0
    endloop
  endfacet
  facet normal 0 0 -1
    outer loop
      vertex 20 3.5 0
      vertex 19.912305921316147 4 0
      vertex 19.992777086794376 3.6470257118344307 0
    endloop
  endfacet
  facet normal 0 0 -1
    outer loop
      vertex 19.992777086794376 3.6470257118344307 0
      vertex 19.912305921316147 4 0
      vertex 19.97117792069912 3.7926354855298996 0
    endloop
  endfacet
  facet normal 0 0 -1
    outer loop
      vertex 19.935410507023335 3.9354270175099373 0
      vertex 19.97117792069912 3.7926354855298996 0
      vertex 19.912305921316147 4 0
    endloop
  endfacet
  facet normal 0 0 -1
    outer loop
      vertex 20 4 0
      vertex 21.414213560521603 4.585786439478397 0
      vertex 20.196034282445908 4.009630545973778 0
    endloop
  endfacet
  facet normal 0 0 -1
    outer loop
      vertex 20.196034282445908 4.009630545973778 0
      vertex 21.414213560521603 4.585786439478397 0
      vertex 20.3901806473732 4.038429439067841 0
    endloop
  endfacet
  facet normal 0 0 -1
    outer loop
      vertex 20.3901806473732 4.038429439067841 0
      vertex 21.414213560521603 4.585786439478397 0
      vertex 20.580569356679916 4.086119331419468 0
    endloop
  endfacet
  facet normal 0 0 -1
    outer loop
      vertex 20.580569356679916 4.086119331419468 0
      vertex 21.414213560521603 4.585786439478397 0
      vertex 20.76536686718464 4.1522409319877625 0
    endloop
  endfacet
  facet normal 0 0 -1
    outer loop
      vertex 20.76536686718464 4.1522409319877625 0
      vertex 21.414213560521603 4.585786439478397 0
      vertex 20.94279347360134 4.2361574694514275 0
    endloop
  endfacet
  facet normal 0 0 -1
    outer loop
      vertex 20 4 0
      vertex 21.546020910143852 4.731213428080082 0
      vertex 21.414213560521603 4.585786439478397 0
    endloop
  endfacet
  facet normal 0 0 -1
    outer loop
      vertex 20.94279347360134 4.2361574694514275 0
      vertex 21.414213560521603 4.585786439478397 0
      vertex 21.111140467226505 4.337060771882534 0
    endloop
  endfacet
  facet normal 0 0 -1
    outer loop
      vertex 21.111140467226505 4.337060771882534 0
      vertex 21.414213560521603 4.585786439478397 0
      vertex 21.268786571919918 4.453979089856148 0
    endloop
  endfacet
  facet normal 0.04906769566193293 -0.9987954551570747 0
    outer loop
      vertex 18.5 0 0
      vertex 18.64702571183443 0.007222913205623627 0
      vertex 18.5 0 6
    endloop
  endfacet
  facet normal 0.14673045131624157 -0.989176513397145 0
    outer loop
      vertex 18.64702571183443 0.007222913205623627 0
      vertex 18.7926354855299 0.028822079300880432 0
      vertex 18.64702571183443 0.007222913205623627 6
    endloop
  endfacet
  facet normal 0.24298016001722234 -0.9700312581757379 0
    outer loop
      vertex 18.7926354855299 0.028822079300880432 0
      vertex 18.935427017509937 0.0645894929766655 0
      vertex 18.7926354855299 0.028822079300880432 6
    endloop
  endfacet
  facet normal 0.33688986808449944 -0.9415440599260391 0
    outer loop
      vertex 18.935427017509937 0.0645894929766655 0
      vertex 19.07402514666319 0.11418069899082184 0
      vertex 18.935427017509937 0.0645894929766655 6
    endloop
  endfacet
  facet normal 0.4275550731976791 -0.9039893026927517 0
    outer loop
      vertex 19.07402514666319 0.11418069899082184 0
      vertex 19.207095108926296 0.17711810022592545 0
      vertex 19.07402514666319 0.11418069899082184 6
    endloop
  endfacet
  facet normal 0.5141027780042697 -0.857728589734709 0
    outer loop
      vertex 19.207095108926296 0.17711810022592545 0
      vertex 19.333355352282524 0.25279558449983597 0
      vertex 19.207095108926296 0.17711810022592545 6
    endloop
  endfacet
  facet normal 0.5956993028830408 -0.8032075326742517 0
    outer loop
      vertex 19.333355352282524 0.25279558449983597 0
      vertex 19.451589927077293 0.3404843211174011 0
      vertex 19.333355352282524 0.25279558449983597 6
    endloop
  endfacet
  facet normal 0.6715589764431048 -0.7409511057814068 0
    outer loop
      vertex 19.451589927077293 0.3404843211174011 0
      vertex 19.560660168528557 0.4393398314714432 0
      vertex 19.451589927077293 0.3404843211174011 6
    endloop
  endfacet
  facet normal 0.7409511057814068 -0.6715589764431048 0
    outer loop
      vertex 19.560660168528557 0.4393398314714432 0
      vertex 19.6595156788826 0.5484100729227066 0
      vertex 19.560660168528557 0.4393398314714432 6
    endloop
  endfacet
  facet normal 0.8032075326742517 -0.5956993028830408 0
    outer loop
      vertex 19.6595156788826 0.5484100729227066 0
      vertex 19.747204415500164 0.6666446477174759 0
      vertex 19.6595156788826 0.5484100729227066 6
    endloop
  endfacet
  facet normal 0.857728589734709 -0.5141027780042697 0
    outer loop
      vertex 19.747204415500164 0.6666446477174759 0
      vertex 19.822881899774075 0.7929048910737038 0
      vertex 19.747204415500164 0.6666446477174759 6
    endloop
  endfacet
  facet normal 0.9039893026927517 -0.4275550731976791 0
    outer loop
      vertex 19.822881899774075 0.7929048910737038 0
      vertex 19.885819301009178 0.9259748533368111 0
      vertex 19.822881899774075 0.7929048910737038 6
    endloop
  endfacet
  facet normal 0.9415440599260391 -0.33688986808449944 0
    outer loop
      vertex 19.885819301009178 0.9259748533368111 0
      vertex 19.935410507023335 1.0645729824900627 0
      vertex 19.885819301009178 0.9259748533368111 6
    endloop
  endfacet
  facet normal 0.9700312581757379 -0.24298016001722234 0
    outer loop
      vertex 19.935410507023335 1.0645729824900627 0
      vertex 19.97117792069912 1.2073645144701004 0
      vertex 19.935410507023335 1.0645729824900627 6
    endloop
  endfacet
  facet normal 0.989176513397145 -0.14673045131624157 0
    outer loop
      vertex 19.97117792069912 1.2073645144701004 0
      vertex 19.992777086794376 1.3529742881655693 0
      vertex 19.97117792069912 1.2073645144701004 6
    endloop
  endfacet
  facet normal 0.9987954551570747 -0.04906769566193293 0
    outer loop
      vertex 19.992777086794376 1.3529742881655693 0
      vertex 20 1.5 0
      vertex 19.992777086794376 1.3529742881655693 6
    endloop
  endfacet
  facet normal 1 0 0
    outer loop
      vertex 20 1.5 0
      vertex 20 3.5 0
      vertex 20 1.5 6
    endloop
  endfacet
  facet normal 0.9415440507070081 0.3368898938499624 0
    outer loop
      vertex 19.935410507023335 3.9354270175099373 0
      vertex 19.912305921316147 4 0
      vertex 19.935410507023335 3.9354270175099373 6
    endloop
  endfacet
  facet normal 0.9987954551570747 0.04906769566193293 0
    outer loop
      vertex 20 3.5 0
      vertex 19.992777086794376 3.6470257118344307 0
      vertex 20 3.5 6
    endloop
  endfacet
  facet normal 0.989176513397145 0.14673045131624157 0
    outer loop
      vertex 19.992777086794376 3.6470257118344307 0
      vertex 19.97117792069912 3.7926354855298996 0
      vertex 19.992777086794376 3.6470257118344307 6
    endloop
  endfacet
  facet normal 0.9700312581757379 0.24298016001722234 0
    outer loop
      vertex 19.935410507023335 3.9354270175099373 0
      vertex 19.97117792069912 3.7926354855298996 6
      vertex 19.97117792069912 3.7926354855298996 0
    endloop
  endfacet
  facet normal 0 -1 0
    outer loop
      vertex 19.912305921316147 4 0
      vertex 20 4 0
      vertex 19.912305921316147 4 6
    endloop
  endfacet
  facet normal 0.049067670415704694 -0.9987954563973426 0
    outer loop
      vertex 20 4 0
      vertex 20.196034282445908 4.009630545973778 0
      vertex 20 4 6
    endloop
  endfacet
  facet normal 0.14673047607854153 -0.989176509724005 0
    outer loop
      vertex 20.196034282445908 4.009630545973778 0
      vertex 20.3901806473732 4.038429439067841 0
      vertex 20.196034282445908 4.009630545973778 6
    endloop
  endfacet
  facet normal 0.24298019573678303 -0.9700312492284539 0
    outer loop
      vertex 20.3901806473732 4.038429439067841 0
      vertex 20.580569356679916 4.086119331419468 0
      vertex 20.3901806473732 4.038429439067841 6
    endloop
  endfacet
  facet normal 0.33688982640476 -0.941544074839288 0
    outer loop
      vertex 20.580569356679916 4.086119331419468 0
      vertex 20.76536686718464 4.1522409319877625 0
      vertex 20.580569356679916 4.086119331419468 6
    endloop
  endfacet
  facet normal 0.42755510310083966 -0.9039892885496101 0
    outer loop
      vertex 20.76536686718464 4.1522409319877625 0
      vertex 20.94279347360134 4.2361574694514275 0
      vertex 20.76536686718464 4.1522409319877625 6
    endloop
  endfacet
  facet normal 0.5141027351876691 -0.8577286153979926 0
    outer loop
      vertex 20.94279347360134 4.2361574694514275 0
      vertex 21.111140467226505 4.337060771882534 0
      vertex 20.94279347360134 4.2361574694514275 6
    endloop
  endfacet
  facet normal 0.5956992989376803 -0.8032075356003306 0
    outer loop
      vertex 21.111140467226505 4.337060771882534 0
      vertex 21.268786571919918 4.453979089856148 0
      vertex 21.111140467226505 4.337060771882534 6
    endloop
  endfacet
  facet normal 0.671558983390028 -0.7409510994850822 0
    outer loop
      vertex 21.268786571919918 4.453979089856148 0
      vertex 21.414213560521603 4.585786439478397 0
      vertex 21.268786571919918 4.453979089856148 6
    endloop
  endfacet
  facet normal 0 0 -1
    outer loop
      vertex 19.912305921316147 4 0
      vertex 22 6 0
      vertex 20 4 0
    endloop
  endfacet
  facet normal 0 0 -1
    outer loop
      vertex 20 4 0
      vertex 21.662939228117466 4.888859532773495 0
      vertex 21.546020910143852 4.731213428080082 0
    endloop
  endfacet
  facet normal 0 0 -1
    outer loop
      vertex 20 4 0
      vertex 21.763842530548573 5.057206526398659 0
      vertex 21.662939228117466 4.888859532773495 0
    endloop
  endfacet
  facet normal 0 0 -1
    outer loop
      vertex 20 4 0
      vertex 21.847759068012238 5.234633132815361 0
      vertex 21.763842530548573 5.057206526398659 0
    endloop
  endfacet
  facet normal 0 0 -1
    outer loop
      vertex 20 4 0
      vertex 21.913880668580532 5.419430643320084 0
      vertex 21.847759068012238 5.234633132815361 0
    endloop
  endfacet
  facet normal 0 0 -1
    outer loop
      vertex 20 4 0
      vertex 21.96157056093216 5.6098193526268005 0
      vertex 21.913880668580532 5.419430643320084 0
    endloop
  endfacet
  facet normal 0 0 -1
    outer loop
      vertex 20 4 0
      vertex 21.990369454026222 5.803965717554092 0
      vertex 21.96157056093216 5.6098193526268005 0
    endloop
  endfacet
  facet normal 0 0 -1
    outer loop
      vertex 20 4 0
      vertex 22 6 0
      vertex 21.990369454026222 5.803965717554092 0
    endloop
  endfacet
  facet normal 0 0 -1
    outer loop
      vertex 19.912305921316147 4 0
      vertex 22 8 0
      vertex 22 6 0
    endloop
  endfacet
  facet normal 0.7409510994850822 -0.671558983390028 0
    outer loop
      vertex 21.414213560521603 4.585786439478397 0
      vertex 21.546020910143852 4.731213428080082 0
      vertex 21.414213560521603 4.585786439478397 6
    endloop
  endfacet
  facet normal 0.8032075356003306 -0.5956992989376803 0
    outer loop
      vertex 21.546020910143852 4.731213428080082 0
      vertex 21.662939228117466 4.888859532773495 0
      vertex 21.546020910143852 4.731213428080082 6
    endloop
  endfacet
  facet normal 0.8577286153979926 -0.5141027351876691 0
    outer loop
      vertex 21.662939228117466 4.888859532773495 0
      vertex 21.763842530548573 5.057206526398659 0
      vertex 21.662939228117466 4.888859532773495 6
    endloop
  endfacet
  facet normal 0.9039892885496101 -0.42755510310083966 0
    outer loop
      vertex 21.763842530548573 5.057206526398659 0
      vertex 21.847759068012238 5.234633132815361 0
      vertex 21.763842530548573 5.057206526398659 6
    endloop
  endfacet
  facet normal 0.941544074839288 -0.33688982640476 0
    outer loop
      vertex 21.847759068012238 5.234633132815361 0
      vertex 21.913880668580532 5.419430643320084 0
      vertex 21.847759068012238 5.234633132815361 6
    endloop
  endfacet
  facet normal 0.9700312492284539 -0.24298019573678303 0
    outer loop
      vertex 21.913880668580532 5.419430643320084 0
      vertex 21.96157056093216 5.6098193526268005 0
      vertex 21.913880668580532 5.419430643320084 6
    endloop
  endfacet
  facet normal 0.989176509724005 -0.14673047607854153 0
    outer loop
      vertex 21.96157056093216 5.6098193526268005 0
      vertex 21.990369454026222 5.803965717554092 0
      vertex 21.96157056093216 5.6098193526268005 6
    endloop
  endfacet
  facet normal 0.9987954563973426 -0.049067670415704694 0
    outer loop
      vertex 21.990369454026222 5.803965717554092 0
      vertex 22 6 0
      vertex 21.990369454026222 5.803965717554092 6
    endloop
  endfacet
  facet normal 1 0 0
    outer loop
      vertex 22 6 0
      vertex 22 8 0
      vertex 22 6 6
    endloop
  endfacet
  facet normal 0.049067670415704694 0.9987954563973426 0
    outer loop
      vertex 20 10 0
      vertex 20.196034282445908 9.990369454026222 6
      vertex 20.196034282445908 9.990369454026222 0
    endloop
  endfacet
  facet normal 0.14673047607854153 0.989176509724005 0
    outer loop
      vertex 20.196034282445908 9.990369454026222 0
      vertex 20.3901806473732 9.96157056093216 6
      vertex 20.3901806473732 9.96157056093216 0
    endloop
  endfacet
  facet normal 0.24298019573678303 0.9700312492284539 0
    outer loop
      vertex 20.3901806473732 9.96157056093216 0
      vertex 20.580569356679916 9.913880668580532 6
      vertex 20.580569356679916 9.913880668580532 0
    endloop
  endfacet
  facet normal 0.9987954563973426 0.049067670415704694 0
    outer loop
      vertex 22 8 0
      vertex 21.990369454026222 8.196034282445908 0
      vertex 22 8 6
    endloop
  endfacet
  facet normal 0.989176509724005 0.14673047607854153 0
    outer loop
      vertex 21.990369454026222 8.196034282445908 0
      vertex 21.96157056093216 8.3901806473732 0
      vertex 21.990369454026222 8.196034282445908 6
    endloop
  endfacet
  facet normal 0.9700312492284539 0.24298019573678303 0
    outer loop
      vertex 21.96157056093216 8.3901806473732 0
      vertex 21.913880668580532 8.580569356679916 0
      vertex 21.96157056093216 8.3901806473732 6
    endloop
  endfacet
  facet normal 0.33688982640476 0.941544074839288 0
    outer loop
      vertex 20.580569356679916 9.913880668580532 0
      vertex 20.76536686718464 9.847759068012238 6
      vertex 20.76536686718464 9.847759068012238 0
    endloop
  endfacet
  facet normal 0.42755510310083966 0.9039892885496101 0
    outer loop
      vertex 20.94279347360134 9.763842530548573 0
      vertex 20.76536686718464 9.847759068012238 0
      vertex 20.94279347360134 9.763842530548573 6
    endloop
  endfacet
  facet normal 0.5956992989376803 0.8032075356003306 0
    outer loop
      vertex 21.111140467226505 9.662939228117466 0
      vertex 21.268786571919918 9.546020910143852 6
      vertex 21.268786571919918 9.546020910143852 0
    endloop
  endfacet
  facet normal 0.5141027351876691 0.8577286153979926 0
    outer loop
      vertex 21.111140467226505 9.662939228117466 0
      vertex 20.94279347360134 9.763842530548573 0
      vertex 21.111140467226505 9.662939228117466 6
    endloop
  endfacet
  facet normal 0.8032075356003306 0.5956992989376803 0
    outer loop
      vertex 21.546020910143852 9.268786571919918 0
      vertex 21.662939228117466 9.111140467226505 6
      vertex 21.662939228117466 9.111140467226505 0
    endloop
  endfacet
  facet normal 0.9039892885496101 0.42755510310083966 0
    outer loop
      vertex 21.847759068012238 8.765366867184639 0
      vertex 21.763842530548573 8.942793473601341 0
      vertex 21.847759068012238 8.765366867184639 6
    endloop
  endfacet
  facet normal 0.941544074839288 0.33688982640476 0
    outer loop
      vertex 21.913880668580532 8.580569356679916 0
      vertex 21.847759068012238 8.765366867184639 0
      vertex 21.913880668580532 8.580569356679916 6
    endloop
  endfacet
  facet normal 0.8577286153979926 0.5141027351876691 0
    outer loop
      vertex 21.763842530548573 8.942793473601341 0
      vertex 21.662939228117466 9.111140467226505 0
      vertex 21.763842530548573 8.942793473601341 6
    endloop
  endfacet
  facet normal 0.671558983390028 0.7409510994850822 0
    outer loop
      vertex 21.268786571919918 9.546020910143852 0
      vertex 21.414213560521603 9.414213560521603 6
      vertex 21.414213560521603 9.414213560521603 0
    endloop
  endfacet
  facet normal 0.7409510994850822 0.671558983390028 0
    outer loop
      vertex 21.546020910143852 9.268786571919918 0
      vertex 21.414213560521603 9.414213560521603 0
      vertex 21.546020910143852 9.268786571919918 6
    endloop
  endfacet
  facet normal 0 -1 0
    outer loop
      vertex 18.5 0 6
      vertex 9.679432940050184 0 3.6127970963124945
      vertex 9.746198785129046 0 3.3462529016451588
    endloop
  endfacet
  facet normal 0 -1 0
    outer loop
      vertex 18.5 0 6
      vertex 9.586862691031602 0 3.871513610622251
      vertex 9.679432940050184 0 3.6127970963124945
    endloop
  endfacet
  facet normal 0 -1 0
    outer loop
      vertex 18.5 0 0
      vertex 18.5 0 6
      vertex 9.746198785129046 0 3.3462529016451588
    endloop
  endfacet
  facet normal 0 -1 0
    outer loop
      vertex 18.5 0 6
      vertex 9.164429269415663 0 4.576301195658207
      vertex 9.328114914447127 0 4.355596652454886
    endloop
  endfacet
  facet normal 0 -1 0
    outer loop
      vertex 18.5 0 6
      vertex 8.979898987322333 0 4.779898987322333
      vertex 9.164429269415663 0 4.576301195658207
    endloop
  endfacet
  facet normal 0 -1 0
    outer loop
      vertex 18.5 0 6
      vertex 8.776301195658208 0 4.964429269415663
      vertex 8.979898987322333 0 4.779898987322333
    endloop
  endfacet
  facet normal 0 -1 0
    outer loop
      vertex 18.5 0 6
      vertex 9.469379540175394 0 4.119910863112793
      vertex 9.586862691031602 0 3.871513610622251
    endloop
  endfacet
  facet normal 0 -1 0
    outer loop
      vertex 18.5 0 6
      vertex 9.328114914447127 0 4.355596652454886
      vertex 9.469379540175394 0 4.119910863112793
    endloop
  endfacet
  facet normal 0 -1 0
    outer loop
      vertex 18.5 0 6
      vertex 7.812797096312495 0 5.479432940050184
      vertex 8.071513610622251 0 5.386862691031602
    endloop
  endfacet
  facet normal 0 -1 0
    outer loop
      vertex 18.5 0 6
      vertex 8.071513610622251 0 5.386862691031602
      vertex 8.319910863112794 0 5.269379540175394
    endloop
  endfacet
  facet normal 0 -1 0
    outer loop
      vertex 18.5 0 6
      vertex 8.555596652454886 0 5.128114914447126
      vertex 8.776301195658208 0 4.964429269415663
    endloop
  endfacet
  facet normal 0 -1 0
    outer loop
      vertex 18.5 0 6
      vertex 8.319910863112794 0 5.269379540175394
      vertex 8.555596652454886 0 5.128114914447126
    endloop
  endfacet
  facet normal 0 -1 0
    outer loop
      vertex 18.5 0 6
      vertex 7.27444799292277 0 5.586517234682152
      vertex 7.546252901645159 0 5.546198785129045
    endloop
  endfacet
  facet normal 0 -1 0
    outer loop
      vertex 18.5 0 6
      vertex 7.546252901645159 0 5.546198785129045
      vertex 7.812797096312495 0 5.479432940050184
    endloop
  endfacet
  facet normal 0 0 1
    outer loop
      vertex 2.087694078683853 4 6
      vertex 18.5 0 6
      vertex 18.64702571183443 0.007222913205623627 6
    endloop
  endfacet
  facet normal 0 0 1
    outer loop
      vertex 2.087694078683853 4 6
      vertex 18.64702571183443 0.007222913205623627 6
      vertex 18.7926354855299 0.028822079300880432 6
    endloop
  endfacet
  facet normal 0 0 1
    outer loop
      vertex 2.087694078683853 4 6
      vertex 18.7926354855299 0.028822079300880432 6
      vertex 18.935427017509937 0.0645894929766655 6
    endloop
  endfacet
  facet normal 0 0 1
    outer loop
      vertex 2.087694078683853 4 6
      vertex 18.935427017509937 0.0645894929766655 6
      vertex 19.07402514666319 0.11418069899082184 6
    endloop
  endfacet
  facet normal 0 0 1
    outer loop
      vertex 2.087694078683853 4 6
      vertex 19.07402514666319 0.11418069899082184 6
      vertex 19.207095108926296 0.17711810022592545 6
    endloop
  endfacet
  facet normal 0 0 1
    outer loop
      vertex 2.087694078683853 4 6
      vertex 19.207095108926296 0.17711810022592545 6
      vertex 19.333355352282524 0.25279558449983597 6
    endloop
  endfacet
  facet normal 0 0 1
    outer loop
      vertex 2.087694078683853 4 6
      vertex 19.333355352282524 0.25279558449983597 6
      vertex 19.451589927077293 0.3404843211174011 6
    endloop
  endfacet
  facet normal 0 0 1
    outer loop
      vertex 2.087694078683853 4 6
      vertex 19.451589927077293 0.3404843211174011 6
      vertex 19.560660168528557 0.4393398314714432 6
    endloop
  endfacet
  facet normal 0 0 1
    outer loop
      vertex 2.087694078683853 4 6
      vertex 19.560660168528557 0.4393398314714432 6
      vertex 19.6595156788826 0.5484100729227066 6
    endloop
  endfacet
  facet normal 0 0 1
    outer loop
      vertex 2.087694078683853 4 6
      vertex 19.6595156788826 0.5484100729227066 6
      vertex 19.747204415500164 0.6666446477174759 6
    endloop
  endfacet
  facet normal 0 0 1
    outer loop
      vertex 2.087694078683853 4 6
      vertex 19.747204415500164 0.6666446477174759 6
      vertex 19.822881899774075 0.7929048910737038 6
    endloop
  endfacet
  facet normal 0 0 1
    outer loop
      vertex 2.087694078683853 4 6
      vertex 19.822881899774075 0.7929048910737038 6
      vertex 19.885819301009178 0.9259748533368111 6
    endloop
  endfacet
  facet normal 0 0 1
    outer loop
      vertex 2.087694078683853 4 6
      vertex 19.885819301009178 0.9259748533368111 6
      vertex 19.935410507023335 1.0645729824900627 6
    endloop
  endfacet
  facet normal 0 0 1
    outer loop
      vertex 2.087694078683853 4 6
      vertex 19.935410507023335 1.0645729824900627 6
      vertex 19.97117792069912 1.2073645144701004 6
    endloop
  endfacet
  facet normal 0 0 1
    outer loop
      vertex 2.087694078683853 4 6
      vertex 19.97117792069912 1.2073645144701004 6
      vertex 19.992777086794376 1.3529742881655693 6
    endloop
  endfacet
  facet normal 0 0 1
    outer loop
      vertex 2.087694078683853 4 6
      vertex 19.992777086794376 1.3529742881655693 6
      vertex 20 1.5 6
    endloop
  endfacet
  facet normal 0 0 1
    outer loop
      vertex 2.087694078683853 4 6
      vertex 20 1.5 6
      vertex 19.912305921316147 4 6
    endloop
  endfacet
  facet normal 0 0 1
    outer loop
      vertex 2.087694078683853 4 6
      vertex 19.912305921316147 4 6
      vertex 22 8 6
    endloop
  endfacet
  facet normal 0 0 1
    outer loop
      vertex 2.087694078683853 4 6
      vertex 22 8 6
      vertex 21.990369454026222 8.196034282445908 6
    endloop
  endfacet
  facet normal 0 0 1
    outer loop
      vertex 2.087694078683853 4 6
      vertex 21.990369454026222 8.196034282445908 6
      vertex 21.96157056093216 8.3901806473732 6
    endloop
  endfacet
  facet normal 0 0 1
    outer loop
      vertex 2.087694078683853 4 6
      vertex 21.913880668580532 8.580569356679916 6
      vertex 21.847759068012238 8.765366867184639 6
    endloop
  endfacet
  facet normal 0 0 1
    outer loop
      vertex 2.087694078683853 4 6
      vertex 21.847759068012238 8.765366867184639 6
      vertex 21.763842530548573 8.942793473601341 6
    endloop
  endfacet
  facet normal 0 0 1
    outer loop
      vertex 2.087694078683853 4 6
      vertex 21.96157056093216 8.3901806473732 6
      vertex 21.913880668580532 8.580569356679916 6
    endloop
  endfacet
  facet normal 0 0 1
    outer loop
      vertex 2.087694078683853 4 6
      vertex 20.196034282445908 9.990369454026222 6
      vertex 20 10 6
    endloop
  endfacet
  facet normal 0 0 1
    outer loop
      vertex 2.087694078683853 4 6
      vertex 20.3901806473732 9.96157056093216 6
      vertex 20.196034282445908 9.990369454026222 6
    endloop
  endfacet
  facet normal 0 0 1
    outer loop
      vertex 2.087694078683853 4 6
      vertex 20.580569356679916 9.913880668580532 6
      vertex 20.3901806473732 9.96157056093216 6
    endloop
  endfacet
  facet normal 0 0 1
    outer loop
      vertex 2.087694078683853 4 6
      vertex 20.76536686718464 9.847759068012238 6
      vertex 20.580569356679916 9.913880668580532 6
    endloop
  endfacet
  facet normal 0 0 1
    outer loop
      vertex 2.087694078683853 4 6
      vertex 20.94279347360134 9.763842530548573 6
      vertex 20.76536686718464 9.847759068012238 6
    endloop
  endfacet
  facet normal 0 0 1
    outer loop
      vertex 2.087694078683853 4 6
      vertex 21.111140467226505 9.662939228117466 6
      vertex 20.94279347360134 9.763842530548573 6
    endloop
  endfacet
  facet normal 0 0 1
    outer loop
      vertex 2.087694078683853 4 6
      vertex 21.546020910143852 9.268786571919918 6
      vertex 21.414213560521603 9.414213560521603 6
    endloop
  endfacet
  facet normal 0 0 1
    outer loop
      vertex 2.087694078683853 4 6
      vertex 21.662939228117466 9.111140467226505 6
      vertex 21.546020910143852 9.268786571919918 6
    endloop
  endfacet
  facet normal 0 0 1
    outer loop
      vertex 2.087694078683853 4 6
      vertex 21.268786571919918 9.546020910143852 6
      vertex 21.111140467226505 9.662939228117466 6
    endloop
  endfacet
  facet normal 0 0 1
    outer loop
      vertex 2.087694078683853 4 6
      vertex 21.414213560521603 9.414213560521603 6
      vertex 21.268786571919918 9.546020910143852 6
    endloop
  endfacet
  facet normal 0 0 1
    outer loop
      vertex 2.087694078683853 4 6
      vertex 21.763842530548573 8.942793473601341 6
      vertex 21.662939228117466 9.111140467226505 6
    endloop
  endfacet
  facet normal 0.04906769566193293 -0.9987954551570747 0
    outer loop
      vertex 18.64702571183443 0.007222913205623627 0
      vertex 18.64702571183443 0.007222913205623627 6
      vertex 18.5 0 6
    endloop
  endfacet
  facet normal 0.14673045131624157 -0.989176513397145 0
    outer loop
      vertex 18.7926354855299 0.028822079300880432 0
      vertex 18.7926354855299 0.028822079300880432 6
      vertex 18.64702571183443 0.007222913205623627 6
    endloop
  endfacet
  facet normal 0.24298016001722234 -0.9700312581757379 0
    outer loop
      vertex 18.935427017509937 0.0645894929766655 0
      vertex 18.935427017509937 0.0645894929766655 6
      vertex 18.7926354855299 0.028822079300880432 6
    endloop
  endfacet
  facet normal 0.33688986808449944 -0.9415440599260391 0
    outer loop
      vertex 19.07402514666319 0.11418069899082184 0
      vertex 19.07402514666319 0.11418069899082184 6
      vertex 18.935427017509937 0.0645894929766655 6
    endloop
  endfacet
  facet normal 0.4275550731976791 -0.9039893026927517 0
    outer loop
      vertex 19.207095108926296 0.17711810022592545 0
      vertex 19.207095108926296 0.17711810022592545 6
      vertex 19.07402514666319 0.11418069899082184 6
    endloop
  endfacet
  facet normal 0.5141027780042697 -0.857728589734709 0
    outer loop
      vertex 19.333355352282524 0.25279558449983597 0
      vertex 19.333355352282524 0.25279558449983597 6
      vertex 19.207095108926296 0.17711810022592545 6
    endloop
  endfacet
  facet normal 0.5956993028830408 -0.8032075326742517 0
    outer loop
      vertex 19.451589927077293 0.3404843211174011 0
      vertex 19.451589927077293 0.3404843211174011 6
      vertex 19.333355352282524 0.25279558449983597 6
    endloop
  endfacet
  facet normal 0.6715589764431048 -0.7409511057814068 0
    outer loop
      vertex 19.560660168528557 0.4393398314714432 0
      vertex 19.560660168528557 0.4393398314714432 6
      vertex 19.451589927077293 0.3404843211174011 6
    endloop
  endfacet
  facet normal 0.7409511057814068 -0.6715589764431048 0
    outer loop
      vertex 19.6595156788826 0.5484100729227066 0
      vertex 19.6595156788826 0.5484100729227066 6
      vertex 19.560660168528557 0.4393398314714432 6
    endloop
  endfacet
  facet normal 0.8032075326742517 -0.5956993028830408 0
    outer loop
      vertex 19.747204415500164 0.6666446477174759 0
      vertex 19.747204415500164 0.6666446477174759 6
      vertex 19.6595156788826 0.5484100729227066 6
    endloop
  endfacet
  facet normal 0.857728589734709 -0.5141027780042697 0
    outer loop
      vertex 19.822881899774075 0.7929048910737038 0
      vertex 19.822881899774075 0.7929048910737038 6
      vertex 19.747204415500164 0.6666446477174759 6
    endloop
  endfacet
  facet normal 0.9039893026927517 -0.4275550731976791 0
    outer loop
      vertex 19.885819301009178 0.9259748533368111 0
      vertex 19.885819301009178 0.9259748533368111 6
      vertex 19.822881899774075 0.7929048910737038 6
    endloop
  endfacet
  facet normal 0.9415440599260391 -0.33688986808449944 0
    outer loop
      vertex 19.935410507023335 1.0645729824900627 0
      vertex 19.935410507023335 1.0645729824900627 6
      vertex 19.885819301009178 0.9259748533368111 6
    endloop
  endfacet
  facet normal 0.9700312581757379 -0.24298016001722234 0
    outer loop
      vertex 19.97117792069912 1.2073645144701004 0
      vertex 19.97117792069912 1.2073645144701004 6
      vertex 19.935410507023335 1.0645729824900627 6
    endloop
  endfacet
  facet normal 0.989176513397145 -0.14673045131624157 0
    outer loop
      vertex 19.992777086794376 1.3529742881655693 0
      vertex 19.992777086794376 1.3529742881655693 6
      vertex 19.97117792069912 1.2073645144701004 6
    endloop
  endfacet
  facet normal 0.9987954551570747 -0.04906769566193293 0
    outer loop
      vertex 20 1.5 0
      vertex 20 1.5 6
      vertex 19.992777086794376 1.3529742881655693 6
    endloop
  endfacet
  facet normal 1 0 0
    outer loop
      vertex 20 3.5 0
      vertex 20 3.5 6
      vertex 20 1.5 6
    endloop
  endfacet
  facet normal 0.9415440507070081 0.3368898938499624 0
    outer loop
      vertex 19.912305921316147 4 0
      vertex 19.912305921316147 4 6
      vertex 19.935410507023335 3.9354270175099373 6
    endloop
  endfacet
  facet normal 0.9987954551570747 0.04906769566193293 0
    outer loop
      vertex 19.992777086794376 3.6470257118344307 0
      vertex 19.992777086794376 3.6470257118344307 6
      vertex 20 3.5 6
    endloop
  endfacet
  facet normal 0.989176513397145 0.14673045131624157 0
    outer loop
      vertex 19.97117792069912 3.7926354855298996 0
      vertex 19.97117792069912 3.7926354855298996 6
      vertex 19.992777086794376 3.6470257118344307 6
    endloop
  endfacet
  facet normal 0.9700312581757379 0.24298016001722234 0
    outer loop
      vertex 19.935410507023335 3.9354270175099373 0
      vertex 19.935410507023335 3.9354270175099373 6
      vertex 19.97117792069912 3.7926354855298996 6
    endloop
  endfacet
  facet normal 0 -1 0
    outer loop
      vertex 20 4 0
      vertex 20 4 6
      vertex 19.912305921316147 4 6
    endloop
  endfacet
  facet normal 0.049067670415704694 -0.9987954563973426 0
    outer loop
      vertex 20.196034282445908 4.009630545973778 0
      vertex 20.196034282445908 4.009630545973778 6
      vertex 20 4 6
    endloop
  endfacet
  facet normal 0.14673047607854153 -0.989176509724005 0
    outer loop
      vertex 20.3901806473732 4.038429439067841 0
      vertex 20.3901806473732 4.038429439067841 6
      vertex 20.196034282445908 4.009630545973778 6
    endloop
  endfacet
  facet normal 0.24298019573678303 -0.9700312492284539 0
    outer loop
      vertex 20.580569356679916 4.086119331419468 0
      vertex 20.580569356679916 4.086119331419468 6
      vertex 20.3901806473732 4.038429439067841 6
    endloop
  endfacet
  facet normal 0.33688982640476 -0.941544074839288 0
    outer loop
      vertex 20.76536686718464 4.1522409319877625 0
      vertex 20.76536686718464 4.1522409319877625 6
      vertex 20.580569356679916 4.086119331419468 6
    endloop
  endfacet
  facet normal 0.42755510310083966 -0.9039892885496101 0
    outer loop
      vertex 20.94279347360134 4.2361574694514275 0
      vertex 20.94279347360134 4.2361574694514275 6
      vertex 20.76536686718464 4.1522409319877625 6
    endloop
  endfacet
  facet normal 0.5141027351876691 -0.8577286153979926 0
    outer loop
      vertex 21.111140467226505 4.337060771882534 0
      vertex 21.111140467226505 4.337060771882534 6
      vertex 20.94279347360134 4.2361574694514275 6
    endloop
  endfacet
  facet normal 0.5956992989376803 -0.8032075356003306 0
    outer loop
      vertex 21.268786571919918 4.453979089856148 0
      vertex 21.268786571919918 4.453979089856148 6
      vertex 21.111140467226505 4.337060771882534 6
    endloop
  endfacet
  facet normal 0 0 1
    outer loop
      vertex 20 1.5 6
      vertex 20 3.5 6
      vertex 19.912305921316147 4 6
    endloop
  endfacet
  facet normal 0 0 1
    outer loop
      vertex 20 3.5 6
      vertex 19.992777086794376 3.6470257118344307 6
      vertex 19.912305921316147 4 6
    endloop
  endfacet
  facet normal 0 0 1
    outer loop
      vertex 19.992777086794376 3.6470257118344307 6
      vertex 19.97117792069912 3.7926354855298996 6
      vertex 19.912305921316147 4 6
    endloop
  endfacet
  facet normal 0 0 1
    outer loop
      vertex 19.935410507023335 3.9354270175099373 6
      vertex 19.912305921316147 4 6
      vertex 19.97117792069912 3.7926354855298996 6
    endloop
  endfacet
  facet normal 0 0 1
    outer loop
      vertex 20 4 6
      vertex 20.196034282445908 4.009630545973778 6
      vertex 21.414213560521603 4.585786439478397 6
    endloop
  endfacet
  facet normal 0 0 1
    outer loop
      vertex 20.196034282445908 4.009630545973778 6
      vertex 20.3901806473732 4.038429439067841 6
      vertex 21.414213560521603 4.585786439478397 6
    endloop
  endfacet
  facet normal 0 0 1
    outer loop
      vertex 20.3901806473732 4.038429439067841 6
      vertex 20.580569356679916 4.086119331419468 6
      vertex 21.414213560521603 4.585786439478397 6
    endloop
  endfacet
  facet normal 0 0 1
    outer loop
      vertex 20.580569356679916 4.086119331419468 6
      vertex 20.76536686718464 4.1522409319877625 6
      vertex 21.414213560521603 4.585786439478397 6
    endloop
  endfacet
  facet normal 0 0 1
    outer loop
      vertex 20.76536686718464 4.1522409319877625 6
      vertex 20.94279347360134 4.2361574694514275 6
      vertex 21.414213560521603 4.585786439478397 6
    endloop
  endfacet
  facet normal 0 0 1
    outer loop
      vertex 20 4 6
      vertex 21.414213560521603 4.585786439478397 6
      vertex 21.546020910143852 4.731213428080082 6
    endloop
  endfacet
  facet normal 0 0 1
    outer loop
      vertex 20.94279347360134 4.2361574694514275 6
      vertex 21.111140467226505 4.337060771882534 6
      vertex 21.414213560521603 4.585786439478397 6
    endloop
  endfacet
  facet normal 0 0 1
    outer loop
      vertex 21.111140467226505 4.337060771882534 6
      vertex 21.268786571919918 4.453979089856148 6
      vertex 21.414213560521603 4.585786439478397 6
    endloop
  endfacet
  facet normal 0.671558983390028 -0.7409510994850822 0
    outer loop
      vertex 21.414213560521603 4.585786439478397 0
      vertex 21.414213560521603 4.585786439478397 6
      vertex 21.268786571919918 4.453979089856148 6
    endloop
  endfacet
  facet normal 0.7409510994850822 -0.671558983390028 0
    outer loop
      vertex 21.546020910143852 4.731213428080082 0
      vertex 21.546020910143852 4.731213428080082 6
      vertex 21.414213560521603 4.585786439478397 6
    endloop
  endfacet
  facet normal 0.8032075356003306 -0.5956992989376803 0
    outer loop
      vertex 21.662939228117466 4.888859532773495 0
      vertex 21.662939228117466 4.888859532773495 6
      vertex 21.546020910143852 4.731213428080082 6
    endloop
  endfacet
  facet normal 0.8577286153979926 -0.5141027351876691 0
    outer loop
      vertex 21.662939228117466 4.888859532773495 6
      vertex 21.763842530548573 5.057206526398659 0
      vertex 21.763842530548573 5.057206526398659 6
    endloop
  endfacet
  facet normal 0.9039892885496101 -0.42755510310083966 0
    outer loop
      vertex 21.847759068012238 5.234633132815361 0
      vertex 21.847759068012238 5.234633132815361 6
      vertex 21.763842530548573 5.057206526398659 6
    endloop
  endfacet
  facet normal 0.941544074839288 -0.33688982640476 0
    outer loop
      vertex 21.913880668580532 5.419430643320084 0
      vertex 21.913880668580532 5.419430643320084 6
      vertex 21.847759068012238 5.234633132815361 6
    endloop
  endfacet
  facet normal 0.9700312492284539 -0.24298019573678303 0
    outer loop
      vertex 21.96157056093216 5.6098193526268005 0
      vertex 21.96157056093216 5.6098193526268005 6
      vertex 21.913880668580532 5.419430643320084 6
    endloop
  endfacet
  facet normal 0.989176509724005 -0.14673047607854153 0
    outer loop
      vertex 21.990369454026222 5.803965717554092 0
      vertex 21.990369454026222 5.803965717554092 6
      vertex 21.96157056093216 5.6098193526268005 6
    endloop
  endfacet
  facet normal 0.9987954563973426 -0.049067670415704694 0
    outer loop
      vertex 22 6 0
      vertex 22 6 6
      vertex 21.990369454026222 5.803965717554092 6
    endloop
  endfacet
  facet normal 0.049067670415704694 0.9987954563973426 0
    outer loop
      vertex 20 10 0
      vertex 20 10 6
      vertex 20.196034282445908 9.990369454026222 6
    endloop
  endfacet
  facet normal 0.14673047607854153 0.989176509724005 0
    outer loop
      vertex 20.196034282445908 9.990369454026222 0
      vertex 20.196034282445908 9.990369454026222 6
      vertex 20.3901806473732 9.96157056093216 6
    endloop
  endfacet
  facet normal 0.24298019573678303 0.9700312492284539 0
    outer loop
      vertex 20.3901806473732 9.96157056093216 0
      vertex 20.3901806473732 9.96157056093216 6
      vertex 20.580569356679916 9.913880668580532 6
    endloop
  endfacet
  facet normal 1 0 0
    outer loop
      vertex 22 8 0
      vertex 22 8 6
      vertex 22 6 6
    endloop
  endfacet
  facet normal 0.9987954563973426 0.049067670415704694 0
    outer loop
      vertex 21.990369454026222 8.196034282445908 0
      vertex 21.990369454026222 8.196034282445908 6
      vertex 22 8 6
    endloop
  endfacet
  facet normal 0.989176509724005 0.14673047607854153 0
    outer loop
      vertex 21.96157056093216 8.3901806473732 0
      vertex 21.96157056093216 8.3901806473732 6
      vertex 21.990369454026222 8.196034282445908 6
    endloop
  endfacet
  facet normal 0.9700312492284539 0.24298019573678303 0
    outer loop
      vertex 21.913880668580532 8.580569356679916 0
      vertex 21.913880668580532 8.580569356679916 6
      vertex 21.96157056093216 8.3901806473732 6
    endloop
  endfacet
  facet normal 0.33688982640476 0.941544074839288 0
    outer loop
      vertex 20.580569356679916 9.913880668580532 0
      vertex 20.580569356679916 9.913880668580532 6
      vertex 20.76536686718464 9.847759068012238 6
    endloop
  endfacet
  facet normal 0.42755510310083966 0.9039892885496101 0
    outer loop
      vertex 20.76536686718464 9.847759068012238 0
      vertex 20.76536686718464 9.847759068012238 6
      vertex 20.94279347360134 9.763842530548573 6
    endloop
  endfacet
  facet normal 0.5956992989376803 0.8032075356003306 0
    outer loop
      vertex 21.111140467226505 9.662939228117466 0
      vertex 21.111140467226505 9.662939228117466 6
      vertex 21.268786571919918 9.546020910143852 6
    endloop
  endfacet
  facet normal 0.5141027351876691 0.8577286153979926 0
    outer loop
      vertex 20.94279347360134 9.763842530548573 0
      vertex 20.94279347360134 9.763842530548573 6
      vertex 21.111140467226505 9.662939228117466 6
    endloop
  endfacet
  facet normal 0.8032075356003306 0.5956992989376803 0
    outer loop
      vertex 21.546020910143852 9.268786571919918 0
      vertex 21.546020910143852 9.268786571919918 6
      vertex 21.662939228117466 9.111140467226505 6
    endloop
  endfacet
  facet normal 0.9039892885496101 0.42755510310083966 0
    outer loop
      vertex 21.763842530548573 8.942793473601341 0
      vertex 21.763842530548573 8.942793473601341 6
      vertex 21.847759068012238 8.765366867184639 6
    endloop
  endfacet
  facet normal 0.941544074839288 0.33688982640476 0
    outer loop
      vertex 21.847759068012238 8.765366867184639 0
      vertex 21.847759068012238 8.765366867184639 6
      vertex 21.913880668580532 8.580569356679916 6
    endloop
  endfacet
  facet normal 0.8577286153979926 0.5141027351876691 0
    outer loop
      vertex 21.662939228117466 9.111140467226505 0
      vertex 21.662939228117466 9.111140467226505 6
      vertex 21.763842530548573 8.942793473601341 6
    endloop
  endfacet
  facet normal 0.7409510994850822 0.671558983390028 0
    outer loop
      vertex 21.414213560521603 9.414213560521603 0
      vertex 21.414213560521603 9.414213560521603 6
      vertex 21.546020910143852 9.268786571919918 6
    endloop
  endfacet
  facet normal 0.671558983390028 0.7409510994850822 0
    outer loop
      vertex 21.268786571919918 9.546020910143852 0
      vertex 21.268786571919918 9.546020910143852 6
      vertex 21.414213560521603 9.414213560521603 6
    endloop
  endfacet
  facet normal 0 0 1
    outer loop
      vertex 19.912305921316147 4 6
      vertex 20 4 6
      vertex 22 6 6
    endloop
  endfacet
  facet normal 0 0 1
    outer loop
      vertex 20 4 6
      vertex 21.546020910143852 4.731213428080082 6
      vertex 21.662939228117466 4.888859532773495 6
    endloop
  endfacet
  facet normal 0 0 1
    outer loop
      vertex 20 4 6
      vertex 21.662939228117466 4.888859532773495 6
      vertex 21.763842530548573 5.057206526398659 6
    endloop
  endfacet
  facet normal 0 0 1
    outer loop
      vertex 20 4 6
      vertex 21.763842530548573 5.057206526398659 6
      vertex 21.847759068012238 5.234633132815361 6
    endloop
  endfacet
  facet normal 0 0 1
    outer loop
      vertex 20 4 6
      vertex 21.847759068012238 5.234633132815361 6
      vertex 21.913880668580532 5.419430643320084 6
    endloop
  endfacet
  facet normal 0 0 1
    outer loop
      vertex 20 4 6
      vertex 21.913880668580532 5.419430643320084 6
      vertex 21.96157056093216 5.6098193526268005 6
    endloop
  endfacet
  facet normal 0 0 1
    outer loop
      vertex 20 4 6
      vertex 21.96157056093216 5.6098193526268005 6
      vertex 21.990369454026222 5.803965717554092 6
    endloop
  endfacet
  facet normal 0 0 1
    outer loop
      vertex 20 4 6
      vertex 21.990369454026222 5.803965717554092 6
      vertex 22 6 6
    endloop
  endfacet
  facet normal 0 0 1
    outer loop
      vertex 19.912305921316147 4 6
      vertex 22 6 6
      vertex 22 8 6
    endloop
  endfacet
  facet normal -0.5956993044924342 0 -0.8032075314806443
    outer loop
      vertex 5.223698804341793 -12 0.6355707305843366
      vertex 5.223698804341793 0 0.6355707305843366
      vertex 5.444403347545114 -12 0.4718850855528731
    endloop
  endfacet
  facet normal -0.6715589548470179 -4.08834613696394e-19 -0.7409511253549595
    outer loop
      vertex 5.223698804341793 -12 0.6355707305843366
      vertex 5.020101012677667 -12 0.8201010126776667
      vertex 5.020101012677667 0 0.8201010126776667
    endloop
  endfacet
  facet normal -0.7409511253549591 0 -0.6715589548470184
    outer loop
      vertex 4.835570730584337 -12 1.0236988043417925
      vertex 4.835570730584337 0 1.0236988043417925
      vertex 5.020101012677667 -12 0.8201010126776667
    endloop
  endfacet
  facet normal -0.8032075314806437 4.44950121556912e-19 -0.5956993044924349
    outer loop
      vertex 4.835570730584337 -12 1.0236988043417925
      vertex 4.671885085552873 -12 1.2444033475451137
      vertex 4.671885085552873 0 1.2444033475451137
    endloop
  endfacet
  facet normal -0.8577286100002726 5.753386045744856e-20 -0.5141027441932209
    outer loop
      vertex 4.671885085552873 -12 1.2444033475451137
      vertex 4.530620459824606 -12 1.4800891368872064
      vertex 4.530620459824606 0 1.4800891368872064
    endloop
  endfacet
  facet normal -0.9039892931234438 4.5140624639497865e-19 -0.4275550934302809
    outer loop
      vertex 4.530620459824606 -12 1.4800891368872064
      vertex 4.413137308968397 -12 1.7284863893777485
      vertex 4.413137308968397 0 1.7284863893777485
    endloop
  endfacet
  facet normal -0.9415440651830206 -2.7814075415086107e-19 -0.3368898533922204
    outer loop
      vertex 4.413137308968397 -12 1.7284863893777485
      vertex 4.320567059949815 -12 1.9872029036875052
      vertex 4.320567059949815 0 1.9872029036875052
    endloop
  endfacet
  facet normal -0.9700312531945441 3.805335045810694e-20 -0.24298017990326362
    outer loop
      vertex 4.320567059949815 -12 1.9872029036875052
      vertex 4.253801214870955 -12 2.253747098354841
      vertex 4.253801214870955 0 2.253747098354841
    endloop
  endfacet
  facet normal -0.989176509964781 1.9001465794273817e-20 -0.14673047445536153
    outer loop
      vertex 4.253801214870955 -12 2.253747098354841
      vertex 4.213482765317849 -12 2.52555200707723
      vertex 4.213482765317849 0 2.52555200707723
    endloop
  endfacet
  facet normal -0.9987954562051724 2.766004825147007e-20 -0.049067674327418556
    outer loop
      vertex 4.213482765317849 -12 2.52555200707723
      vertex 4.2 -12 2.8
      vertex 4.2 0 2.8
    endloop
  endfacet
  facet normal -0.9987954562051724 -2.766004825147007e-20 0.049067674327418556
    outer loop
      vertex 4.2 -12 2.8
      vertex 4.213482765317849 -12 3.0744479929227695
      vertex 4.213482765317849 0 3.0744479929227695
    endloop
  endfacet
  facet normal -0.5956993044924342 0 -0.8032075314806443
    outer loop
      vertex 5.444403347545114 -12 0.4718850855528731
      vertex 5.223698804341793 0 0.6355707305843366
      vertex 5.444403347545114 0 0.4718850855528731
    endloop
  endfacet
  facet normal -0.6715589548470179 0 -0.7409511253549595
    outer loop
      vertex 5.223698804341793 -12 0.6355707305843366
      vertex 5.020101012677667 0 0.8201010126776667
      vertex 5.223698804341793 0 0.6355707305843366
    endloop
  endfacet
  facet normal -0.8032075314806437 0 -0.5956993044924349
    outer loop
      vertex 4.835570730584337 -12 1.0236988043417925
      vertex 4.671885085552873 0 1.2444033475451137
      vertex 4.835570730584337 0 1.0236988043417925
    endloop
  endfacet
  facet normal -0.7409511253549591 0 -0.6715589548470184
    outer loop
      vertex 5.020101012677667 -12 0.8201010126776667
      vertex 4.835570730584337 0 1.0236988043417925
      vertex 5.020101012677667 0 0.8201010126776667
    endloop
  endfacet
  facet normal -0.8577286100002726 0 -0.5141027441932209
    outer loop
      vertex 4.671885085552873 -12 1.2444033475451137
      vertex 4.530620459824606 0 1.4800891368872064
      vertex 4.671885085552873 0 1.2444033475451137
    endloop
  endfacet
  facet normal -0.9039892931234438 0 -0.4275550934302809
    outer loop
      vertex 4.530620459824606 -12 1.4800891368872064
      vertex 4.413137308968397 0 1.7284863893777485
      vertex 4.530620459824606 0 1.4800891368872064
    endloop
  endfacet
  facet normal -0.9415440651830206 0 -0.3368898533922204
    outer loop
      vertex 4.413137308968397 -12 1.7284863893777485
      vertex 4.320567059949815 0 1.9872029036875052
      vertex 4.413137308968397 0 1.7284863893777485
    endloop
  endfacet
  facet normal -0.9700312531945441 0 -0.24298017990326362
    outer loop
      vertex 4.320567059949815 -12 1.9872029036875052
      vertex 4.253801214870955 0 2.253747098354841
      vertex 4.320567059949815 0 1.9872029036875052
    endloop
  endfacet
  facet normal -0.989176509964781 0 -0.14673047445536153
    outer loop
      vertex 4.253801214870955 -12 2.253747098354841
      vertex 4.213482765317849 0 2.52555200707723
      vertex 4.253801214870955 0 2.253747098354841
    endloop
  endfacet
  facet normal -0.9987954562051724 0 -0.049067674327418556
    outer loop
      vertex 4.213482765317849 -12 2.52555200707723
      vertex 4.2 0 2.8
      vertex 4.213482765317849 0 2.52555200707723
    endloop
  endfacet
  facet normal -0.9987954562051724 0 0.049067674327418556
    outer loop
      vertex 4.2 -12 2.8
      vertex 4.213482765317849 0 3.0744479929227695
      vertex 4.2 0 2.8
    endloop
  endfacet
  facet normal 0 -1 0
    outer loop
      vertex 6.187202903687505 -12 0.1205670599498152
      vertex 6.453747098354841 -12 0.053801214870954794
      vertex 7.812797096312495 -12 0.1205670599498152
    endloop
  endfacet
  facet normal 0 -1 0
    outer loop
      vertex 5.928486389377749 -12 0.21313730896839722
      vertex 6.187202903687505 -12 0.1205670599498152
      vertex 8.071513610622251 -12 0.21313730896839722
    endloop
  endfacet
  facet normal 0 -1 0
    outer loop
      vertex 5.680089136887206 -12 0.33062045982460564
      vertex 5.928486389377749 -12 0.21313730896839722
      vertex 8.319910863112794 -12 0.33062045982460564
    endloop
  endfacet
  facet normal 0 -1 0
    outer loop
      vertex 5.444403347545114 -12 0.4718850855528731
      vertex 5.680089136887206 -12 0.33062045982460564
      vertex 8.555596652454886 -12 0.4718850855528731
    endloop
  endfacet
  facet normal 0 -1 0
    outer loop
      vertex 5.223698804341793 -12 0.6355707305843366
      vertex 5.444403347545114 -12 0.4718850855528731
      vertex 8.776301195658208 -12 0.6355707305843366
    endloop
  endfacet
  facet normal 0 -1 0
    outer loop
      vertex 6.453747098354841 -12 0.053801214870954794
      vertex 6.72555200707723 -12 0.013482765317848422
      vertex 7.546252901645159 -12 0.053801214870954794
    endloop
  endfacet
  facet normal 0 -1 0
    outer loop
      vertex 6.72555200707723 -12 0.013482765317848422
      vertex 7 -12 0
      vertex 7.27444799292277 -12 0.013482765317848422
    endloop
  endfacet
  facet normal 0 -1 0
    outer loop
      vertex 6.72555200707723 -12 0.013482765317848422
      vertex 7.27444799292277 -12 0.013482765317848422
      vertex 7.546252901645159 -12 0.053801214870954794
    endloop
  endfacet
  facet normal 0 -1 0
    outer loop
      vertex 6.453747098354841 -12 0.053801214870954794
      vertex 7.546252901645159 -12 0.053801214870954794
      vertex 7.812797096312495 -12 0.1205670599498152
    endloop
  endfacet
  facet normal 0 -1 0
    outer loop
      vertex 6.187202903687505 -12 0.1205670599498152
      vertex 7.812797096312495 -12 0.1205670599498152
      vertex 8.071513610622251 -12 0.21313730896839722
    endloop
  endfacet
  facet normal 0 -1 0
    outer loop
      vertex 5.928486389377749 -12 0.21313730896839722
      vertex 8.071513610622251 -12 0.21313730896839722
      vertex 8.319910863112794 -12 0.33062045982460564
    endloop
  endfacet
  facet normal 0 -1 0
    outer loop
      vertex 5.680089136887206 -12 0.33062045982460564
      vertex 8.319910863112794 -12 0.33062045982460564
      vertex 8.555596652454886 -12 0.4718850855528731
    endloop
  endfacet
  facet normal 0 -1 0
    outer loop
      vertex 5.444403347545114 -12 0.4718850855528731
      vertex 8.555596652454886 -12 0.4718850855528731
      vertex 8.776301195658208 -12 0.6355707305843366
    endloop
  endfacet
  facet normal 0 -1 0
    outer loop
      vertex 5.223698804341793 -12 0.6355707305843366
      vertex 8.776301195658208 -12 0.6355707305843366
      vertex 8.979898987322333 -12 0.8201010126776667
    endloop
  endfacet
  facet normal 0 -1 0
    outer loop
      vertex 5.223698804341793 -12 0.6355707305843366
      vertex 8.979898987322333 -12 0.8201010126776667
      vertex 5.020101012677667 -12 0.8201010126776667
    endloop
  endfacet
  facet normal 0 -1 0
    outer loop
      vertex 4.835570730584337 -12 1.0236988043417925
      vertex 5.020101012677667 -12 0.8201010126776667
      vertex 9.164429269415663 -12 1.0236988043417925
    endloop
  endfacet
  facet normal 0 -1 0
    outer loop
      vertex 4.835570730584337 -12 1.0236988043417925
      vertex 9.328114914447127 -12 1.2444033475451137
      vertex 4.671885085552873 -12 1.2444033475451137
    endloop
  endfacet
  facet normal 0 -1 0
    outer loop
      vertex 4.671885085552873 -12 1.2444033475451137
      vertex 9.469379540175394 -12 1.4800891368872064
      vertex 4.530620459824606 -12 1.4800891368872064
    endloop
  endfacet
  facet normal 0 -1 0
    outer loop
      vertex 5.020101012677667 -12 0.8201010126776667
      vertex 8.979898987322333 -12 0.8201010126776667
      vertex 9.164429269415663 -12 1.0236988043417925
    endloop
  endfacet
  facet normal 0 -1 0
    outer loop
      vertex 4.835570730584337 -12 1.0236988043417925
      vertex 9.164429269415663 -12 1.0236988043417925
      vertex 9.328114914447127 -12 1.2444033475451137
    endloop
  endfacet
  facet normal 0 -1 0
    outer loop
      vertex 4.671885085552873 -12 1.2444033475451137
      vertex 9.328114914447127 -12 1.2444033475451137
      vertex 9.469379540175394 -12 1.4800891368872064
    endloop
  endfacet
  facet normal -0.33688985339222094 0 -0.9415440651830205
    outer loop
      vertex 5.928486389377749 -12 0.21313730896839722
      vertex 5.928486389377749 0 0.21313730896839722
      vertex 6.187202903687505 -12 0.1205670599498152
    endloop
  endfacet
  facet normal -0.42755509343027964 0 -0.9039892931234443
    outer loop
      vertex 5.680089136887206 -12 0.33062045982460564
      vertex 5.680089136887206 0 0.33062045982460564
      vertex 5.928486389377749 -12 0.21313730896839722
    endloop
  endfacet
  facet normal -0.242980179903264 0 -0.970031253194544
    outer loop
      vertex 6.187202903687505 -12 0.1205670599498152
      vertex 6.187202903687505 0 0.1205670599498152
      vertex 6.453747098354841 -12 0.053801214870954794
    endloop
  endfacet
  facet normal -0.14673047445536308 0 -0.9891765099647807
    outer loop
      vertex 6.453747098354841 -12 0.053801214870954794
      vertex 6.453747098354841 0 0.053801214870954794
      vertex 6.72555200707723 -12 0.013482765317848422
    endloop
  endfacet
  facet normal -0.04906767432741686 0 -0.9987954562051725
    outer loop
      vertex 6.72555200707723 -12 0.013482765317848422
      vertex 6.72555200707723 0 0.013482765317848422
      vertex 7 -12 0
    endloop
  endfacet
  facet normal -0.5141027441932228 0 -0.8577286100002715
    outer loop
      vertex 5.444403347545114 -12 0.4718850855528731
      vertex 5.444403347545114 0 0.4718850855528731
      vertex 5.680089136887206 -12 0.33062045982460564
    endloop
  endfacet
  facet normal 0.04906767432741686 0 -0.9987954562051725
    outer loop
      vertex 7 -12 0
      vertex 7 0 0
      vertex 7.27444799292277 -12 0.013482765317848422
    endloop
  endfacet
  facet normal 0.14673047445536308 0 -0.9891765099647807
    outer loop
      vertex 7.27444799292277 -12 0.013482765317848422
      vertex 7.27444799292277 0 0.013482765317848422
      vertex 7.546252901645159 -12 0.053801214870954794
    endloop
  endfacet
  facet normal 0.242980179903264 0 -0.970031253194544
    outer loop
      vertex 7.546252901645159 -12 0.053801214870954794
      vertex 7.546252901645159 0 0.053801214870954794
      vertex 7.812797096312495 -12 0.1205670599498152
    endloop
  endfacet
  facet normal 0.33688985339222094 0 -0.9415440651830205
    outer loop
      vertex 7.812797096312495 -12 0.1205670599498152
      vertex 7.812797096312495 0 0.1205670599498152
      vertex 8.071513610622251 -12 0.21313730896839722
    endloop
  endfacet
  facet normal 0.42755509343027964 0 -0.9039892931234443
    outer loop
      vertex 8.071513610622251 -12 0.21313730896839722
      vertex 8.071513610622251 0 0.21313730896839722
      vertex 8.319910863112794 -12 0.33062045982460564
    endloop
  endfacet
  facet normal 0.5141027441932228 0 -0.8577286100002715
    outer loop
      vertex 8.319910863112794 -12 0.33062045982460564
      vertex 8.319910863112794 0 0.33062045982460564
      vertex 8.555596652454886 -12 0.4718850855528731
    endloop
  endfacet
  facet normal 0.5956993044924327 0 -0.8032075314806454
    outer loop
      vertex 8.555596652454886 -12 0.4718850855528731
      vertex 8.555596652454886 0 0.4718850855528731
      vertex 8.776301195658208 -12 0.6355707305843366
    endloop
  endfacet
  facet normal 0.6715589548470194 0 -0.7409511253549581
    outer loop
      vertex 8.776301195658208 -12 0.6355707305843366
      vertex 8.776301195658208 0 0.6355707305843366
      vertex 8.979898987322333 -12 0.8201010126776667
    endloop
  endfacet
  facet normal 0.7409511253549591 0 -0.6715589548470184
    outer loop
      vertex 8.979898987322333 -12 0.8201010126776667
      vertex 8.979898987322333 0 0.8201010126776667
      vertex 9.164429269415663 -12 1.0236988043417925
    endloop
  endfacet
  facet normal 0.8032075314806437 0 -0.5956993044924349
    outer loop
      vertex 9.164429269415663 -12 1.0236988043417925
      vertex 9.164429269415663 0 1.0236988043417925
      vertex 9.328114914447127 -12 1.2444033475451137
    endloop
  endfacet
  facet normal 0.8577286100002726 0 -0.5141027441932209
    outer loop
      vertex 9.328114914447127 -12 1.2444033475451137
      vertex 9.328114914447127 0 1.2444033475451137
      vertex 9.469379540175394 -12 1.4800891368872064
    endloop
  endfacet
  facet normal 0 -1 0
    outer loop
      vertex 4.530620459824606 -12 1.4800891368872064
      vertex 9.586862691031602 -12 1.7284863893777485
      vertex 4.413137308968397 -12 1.7284863893777485
    endloop
  endfacet
  facet normal 0 -1 0
    outer loop
      vertex 4.413137308968397 -12 1.7284863893777485
      vertex 9.679432940050184 -12 1.9872029036875052
      vertex 4.320567059949815 -12 1.9872029036875052
    endloop
  endfacet
  facet normal 0 -1 0
    outer loop
      vertex 4.320567059949815 -12 1.9872029036875052
      vertex 9.746198785129046 -12 2.253747098354841
      vertex 4.253801214870955 -12 2.253747098354841
    endloop
  endfacet
  facet normal 0 -1 0
    outer loop
      vertex 4.530620459824606 -12 1.4800891368872064
      vertex 9.469379540175394 -12 1.4800891368872064
      vertex 9.586862691031602 -12 1.7284863893777485
    endloop
  endfacet
  facet normal 0 -1 0
    outer loop
      vertex 4.413137308968397 -12 1.7284863893777485
      vertex 9.586862691031602 -12 1.7284863893777485
      vertex 9.679432940050184 -12 1.9872029036875052
    endloop
  endfacet
  facet normal 0 -1 0
    outer loop
      vertex 4.320567059949815 -12 1.9872029036875052
      vertex 9.679432940050184 -12 1.9872029036875052
      vertex 9.746198785129046 -12 2.253747098354841
    endloop
  endfacet
  facet normal 0 -1 0
    outer loop
      vertex 4.253801214870955 -12 2.253747098354841
      vertex 9.786517234682151 -12 2.52555200707723
      vertex 4.213482765317849 -12 2.52555200707723
    endloop
  endfacet
  facet normal 0 -1 0
    outer loop
      vertex 4.213482765317849 -12 2.52555200707723
      vertex 9.8 -12 2.8
      vertex 4.2 -12 2.8
    endloop
  endfacet
  facet normal 0 -1 0
    outer loop
      vertex 4.2 -12 2.8
      vertex 9.786517234682151 -12 3.0744479929227695
      vertex 4.213482765317849 -12 3.0744479929227695
    endloop
  endfacet
  facet normal 0 -1 0
    outer loop
      vertex 4.253801214870955 -12 2.253747098354841
      vertex 9.746198785129046 -12 2.253747098354841
      vertex 9.786517234682151 -12 2.52555200707723
    endloop
  endfacet
  facet normal 0 -1 0
    outer loop
      vertex 4.213482765317849 -12 2.52555200707723
      vertex 9.786517234682151 -12 2.52555200707723
      vertex 9.8 -12 2.8
    endloop
  endfacet
  facet normal 0 -1 0
    outer loop
      vertex 4.2 -12 2.8
      vertex 9.8 -12 2.8
      vertex 9.786517234682151 -12 3.0744479929227695
    endloop
  endfacet
  facet normal 0.9039892931234452 0 -0.4275550934302783
    outer loop
      vertex 9.469379540175394 -12 1.4800891368872064
      vertex 9.469379540175394 0 1.4800891368872064
      vertex 9.586862691031602 -12 1.7284863893777485
    endloop
  endfacet
  facet normal 0.9415440651830206 0 -0.3368898533922204
    outer loop
      vertex 9.586862691031602 -12 1.7284863893777485
      vertex 9.586862691031602 0 1.7284863893777485
      vertex 9.679432940050184 -12 1.9872029036875052
    endloop
  endfacet
  facet normal 0.9700312531945426 0 -0.24298017990326973
    outer loop
      vertex 9.679432940050184 -12 1.9872029036875052
      vertex 9.679432940050184 0 1.9872029036875052
      vertex 9.746198785129046 -12 2.253747098354841
    endloop
  endfacet
  facet normal 0.9891765099647813 0 -0.14673047445535833
    outer loop
      vertex 9.746198785129046 -12 2.253747098354841
      vertex 9.746198785129046 0 2.253747098354841
      vertex 9.786517234682151 -12 2.52555200707723
    endloop
  endfacet
  facet normal 0.9987954562051723 0 -0.04906767432742178
    outer loop
      vertex 9.786517234682151 -12 2.52555200707723
      vertex 9.786517234682151 0 2.52555200707723
      vertex 9.8 -12 2.8
    endloop
  endfacet
  facet normal 0.9987954562051723 0 0.04906767432742178
    outer loop
      vertex 9.8 -12 2.8
      vertex 9.8 0 2.8
      vertex 9.786517234682151 -12 3.0744479929227695
    endloop
  endfacet
  facet normal -0.33688985339222094 0 -0.9415440651830205
    outer loop
      vertex 6.187202903687505 -12 0.1205670599498152
      vertex 5.928486389377749 0 0.21313730896839722
      vertex 6.187202903687505 0 0.1205670599498152
    endloop
  endfacet
  facet normal -0.42755509343027964 0 -0.9039892931234443
    outer loop
      vertex 5.928486389377749 -12 0.21313730896839722
      vertex 5.680089136887206 0 0.33062045982460564
      vertex 5.928486389377749 0 0.21313730896839722
    endloop
  endfacet
  facet normal -0.242980179903264 0 -0.970031253194544
    outer loop
      vertex 6.453747098354841 -12 0.053801214870954794
      vertex 6.187202903687505 0 0.1205670599498152
      vertex 6.453747098354841 0 0.053801214870954794
    endloop
  endfacet
  facet normal -0.14673047445536308 0 -0.9891765099647807
    outer loop
      vertex 6.72555200707723 -12 0.013482765317848422
      vertex 6.453747098354841 0 0.053801214870954794
      vertex 6.72555200707723 0 0.013482765317848422
    endloop
  endfacet
  facet normal -0.5141027441932228 0 -0.8577286100002715
    outer loop
      vertex 5.680089136887206 -12 0.33062045982460564
      vertex 5.444403347545114 0 0.4718850855528731
      vertex 5.680089136887206 0 0.33062045982460564
    endloop
  endfacet
  facet normal -0.04906767432741686 0 -0.9987954562051725
    outer loop
      vertex 7 -12 0
      vertex 6.72555200707723 0 0.013482765317848422
      vertex 7 0 0
    endloop
  endfacet
  facet normal 0.04906767432741686 0 -0.9987954562051725
    outer loop
      vertex 7.27444799292277 -12 0.013482765317848422
      vertex 7 0 0
      vertex 7.27444799292277 0 0.013482765317848422
    endloop
  endfacet
  facet normal 0.14673047445536308 0 -0.9891765099647807
    outer loop
      vertex 7.546252901645159 -12 0.053801214870954794
      vertex 7.27444799292277 0 0.013482765317848422
      vertex 7.546252901645159 0 0.053801214870954794
    endloop
  endfacet
  facet normal 0.242980179903264 0 -0.970031253194544
    outer loop
      vertex 7.812797096312495 -12 0.1205670599498152
      vertex 7.546252901645159 0 0.053801214870954794
      vertex 7.812797096312495 0 0.1205670599498152
    endloop
  endfacet
  facet normal 0.33688985339222094 0 -0.9415440651830205
    outer loop
      vertex 8.071513610622251 -12 0.21313730896839722
      vertex 7.812797096312495 0 0.1205670599498152
      vertex 8.071513610622251 0 0.21313730896839722
    endloop
  endfacet
  facet normal 0.42755509343027964 0 -0.9039892931234443
    outer loop
      vertex 8.319910863112794 -12 0.33062045982460564
      vertex 8.071513610622251 0 0.21313730896839722
      vertex 8.319910863112794 0 0.33062045982460564
    endloop
  endfacet
  facet normal 0.5141027441932228 0 -0.8577286100002715
    outer loop
      vertex 8.555596652454886 -12 0.4718850855528731
      vertex 8.319910863112794 0 0.33062045982460564
      vertex 8.555596652454886 0 0.4718850855528731
    endloop
  endfacet
  facet normal 0.5956993044924327 0 -0.8032075314806454
    outer loop
      vertex 8.776301195658208 -12 0.6355707305843366
      vertex 8.555596652454886 0 0.4718850855528731
      vertex 8.776301195658208 0 0.6355707305843366
    endloop
  endfacet
  facet normal 0.6715589548470194 0 -0.7409511253549581
    outer loop
      vertex 8.979898987322333 -12 0.8201010126776667
      vertex 8.776301195658208 0 0.6355707305843366
      vertex 8.979898987322333 0 0.8201010126776667
    endloop
  endfacet
  facet normal 0.7409511253549591 0 -0.6715589548470184
    outer loop
      vertex 9.164429269415663 -12 1.0236988043417925
      vertex 8.979898987322333 0 0.8201010126776667
      vertex 9.164429269415663 0 1.0236988043417925
    endloop
  endfacet
  facet normal 0.8032075314806437 0 -0.5956993044924349
    outer loop
      vertex 9.328114914447127 -12 1.2444033475451137
      vertex 9.164429269415663 0 1.0236988043417925
      vertex 9.328114914447127 0 1.2444033475451137
    endloop
  endfacet
  facet normal 0.8577286100002726 0 -0.5141027441932209
    outer loop
      vertex 9.469379540175394 -12 1.4800891368872064
      vertex 9.328114914447127 0 1.2444033475451137
      vertex 9.469379540175394 0 1.4800891368872064
    endloop
  endfacet
  facet normal 0.9039892931234452 0 -0.4275550934302783
    outer loop
      vertex 9.586862691031602 -12 1.7284863893777485
      vertex 9.469379540175394 0 1.4800891368872064
      vertex 9.586862691031602 0 1.7284863893777485
    endloop
  endfacet
  facet normal 0.9415440651830206 0 -0.3368898533922204
    outer loop
      vertex 9.679432940050184 -12 1.9872029036875052
      vertex 9.586862691031602 0 1.7284863893777485
      vertex 9.679432940050184 0 1.9872029036875052
    endloop
  endfacet
  facet normal 0.9700312531945426 0 -0.24298017990326973
    outer loop
      vertex 9.746198785129046 -12 2.253747098354841
      vertex 9.679432940050184 0 1.9872029036875052
      vertex 9.746198785129046 0 2.253747098354841
    endloop
  endfacet
  facet normal 0.9891765099647813 0 -0.14673047445535833
    outer loop
      vertex 9.786517234682151 -12 2.52555200707723
      vertex 9.746198785129046 0 2.253747098354841
      vertex 9.786517234682151 0 2.52555200707723
    endloop
  endfacet
  facet normal 0.9987954562051723 0 -0.04906767432742178
    outer loop
      vertex 9.8 -12 2.8
      vertex 9.786517234682151 0 2.52555200707723
      vertex 9.8 0 2.8
    endloop
  endfacet
  facet normal 0.9987954562051723 0 0.04906767432742178
    outer loop
      vertex 9.786517234682151 -12 3.0744479929227695
      vertex 9.8 0 2.8
      vertex 9.786517234682151 0 3.0744479929227695
    endloop
  endfacet
  facet normal -0.989176509964781 -1.9001465794273817e-20 0.14673047445536153
    outer loop
      vertex 4.213482765317849 -12 3.0744479929227695
      vertex 4.253801214870955 -12 3.3462529016451588
      vertex 4.253801214870955 0 3.3462529016451588
    endloop
  endfacet
  facet normal -0.9700312531945441 -3.805335045810694e-20 0.24298017990326362
    outer loop
      vertex 4.253801214870955 -12 3.3462529016451588
      vertex 4.320567059949815 -12 3.6127970963124945
      vertex 4.320567059949815 0 3.6127970963124945
    endloop
  endfacet
  facet normal -0.9415440651830206 2.7814075415086107e-19 0.3368898533922204
    outer loop
      vertex 4.320567059949815 -12 3.6127970963124945
      vertex 4.413137308968397 -12 3.871513610622251
      vertex 4.413137308968397 0 3.871513610622251
    endloop
  endfacet
  facet normal -0.9039892931234436 -4.912247206601224e-19 0.42755509343028153
    outer loop
      vertex 4.413137308968397 -12 3.871513610622251
      vertex 4.530620459824606 -12 4.119910863112793
      vertex 4.530620459824606 0 4.119910863112793
    endloop
  endfacet
  facet normal -0.8577286100002731 2.86114019880964e-20 0.5141027441932201
    outer loop
      vertex 4.530620459824606 -12 4.119910863112793
      vertex 4.671885085552873 -12 4.355596652454886
      vertex 4.671885085552873 0 4.355596652454886
    endloop
  endfacet
  facet normal -0.8032075314806435 -9.456691861439676e-19 0.5956993044924354
    outer loop
      vertex 4.671885085552873 -12 4.355596652454886
      vertex 4.835570730584337 -12 4.576301195658207
      vertex 4.835570730584337 0 4.576301195658207
    endloop
  endfacet
  facet normal -0.7409511253549602 -3.2741703178740827e-19 0.6715589548470172
    outer loop
      vertex 4.835570730584337 -12 4.576301195658207
      vertex 5.020101012677667 -12 4.779898987322333
      vertex 5.020101012677667 0 4.779898987322333
    endloop
  endfacet
  facet normal -0.671558954847017 3.4515868543360346e-19 0.7409511253549603
    outer loop
      vertex 5.020101012677667 -12 4.779898987322333
      vertex 5.223698804341793 -12 4.964429269415663
      vertex 5.223698804341793 0 4.964429269415663
    endloop
  endfacet
  facet normal -0.5956993044924332 6.322386538417862e-19 0.803207531480645
    outer loop
      vertex 5.223698804341793 -12 4.964429269415663
      vertex 5.444403347545114 -12 5.128114914447126
      vertex 5.444403347545114 0 5.128114914447126
    endloop
  endfacet
  facet normal -0.989176509964781 0 0.14673047445536153
    outer loop
      vertex 4.213482765317849 -12 3.0744479929227695
      vertex 4.253801214870955 0 3.3462529016451588
      vertex 4.213482765317849 0 3.0744479929227695
    endloop
  endfacet
  facet normal -0.9700312531945441 0 0.24298017990326362
    outer loop
      vertex 4.253801214870955 -12 3.3462529016451588
      vertex 4.320567059949815 0 3.6127970963124945
      vertex 4.253801214870955 0 3.3462529016451588
    endloop
  endfacet
  facet normal -0.9415440651830206 0 0.3368898533922204
    outer loop
      vertex 4.320567059949815 -12 3.6127970963124945
      vertex 4.413137308968397 0 3.871513610622251
      vertex 4.320567059949815 0 3.6127970963124945
    endloop
  endfacet
  facet normal -0.9039892931234436 0 0.42755509343028153
    outer loop
      vertex 4.413137308968397 -12 3.871513610622251
      vertex 4.530620459824606 0 4.119910863112793
      vertex 4.413137308968397 0 3.871513610622251
    endloop
  endfacet
  facet normal -0.8577286100002731 0 0.5141027441932201
    outer loop
      vertex 4.530620459824606 -12 4.119910863112793
      vertex 4.671885085552873 0 4.355596652454886
      vertex 4.530620459824606 0 4.119910863112793
    endloop
  endfacet
  facet normal -0.8032075314806435 0 0.5956993044924354
    outer loop
      vertex 4.671885085552873 -12 4.355596652454886
      vertex 4.835570730584337 0 4.576301195658207
      vertex 4.671885085552873 0 4.355596652454886
    endloop
  endfacet
  facet normal -0.7409511253549602 0 0.6715589548470172
    outer loop
      vertex 4.835570730584337 -12 4.576301195658207
      vertex 5.020101012677667 0 4.779898987322333
      vertex 4.835570730584337 0 4.576301195658207
    endloop
  endfacet
  facet normal -0.671558954847017 0 0.7409511253549603
    outer loop
      vertex 5.020101012677667 -12 4.779898987322333
      vertex 5.223698804341793 0 4.964429269415663
      vertex 5.020101012677667 0 4.779898987322333
    endloop
  endfacet
  facet normal -0.5956993044924332 0 0.803207531480645
    outer loop
      vertex 5.223698804341793 -12 4.964429269415663
      vertex 5.444403347545114 0 5.128114914447126
      vertex 5.223698804341793 0 4.964429269415663
    endloop
  endfacet
  facet normal 0 -1 0
    outer loop
      vertex 4.213482765317849 -12 3.0744479929227695
      vertex 9.746198785129046 -12 3.3462529016451588
      vertex 4.253801214870955 -12 3.3462529016451588
    endloop
  endfacet
  facet normal 0 -1 0
    outer loop
      vertex 4.253801214870955 -12 3.3462529016451588
      vertex 9.679432940050184 -12 3.6127970963124945
      vertex 4.320567059949815 -12 3.6127970963124945
    endloop
  endfacet
  facet normal 0 -1 0
    outer loop
      vertex 4.213482765317849 -12 3.0744479929227695
      vertex 9.786517234682151 -12 3.0744479929227695
      vertex 9.746198785129046 -12 3.3462529016451588
    endloop
  endfacet
  facet normal 0 -1 0
    outer loop
      vertex 4.253801214870955 -12 3.3462529016451588
      vertex 9.746198785129046 -12 3.3462529016451588
      vertex 9.679432940050184 -12 3.6127970963124945
    endloop
  endfacet
  facet normal 0 -1 0
    outer loop
      vertex 4.320567059949815 -12 3.6127970963124945
      vertex 9.679432940050184 -12 3.6127970963124945
      vertex 9.586862691031602 -12 3.871513610622251
    endloop
  endfacet
  facet normal 0 -1 0
    outer loop
      vertex 4.320567059949815 -12 3.6127970963124945
      vertex 9.586862691031602 -12 3.871513610622251
      vertex 4.413137308968397 -12 3.871513610622251
    endloop
  endfacet
  facet normal 0 -1 0
    outer loop
      vertex 4.413137308968397 -12 3.871513610622251
      vertex 9.469379540175394 -12 4.119910863112793
      vertex 4.530620459824606 -12 4.119910863112793
    endloop
  endfacet
  facet normal 0 -1 0
    outer loop
      vertex 4.530620459824606 -12 4.119910863112793
      vertex 9.328114914447127 -12 4.355596652454886
      vertex 4.671885085552873 -12 4.355596652454886
    endloop
  endfacet
  facet normal 0 -1 0
    outer loop
      vertex 4.413137308968397 -12 3.871513610622251
      vertex 9.586862691031602 -12 3.871513610622251
      vertex 9.469379540175394 -12 4.119910863112793
    endloop
  endfacet
  facet normal 0 -1 0
    outer loop
      vertex 4.530620459824606 -12 4.119910863112793
      vertex 9.469379540175394 -12 4.119910863112793
      vertex 9.328114914447127 -12 4.355596652454886
    endloop
  endfacet
  facet normal 0 -1 0
    outer loop
      vertex 4.671885085552873 -12 4.355596652454886
      vertex 9.328114914447127 -12 4.355596652454886
      vertex 9.164429269415663 -12 4.576301195658207
    endloop
  endfacet
  facet normal 0.9891765099647813 0 0.14673047445535833
    outer loop
      vertex 9.786517234682151 -12 3.0744479929227695
      vertex 9.786517234682151 0 3.0744479929227695
      vertex 9.746198785129046 -12 3.3462529016451588
    endloop
  endfacet
  facet normal 0.9700312531945426 0 0.24298017990326973
    outer loop
      vertex 9.746198785129046 -12 3.3462529016451588
      vertex 9.746198785129046 0 3.3462529016451588
      vertex 9.679432940050184 -12 3.6127970963124945
    endloop
  endfacet
  facet normal 0.9415440651830206 0 0.3368898533922204
    outer loop
      vertex 9.679432940050184 -12 3.6127970963124945
      vertex 9.679432940050184 0 3.6127970963124945
      vertex 9.586862691031602 -12 3.871513610622251
    endloop
  endfacet
  facet normal 0.9039892931234448 0 0.42755509343027887
    outer loop
      vertex 9.586862691031602 -12 3.871513610622251
      vertex 9.586862691031602 0 3.871513610622251
      vertex 9.469379540175394 -12 4.119910863112793
    endloop
  endfacet
  facet normal 0.8577286100002731 0 0.5141027441932201
    outer loop
      vertex 9.469379540175394 -12 4.119910863112793
      vertex 9.469379540175394 0 4.119910863112793
      vertex 9.328114914447127 -12 4.355596652454886
    endloop
  endfacet
  facet normal 0.8032075314806435 0 0.5956993044924354
    outer loop
      vertex 9.328114914447127 -12 4.355596652454886
      vertex 9.328114914447127 0 4.355596652454886
      vertex 9.164429269415663 -12 4.576301195658207
    endloop
  endfacet
  facet normal 0 -1 0
    outer loop
      vertex 4.671885085552873 -12 4.355596652454886
      vertex 9.164429269415663 -12 4.576301195658207
      vertex 4.835570730584337 -12 4.576301195658207
    endloop
  endfacet
  facet normal 0 -1 0
    outer loop
      vertex 4.835570730584337 -12 4.576301195658207
      vertex 8.979898987322333 -12 4.779898987322333
      vertex 5.020101012677667 -12 4.779898987322333
    endloop
  endfacet
  facet normal 0 -1 0
    outer loop
      vertex 5.020101012677667 -12 4.779898987322333
      vertex 8.776301195658208 -12 4.964429269415663
      vertex 5.223698804341793 -12 4.964429269415663
    endloop
  endfacet
  facet normal 0 -1 0
    outer loop
      vertex 5.223698804341793 -12 4.964429269415663
      vertex 8.555596652454886 -12 5.128114914447126
      vertex 5.444403347545114 -12 5.128114914447126
    endloop
  endfacet
  facet normal 0 -1 0
    outer loop
      vertex 5.444403347545114 -12 5.128114914447126
      vertex 8.319910863112794 -12 5.269379540175394
      vertex 5.680089136887206 -12 5.269379540175394
    endloop
  endfacet
  facet normal 0 -1 0
    outer loop
      vertex 4.835570730584337 -12 4.576301195658207
      vertex 9.164429269415663 -12 4.576301195658207
      vertex 8.979898987322333 -12 4.779898987322333
    endloop
  endfacet
  facet normal 0 -1 0
    outer loop
      vertex 5.020101012677667 -12 4.779898987322333
      vertex 8.979898987322333 -12 4.779898987322333
      vertex 8.776301195658208 -12 4.964429269415663
    endloop
  endfacet
  facet normal 0 -1 0
    outer loop
      vertex 5.223698804341793 -12 4.964429269415663
      vertex 8.776301195658208 -12 4.964429269415663
      vertex 8.555596652454886 -12 5.128114914447126
    endloop
  endfacet
  facet normal 0 -1 0
    outer loop
      vertex 5.444403347545114 -12 5.128114914447126
      vertex 8.555596652454886 -12 5.128114914447126
      vertex 8.319910863112794 -12 5.269379540175394
    endloop
  endfacet
  facet normal 0 -1 0
    outer loop
      vertex 5.680089136887206 -12 5.269379540175394
      vertex 8.071513610622251 -12 5.386862691031602
      vertex 5.928486389377749 -12 5.386862691031602
    endloop
  endfacet
  facet normal 0 -1 0
    outer loop
      vertex 5.928486389377749 -12 5.386862691031602
      vertex 7.812797096312495 -12 5.479432940050184
      vertex 6.187202903687505 -12 5.479432940050184
    endloop
  endfacet
  facet normal 0 -1 0
    outer loop
      vertex 6.187202903687505 -12 5.479432940050184
      vertex 7.546252901645159 -12 5.546198785129045
      vertex 6.453747098354841 -12 5.546198785129045
    endloop
  endfacet
  facet normal 0 -1 0
    outer loop
      vertex 6.453747098354841 -12 5.546198785129045
      vertex 7.27444799292277 -12 5.586517234682152
      vertex 6.72555200707723 -12 5.586517234682152
    endloop
  endfacet
  facet normal 0 -1 0
    outer loop
      vertex 5.680089136887206 -12 5.269379540175394
      vertex 8.319910863112794 -12 5.269379540175394
      vertex 8.071513610622251 -12 5.386862691031602
    endloop
  endfacet
  facet normal 0 -1 0
    outer loop
      vertex 5.928486389377749 -12 5.386862691031602
      vertex 8.071513610622251 -12 5.386862691031602
      vertex 7.812797096312495 -12 5.479432940050184
    endloop
  endfacet
  facet normal 0 -1 0
    outer loop
      vertex 6.187202903687505 -12 5.479432940050184
      vertex 7.812797096312495 -12 5.479432940050184
      vertex 7.546252901645159 -12 5.546198785129045
    endloop
  endfacet
  facet normal 0 -1 0
    outer loop
      vertex 6.72555200707723 -12 5.586517234682152
      vertex 7.27444799292277 -12 5.586517234682152
      vertex 7 -12 5.6
    endloop
  endfacet
  facet normal 0 -1 0
    outer loop
      vertex 6.453747098354841 -12 5.546198785129045
      vertex 7.546252901645159 -12 5.546198785129045
      vertex 7.27444799292277 -12 5.586517234682152
    endloop
  endfacet
  facet normal -0.514102744193224 2.0939701801865716e-19 0.8577286100002708
    outer loop
      vertex 5.444403347545114 -12 5.128114914447126
      vertex 5.680089136887206 -12 5.269379540175394
      vertex 5.680089136887206 0 5.269379540175394
    endloop
  endfacet
  facet normal -0.42755509343027964 -3.7176929786469164e-19 0.9039892931234443
    outer loop
      vertex 5.680089136887206 -12 5.269379540175394
      vertex 5.928486389377749 -12 5.386862691031602
      vertex 5.928486389377749 0 5.386862691031602
    endloop
  endfacet
  facet normal -0.33688985339222094 4.370304820390622e-19 0.9415440651830205
    outer loop
      vertex 5.928486389377749 -12 5.386862691031602
      vertex 6.187202903687505 -12 5.479432940050184
      vertex 6.187202903687505 0 5.479432940050184
    endloop
  endfacet
  facet normal -0.242980179903264 4.396127368850843e-19 0.970031253194544
    outer loop
      vertex 6.187202903687505 -12 5.479432940050184
      vertex 6.453747098354841 -12 5.546198785129045
      vertex 6.453747098354841 0 5.546198785129045
    endloop
  endfacet
  facet normal -0.1467304744553647 6.733796808898425e-20 0.9891765099647806
    outer loop
      vertex 6.453747098354841 -12 5.546198785129045
      vertex 6.72555200707723 -12 5.586517234682152
      vertex 6.72555200707723 0 5.586517234682152
    endloop
  endfacet
  facet normal -0.049067674327415246 -6.226902748799689e-20 0.9987954562051725
    outer loop
      vertex 6.72555200707723 -12 5.586517234682152
      vertex 7 -12 5.6
      vertex 7 0 5.6
    endloop
  endfacet
  facet normal 0.049067674327415246 6.226902748799689e-20 0.9987954562051725
    outer loop
      vertex 7 -12 5.6
      vertex 7.27444799292277 -12 5.586517234682152
      vertex 7.27444799292277 0 5.586517234682152
    endloop
  endfacet
  facet normal 0.1467304744553647 -6.733796808898425e-20 0.9891765099647806
    outer loop
      vertex 7.27444799292277 -12 5.586517234682152
      vertex 7.546252901645159 -12 5.546198785129045
      vertex 7.546252901645159 0 5.546198785129045
    endloop
  endfacet
  facet normal 0.42755509343027964 3.7176929786469164e-19 0.9039892931234443
    outer loop
      vertex 8.071513610622251 -12 5.386862691031602
      vertex 8.319910863112794 -12 5.269379540175394
      vertex 8.319910863112794 0 5.269379540175394
    endloop
  endfacet
  facet normal 0.33688985339222094 -4.370304820390622e-19 0.9415440651830205
    outer loop
      vertex 7.812797096312495 -12 5.479432940050184
      vertex 8.071513610622251 -12 5.386862691031602
      vertex 8.071513610622251 0 5.386862691031602
    endloop
  endfacet
  facet normal 0.242980179903264 -4.396127368850843e-19 0.970031253194544
    outer loop
      vertex 7.546252901645159 -12 5.546198785129045
      vertex 7.812797096312495 -12 5.479432940050184
      vertex 7.812797096312495 0 5.479432940050184
    endloop
  endfacet
  facet normal 0.6715589548470186 0 0.7409511253549589
    outer loop
      vertex 8.979898987322333 -12 4.779898987322333
      vertex 8.979898987322333 0 4.779898987322333
      vertex 8.776301195658208 -12 4.964429269415663
    endloop
  endfacet
  facet normal 0.7409511253549602 3.2741703178740827e-19 0.6715589548470172
    outer loop
      vertex 8.979898987322333 -12 4.779898987322333
      vertex 9.164429269415663 -12 4.576301195658207
      vertex 9.164429269415663 0 4.576301195658207
    endloop
  endfacet
  facet normal 0.5956993044924317 -5.307284464381984e-19 0.8032075314806462
    outer loop
      vertex 8.555596652454886 -12 5.128114914447126
      vertex 8.776301195658208 -12 4.964429269415663
      vertex 8.776301195658208 0 4.964429269415663
    endloop
  endfacet
  facet normal 0.514102744193224 -2.0939701801865716e-19 0.8577286100002708
    outer loop
      vertex 8.319910863112794 -12 5.269379540175394
      vertex 8.555596652454886 -12 5.128114914447126
      vertex 8.555596652454886 0 5.128114914447126
    endloop
  endfacet
  facet normal 0.9891765099647813 0 0.14673047445535833
    outer loop
      vertex 9.746198785129046 -12 3.3462529016451588
      vertex 9.786517234682151 0 3.0744479929227695
      vertex 9.746198785129046 0 3.3462529016451588
    endloop
  endfacet
  facet normal 0.9700312531945426 0 0.24298017990326973
    outer loop
      vertex 9.679432940050184 -12 3.6127970963124945
      vertex 9.746198785129046 0 3.3462529016451588
      vertex 9.679432940050184 0 3.6127970963124945
    endloop
  endfacet
  facet normal 0.9415440651830206 0 0.3368898533922204
    outer loop
      vertex 9.586862691031602 -12 3.871513610622251
      vertex 9.679432940050184 0 3.6127970963124945
      vertex 9.586862691031602 0 3.871513610622251
    endloop
  endfacet
  facet normal 0.9039892931234448 0 0.42755509343027887
    outer loop
      vertex 9.469379540175394 -12 4.119910863112793
      vertex 9.586862691031602 0 3.871513610622251
      vertex 9.469379540175394 0 4.119910863112793
    endloop
  endfacet
  facet normal 0.8577286100002731 0 0.5141027441932201
    outer loop
      vertex 9.328114914447127 -12 4.355596652454886
      vertex 9.469379540175394 0 4.119910863112793
      vertex 9.328114914447127 0 4.355596652454886
    endloop
  endfacet
  facet normal -0.514102744193224 0 0.8577286100002708
    outer loop
      vertex 5.444403347545114 -12 5.128114914447126
      vertex 5.680089136887206 0 5.269379540175394
      vertex 5.444403347545114 0 5.128114914447126
    endloop
  endfacet
  facet normal -0.42755509343027964 0 0.9039892931234443
    outer loop
      vertex 5.680089136887206 -12 5.269379540175394
      vertex 5.928486389377749 0 5.386862691031602
      vertex 5.680089136887206 0 5.269379540175394
    endloop
  endfacet
  facet normal -0.33688985339222094 0 0.9415440651830205
    outer loop
      vertex 5.928486389377749 -12 5.386862691031602
      vertex 6.187202903687505 0 5.479432940050184
      vertex 5.928486389377749 0 5.386862691031602
    endloop
  endfacet
  facet normal -0.242980179903264 0 0.970031253194544
    outer loop
      vertex 6.187202903687505 -12 5.479432940050184
      vertex 6.453747098354841 0 5.546198785129045
      vertex 6.187202903687505 0 5.479432940050184
    endloop
  endfacet
  facet normal -0.1467304744553647 0 0.9891765099647806
    outer loop
      vertex 6.453747098354841 -12 5.546198785129045
      vertex 6.72555200707723 0 5.586517234682152
      vertex 6.453747098354841 0 5.546198785129045
    endloop
  endfacet
  facet normal -0.049067674327415246 0 0.9987954562051725
    outer loop
      vertex 6.72555200707723 -12 5.586517234682152
      vertex 7 0 5.6
      vertex 6.72555200707723 0 5.586517234682152
    endloop
  endfacet
  facet normal 0.049067674327415246 0 0.9987954562051725
    outer loop
      vertex 7 -12 5.6
      vertex 7.27444799292277 0 5.586517234682152
      vertex 7 0 5.6
    endloop
  endfacet
  facet normal 0.1467304744553647 0 0.9891765099647806
    outer loop
      vertex 7.27444799292277 -12 5.586517234682152
      vertex 7.546252901645159 0 5.546198785129045
      vertex 7.27444799292277 0 5.586517234682152
    endloop
  endfacet
  facet normal 0.42755509343027964 0 0.9039892931234443
    outer loop
      vertex 8.071513610622251 -12 5.386862691031602
      vertex 8.319910863112794 0 5.269379540175394
      vertex 8.071513610622251 0 5.386862691031602
    endloop
  endfacet
  facet normal 0.242980179903264 0 0.970031253194544
    outer loop
      vertex 7.546252901645159 -12 5.546198785129045
      vertex 7.812797096312495 0 5.479432940050184
      vertex 7.546252901645159 0 5.546198785129045
    endloop
  endfacet
  facet normal 0.33688985339222094 0 0.9415440651830205
    outer loop
      vertex 7.812797096312495 -12 5.479432940050184
      vertex 8.071513610622251 0 5.386862691031602
      vertex 7.812797096312495 0 5.479432940050184
    endloop
  endfacet
  facet normal 0.8032075314806435 0 0.5956993044924354
    outer loop
      vertex 9.164429269415663 -12 4.576301195658207
      vertex 9.328114914447127 0 4.355596652454886
      vertex 9.164429269415663 0 4.576301195658207
    endloop
  endfacet
  facet normal 0.7409511253549602 0 0.6715589548470172
    outer loop
      vertex 8.979898987322333 -12 4.779898987322333
      vertex 9.164429269415663 0 4.576301195658207
      vertex 8.979898987322333 0 4.779898987322333
    endloop
  endfacet
  facet normal 0.6715589548470186 0 0.7409511253549589
    outer loop
      vertex 8.776301195658208 -12 4.964429269415663
      vertex 8.979898987322333 0 4.779898987322333
      vertex 8.776301195658208 0 4.964429269415663
    endloop
  endfacet
  facet normal 0.514102744193224 0 0.8577286100002708
    outer loop
      vertex 8.319910863112794 -12 5.269379540175394
      vertex 8.555596652454886 0 5.128114914447126
      vertex 8.319910863112794 0 5.269379540175394
    endloop
  endfacet
  facet normal 0.5956993044924317 0 0.8032075314806462
    outer loop
      vertex 8.555596652454886 -12 5.128114914447126
      vertex 8.776301195658208 0 4.964429269415663
      vertex 8.555596652454886 0 5.128114914447126
    endloop
  endfacet
endsolid OpenSCAD_Model
