solid OpenSCAD_Model
  facet normal -0.14673047607854153 -0.989176509724005 0
    outer loop
      vertex 1.8039657175540924 -6.990369454026222 0
      vertex 1.6098193526268005 -6.961570560932159 6
      vertex 1.6098193526268005 -6.961570560932159 0
    endloop
  endfacet
  facet normal -0.42755510310083966 -0.9039892885496101 0
    outer loop
      vertex 1.234633132815361 -6.8477590680122375 0
      vertex 1.0572065263986588 -6.7638425305485725 6
      vertex 1.0572065263986588 -6.7638425305485725 0
    endloop
  endfacet
  facet normal -0.33688982640476 -0.941544074839288 0
    outer loop
      vertex 1.4194306433200836 -6.913880668580532 0
      vertex 1.234633132815361 -6.8477590680122375 6
      vertex 1.234633132815361 -6.8477590680122375 0
    endloop
  endfacet
  facet normal -0.5141027351876691 -0.8577286153979926 0
    outer loop
      vertex 0.8888595327734947 -6.662939228117466 0
      vertex 1.0572065263986588 -6.7638425305485725 0
      vertex 0.8888595327734947 -6.662939228117466 6
    endloop
  endfacet
  facet normal -0.24298019573678303 -0.9700312492284539 0
    outer loop
      vertex 1.4194306433200836 -6.913880668580532 0
      vertex 1.6098193526268005 -6.961570560932159 0
      vertex 1.4194306433200836 -6.913880668580532 6
    endloop
  endfacet
  facet normal -0.5956992989376803 -0.8032075356003306 0
    outer loop
      vertex 0.8888595327734947 -6.662939228117466 0
      vertex 0.7312134280800819 -6.546020910143852 6
      vertex 0.7312134280800819 -6.546020910143852 0
    endloop
  endfacet
  facet normal -0.671558983390028 -0.7409510994850822 0
    outer loop
      vertex 0.7312134280800819 -6.546020910143852 0
      vertex 0.5857864394783974 -6.414213560521603 6
      vertex 0.5857864394783974 -6.414213560521603 0
    endloop
  endfacet
  facet normal -0.7409510994850822 -0.671558983390028 0
    outer loop
      vertex 0.5857864394783974 -6.414213560521603 0
      vertex 0.45397908985614777 -6.268786571919918 6
      vertex 0.45397908985614777 -6.268786571919918 0
    endloop
  endfacet
  facet normal -0.8032075356003306 -0.5956992989376803 0
    outer loop
      vertex 0.45397908985614777 -6.268786571919918 0
      vertex 0.337060771882534 -6.111140467226505 6
      vertex 0.337060771882534 -6.111140467226505 0
    endloop
  endfacet
  facet normal -0.049067670415704694 -0.9987954563973426 0
    outer loop
      vertex 1.8039657175540924 -6.990369454026222 0
      vertex 2 -7 0
      vertex 1.8039657175540924 -6.990369454026222 6
    endloop
  endfacet
  facet normal 0 -1 0
    outer loop
      vertex 2 -7 0
      vertex 7 -7 0
      vertex 2 -7 6
    endloop
  endfacet
  facet normal 0.049067670415704694 -0.9987954563973426 0
    outer loop
      vertex 7 -7 0
      vertex 7.196034282445908 -6.990369454026222 0
      vertex 7 -7 6
    endloop
  endfacet
  facet normal 0.14673047607854153 -0.989176509724005 0
    outer loop
      vertex 7.196034282445908 -6.990369454026222 0
      vertex 7.3901806473731995 -6.961570560932159 0
      vertex 7.196034282445908 -6.990369454026222 6
    endloop
  endfacet
  facet normal 0.24298019573678303 -0.9700312492284539 0
    outer loop
      vertex 7.3901806473731995 -6.961570560932159 0
      vertex 7.580569356679916 -6.913880668580532 0
      vertex 7.3901806473731995 -6.961570560932159 6
    endloop
  endfacet
  facet normal 0.33688982640476 -0.941544074839288 0
    outer loop
      vertex 7.580569356679916 -6.913880668580532 0
      vertex 7.765366867184639 -6.8477590680122375 0
      vertex 7.580569356679916 -6.913880668580532 6
    endloop
  endfacet
  facet normal 0.42755510310083966 -0.9039892885496101 0
    outer loop
      vertex 7.765366867184639 -6.8477590680122375 0
      vertex 7.942793473601341 -6.7638425305485725 0
      vertex 7.765366867184639 -6.8477590680122375 6
    endloop
  endfacet
  facet normal 0.5141027351876691 -0.8577286153979926 0
    outer loop
      vertex 7.942793473601341 -6.7638425305485725 0
      vertex 8.111140467226505 -6.662939228117466 0
      vertex 7.942793473601341 -6.7638425305485725 6
    endloop
  endfacet
  facet normal 0.5956992989376803 -0.8032075356003306 0
    outer loop
      vertex 8.111140467226505 -6.662939228117466 0
      vertex 8.268786571919918 -6.546020910143852 0
      vertex 8.111140467226505 -6.662939228117466 6
    endloop
  endfacet
  facet normal 0.671558983390028 -0.7409510994850822 0
    outer loop
      vertex 8.268786571919918 -6.546020910143852 0
      vertex 8.414213560521603 -6.414213560521603 0
      vertex 8.268786571919918 -6.546020910143852 6
    endloop
  endfacet
  facet normal 0.7409510994850822 -0.671558983390028 0
    outer loop
      vertex 8.414213560521603 -6.414213560521603 0
      vertex 8.546020910143852 -6.268786571919918 0
      vertex 8.414213560521603 -6.414213560521603 6
    endloop
  endfacet
  facet normal 0.8032075356003306 -0.5956992989376803 0
    outer loop
      vertex 8.546020910143852 -6.268786571919918 0
      vertex 8.662939228117466 -6.111140467226505 0
      vertex 8.546020910143852 -6.268786571919918 6
    endloop
  endfacet
  facet normal 0.8577286153979926 -0.5141027351876691 0
    outer loop
      vertex 8.662939228117466 -6.111140467226505 0
      vertex 8.763842530548573 -5.942793473601341 0
      vertex 8.662939228117466 -6.111140467226505 6
    endloop
  endfacet
  facet normal -0.6715589764431048 -0.7409511057814068 0
    outer loop
      vertex 14.439339831471443 -7.560660168528557 0
      vertex 14.548410072922707 -7.659515678882599 0
      vertex 14.439339831471443 -7.560660168528557 6
    endloop
  endfacet
  facet normal -0.7409511057814068 -0.6715589764431048 0
    outer loop
      vertex 14.439339831471443 -7.560660168528557 0
      vertex 14.340484321117401 -7.451589927077293 6
      vertex 14.340484321117401 -7.451589927077293 0
    endloop
  endfacet
  facet normal -0.8032075326742517 -0.5956993028830408 0
    outer loop
      vertex 14.340484321117401 -7.451589927077293 0
      vertex 14.252795584499836 -7.333355352282524 6
      vertex 14.252795584499836 -7.333355352282524 0
    endloop
  endfacet
  facet normal -0.857728589734709 -0.5141027780042697 0
    outer loop
      vertex 14.252795584499836 -7.333355352282524 0
      vertex 14.177118100225925 -7.207095108926296 6
      vertex 14.177118100225925 -7.207095108926296 0
    endloop
  endfacet
  facet normal -0.9039893026927517 -0.4275550731976791 0
    outer loop
      vertex 14.177118100225925 -7.207095108926296 0
      vertex 14.114180698990822 -7.074025146663189 6
      vertex 14.114180698990822 -7.074025146663189 0
    endloop
  endfacet
  facet normal -0.9415440599260391 -0.33688986808449944 0
    outer loop
      vertex 14.114180698990822 -7.074025146663189 0
      vertex 14.064589492976665 -6.935427017509937 6
      vertex 14.064589492976665 -6.935427017509937 0
    endloop
  endfacet
  facet normal -0.9700312581757379 -0.24298016001722234 0
    outer loop
      vertex 14.064589492976665 -6.935427017509937 0
      vertex 14.02882207930088 -6.7926354855299 6
      vertex 14.02882207930088 -6.7926354855299 0
    endloop
  endfacet
  facet normal -0.989176513397145 -0.14673045131624157 0
    outer loop
      vertex 14.02882207930088 -6.7926354855299 0
      vertex 14.007222913205624 -6.647025711834431 6
      vertex 14.007222913205624 -6.647025711834431 0
    endloop
  endfacet
  facet normal -0.9987954551570747 -0.04906769566193293 0
    outer loop
      vertex 14.007222913205624 -6.647025711834431 0
      vertex 14 -6.5 6
      vertex 14 -6.5 0
    endloop
  endfacet
  facet normal 0 0 -1
    outer loop
      vertex 15.2073645144701 -7.97117792069912 0
      vertex 15.5 -3 0
      vertex 15.35297428816557 -7.992777086794376 0
    endloop
  endfacet
  facet normal 0 0 -1
    outer loop
      vertex 14.666644647717476 -7.747204415500164 0
      vertex 14.548410072922707 -7.659515678882599 0
      vertex 15.5 -3 0
    endloop
  endfacet
  facet normal 0 0 -1
    outer loop
      vertex 14.439339831471443 -7.560660168528557 0
      vertex 15.5 -3 0
      vertex 14.548410072922707 -7.659515678882599 0
    endloop
  endfacet
  facet normal 0 0 -1
    outer loop
      vertex 14.439339831471443 -7.560660168528557 0
      vertex 14.340484321117401 -7.451589927077293 0
      vertex 15.5 -3 0
    endloop
  endfacet
  facet normal 0 0 -1
    outer loop
      vertex 14.925974853336811 -7.885819301009178 0
      vertex 15.5 -3 0
      vertex 15.064572982490063 -7.9354105070233345 0
    endloop
  endfacet
  facet normal 0 0 -1
    outer loop
      vertex 14.925974853336811 -7.885819301009178 0
      vertex 14.792904891073704 -7.8228818997740746 0
      vertex 15.5 -3 0
    endloop
  endfacet
  facet normal 0 0 -1
    outer loop
      vertex 14.792904891073704 -7.8228818997740746 0
      vertex 14.666644647717476 -7.747204415500164 0
      vertex 15.5 -3 0
    endloop
  endfacet
  facet normal 0 0 -1
    outer loop
      vertex 15.064572982490063 -7.9354105070233345 0
      vertex 15.5 -3 0
      vertex 15.2073645144701 -7.97117792069912 0
    endloop
  endfacet
  facet normal 0 0 -1
    outer loop
      vertex 15.35297428816557 -7.992777086794376 0
      vertex 15.5 -3 0
      vertex 15.5 -8 0
    endloop
  endfacet
  facet normal 0 0 -1
    outer loop
      vertex 15.5 -8 0
      vertex 15.5 -3 0
      vertex 18.5 -8 0
    endloop
  endfacet
  facet normal 0 0 -1
    outer loop
      vertex 18.5 -8 0
      vertex 15.5 -3 0
      vertex 18.64702571183443 -7.992777086794376 0
    endloop
  endfacet
  facet normal 0 0 -1
    outer loop
      vertex 18.64702571183443 -7.992777086794376 0
      vertex 15.5 -3 0
      vertex 18.7926354855299 -7.97117792069912 0
    endloop
  endfacet
  facet normal 0 0 -1
    outer loop
      vertex 18.7926354855299 -7.97117792069912 0
      vertex 15.5 -3 0
      vertex 18.935427017509937 -7.9354105070233345 0
    endloop
  endfacet
  facet normal 0 0 -1
    outer loop
      vertex 18.935427017509937 -7.9354105070233345 0
      vertex 15.5 -3 0
      vertex 19.07402514666319 -7.885819301009178 0
    endloop
  endfacet
  facet normal 0 0 -1
    outer loop
      vertex 19.07402514666319 -7.885819301009178 0
      vertex 15.5 -3 0
      vertex 19.207095108926296 -7.8228818997740746 0
    endloop
  endfacet
  facet normal 0 0 -1
    outer loop
      vertex 19.207095108926296 -7.8228818997740746 0
      vertex 15.5 -3 0
      vertex 19.333355352282524 -7.747204415500164 0
    endloop
  endfacet
  facet normal 0 0 -1
    outer loop
      vertex 19.333355352282524 -7.747204415500164 0
      vertex 15.5 -3 0
      vertex 19.451589927077293 -7.659515678882599 0
    endloop
  endfacet
  facet normal 0 0 -1
    outer loop
      vertex 19.451589927077293 -7.659515678882599 0
      vertex 15.5 -3 0
      vertex 19.560660168528557 -7.560660168528557 0
    endloop
  endfacet
  facet normal 0 0 -1
    outer loop
      vertex 19.560660168528557 -7.560660168528557 0
      vertex 15.5 -3 0
      vertex 19.6595156788826 -7.451589927077293 0
    endloop
  endfacet
  facet normal -0.33688986808449944 -0.9415440599260391 0
    outer loop
      vertex 14.925974853336811 -7.885819301009178 0
      vertex 15.064572982490063 -7.9354105070233345 0
      vertex 14.925974853336811 -7.885819301009178 6
    endloop
  endfacet
  facet normal -0.24298016001722234 -0.9700312581757379 0
    outer loop
      vertex 15.064572982490063 -7.9354105070233345 0
      vertex 15.2073645144701 -7.97117792069912 0
      vertex 15.064572982490063 -7.9354105070233345 6
    endloop
  endfacet
  facet normal -0.14673045131624157 -0.989176513397145 0
    outer loop
      vertex 15.2073645144701 -7.97117792069912 0
      vertex 15.35297428816557 -7.992777086794376 0
      vertex 15.2073645144701 -7.97117792069912 6
    endloop
  endfacet
  facet normal -0.04906769566193293 -0.9987954551570747 0
    outer loop
      vertex 15.35297428816557 -7.992777086794376 0
      vertex 15.5 -8 0
      vertex 15.35297428816557 -7.992777086794376 6
    endloop
  endfacet
  facet normal -0.5141027780042697 -0.857728589734709 0
    outer loop
      vertex 14.792904891073704 -7.8228818997740746 0
      vertex 14.666644647717476 -7.747204415500164 6
      vertex 14.666644647717476 -7.747204415500164 0
    endloop
  endfacet
  facet normal -0.4275550731976791 -0.9039893026927517 0
    outer loop
      vertex 14.925974853336811 -7.885819301009178 0
      vertex 14.792904891073704 -7.8228818997740746 6
      vertex 14.792904891073704 -7.8228818997740746 0
    endloop
  endfacet
  facet normal -0.5956993028830408 -0.8032075326742517 0
    outer loop
      vertex 14.666644647717476 -7.747204415500164 0
      vertex 14.548410072922707 -7.659515678882599 6
      vertex 14.548410072922707 -7.659515678882599 0
    endloop
  endfacet
  facet normal 0 -1 0
    outer loop
      vertex 15.5 -8 0
      vertex 18.5 -8 0
      vertex 15.5 -8 6
    endloop
  endfacet
  facet normal 0.04906769566193293 -0.9987954551570747 0
    outer loop
      vertex 18.5 -8 0
      vertex 18.64702571183443 -7.992777086794376 0
      vertex 18.5 -8 6
    endloop
  endfacet
  facet normal 0.14673045131624157 -0.989176513397145 0
    outer loop
      vertex 18.64702571183443 -7.992777086794376 0
      vertex 18.7926354855299 -7.97117792069912 0
      vertex 18.64702571183443 -7.992777086794376 6
    endloop
  endfacet
  facet normal 0.24298016001722234 -0.9700312581757379 0
    outer loop
      vertex 18.7926354855299 -7.97117792069912 0
      vertex 18.935427017509937 -7.9354105070233345 0
      vertex 18.7926354855299 -7.97117792069912 6
    endloop
  endfacet
  facet normal 0.33688986808449944 -0.9415440599260391 0
    outer loop
      vertex 18.935427017509937 -7.9354105070233345 0
      vertex 19.07402514666319 -7.885819301009178 0
      vertex 18.935427017509937 -7.9354105070233345 6
    endloop
  endfacet
  facet normal 0.4275550731976791 -0.9039893026927517 0
    outer loop
      vertex 19.07402514666319 -7.885819301009178 0
      vertex 19.207095108926296 -7.8228818997740746 0
      vertex 19.07402514666319 -7.885819301009178 6
    endloop
  endfacet
  facet normal 0.5141027780042697 -0.857728589734709 0
    outer loop
      vertex 19.207095108926296 -7.8228818997740746 0
      vertex 19.333355352282524 -7.747204415500164 0
      vertex 19.207095108926296 -7.8228818997740746 6
    endloop
  endfacet
  facet normal 0.5956993028830408 -0.8032075326742517 0
    outer loop
      vertex 19.333355352282524 -7.747204415500164 0
      vertex 19.451589927077293 -7.659515678882599 0
      vertex 19.333355352282524 -7.747204415500164 6
    endloop
  endfacet
  facet normal 0.6715589764431048 -0.7409511057814068 0
    outer loop
      vertex 19.451589927077293 -7.659515678882599 0
      vertex 19.560660168528557 -7.560660168528557 0
      vertex 19.451589927077293 -7.659515678882599 6
    endloop
  endfacet
  facet normal 0.7409511057814068 -0.6715589764431048 0
    outer loop
      vertex 19.560660168528557 -7.560660168528557 0
      vertex 19.6595156788826 -7.451589927077293 0
      vertex 19.560660168528557 -7.560660168528557 6
    endloop
  endfacet
  facet normal 0.8032075326742517 -0.5956993028830408 0
    outer loop
      vertex 19.6595156788826 -7.451589927077293 0
      vertex 19.747204415500164 -7.333355352282524 0
      vertex 19.6595156788826 -7.451589927077293 6
    endloop
  endfacet
  facet normal 0.857728589734709 -0.5141027780042697 0
    outer loop
      vertex 19.747204415500164 -7.333355352282524 0
      vertex 19.822881899774075 -7.207095108926296 0
      vertex 19.747204415500164 -7.333355352282524 6
    endloop
  endfacet
  facet normal 0.9039893026927517 -0.4275550731976791 0
    outer loop
      vertex 19.822881899774075 -7.207095108926296 0
      vertex 19.885819301009178 -7.074025146663189 0
      vertex 19.822881899774075 -7.207095108926296 6
    endloop
  endfacet
  facet normal 0.9415440599260391 -0.33688986808449944 0
    outer loop
      vertex 19.885819301009178 -7.074025146663189 0
      vertex 19.935410507023335 -6.935427017509937 0
      vertex 19.885819301009178 -7.074025146663189 6
    endloop
  endfacet
  facet normal 0.9700312581757379 -0.24298016001722234 0
    outer loop
      vertex 19.935410507023335 -6.935427017509937 0
      vertex 19.97117792069912 -6.7926354855299 0
      vertex 19.935410507023335 -6.935427017509937 6
    endloop
  endfacet
  facet normal 0.989176513397145 -0.14673045131624157 0
    outer loop
      vertex 19.97117792069912 -6.7926354855299 0
      vertex 19.992777086794376 -6.647025711834431 0
      vertex 19.97117792069912 -6.7926354855299 6
    endloop
  endfacet
  facet normal 0.9987954551570747 -0.04906769566193293 0
    outer loop
      vertex 19.992777086794376 -6.647025711834431 0
      vertex 20 -6.5 0
      vertex 19.992777086794376 -6.647025711834431 6
    endloop
  endfacet
  facet normal -0.24298019573678303 -0.9700312492284539 0
    outer loop
      vertex 1.6098193526268005 -6.961570560932159 0
      vertex 1.6098193526268005 -6.961570560932159 6
      vertex 1.4194306433200836 -6.913880668580532 6
    endloop
  endfacet
  facet normal -0.14673047607854153 -0.989176509724005 0
    outer loop
      vertex 1.8039657175540924 -6.990369454026222 0
      vertex 1.8039657175540924 -6.990369454026222 6
      vertex 1.6098193526268005 -6.961570560932159 6
    endloop
  endfacet
  facet normal -0.33688982640476 -0.941544074839288 0
    outer loop
      vertex 1.4194306433200836 -6.913880668580532 0
      vertex 1.4194306433200836 -6.913880668580532 6
      vertex 1.234633132815361 -6.8477590680122375 6
    endloop
  endfacet
  facet normal -0.42755510310083966 -0.9039892885496101 0
    outer loop
      vertex 1.234633132815361 -6.8477590680122375 0
      vertex 1.234633132815361 -6.8477590680122375 6
      vertex 1.0572065263986588 -6.7638425305485725 6
    endloop
  endfacet
  facet normal -0.5141027351876691 -0.8577286153979926 0
    outer loop
      vertex 1.0572065263986588 -6.7638425305485725 0
      vertex 1.0572065263986588 -6.7638425305485725 6
      vertex 0.8888595327734947 -6.662939228117466 6
    endloop
  endfacet
  facet normal -0.5956992989376803 -0.8032075356003306 0
    outer loop
      vertex 0.8888595327734947 -6.662939228117466 0
      vertex 0.8888595327734947 -6.662939228117466 6
      vertex 0.7312134280800819 -6.546020910143852 6
    endloop
  endfacet
  facet normal -0.671558983390028 -0.7409510994850822 0
    outer loop
      vertex 0.7312134280800819 -6.546020910143852 0
      vertex 0.7312134280800819 -6.546020910143852 6
      vertex 0.5857864394783974 -6.414213560521603 6
    endloop
  endfacet
  facet normal -0.7409510994850822 -0.671558983390028 0
    outer loop
      vertex 0.5857864394783974 -6.414213560521603 0
      vertex 0.5857864394783974 -6.414213560521603 6
      vertex 0.45397908985614777 -6.268786571919918 6
    endloop
  endfacet
  facet normal -0.8032075356003306 -0.5956992989376803 0
    outer loop
      vertex 0.45397908985614777 -6.268786571919918 0
      vertex 0.45397908985614777 -6.268786571919918 6
      vertex 0.337060771882534 -6.111140467226505 6
    endloop
  endfacet
  facet normal -0.8577286153979926 -0.5141027351876691 0
    outer loop
      vertex 0.337060771882534 -6.111140467226505 0
      vertex 0.337060771882534 -6.111140467226505 6
      vertex 0.23615746945142746 -5.942793473601341 6
    endloop
  endfacet
  facet normal -0.049067670415704694 -0.9987954563973426 0
    outer loop
      vertex 2 -7 0
      vertex 2 -7 6
      vertex 1.8039657175540924 -6.990369454026222 6
    endloop
  endfacet
  facet normal 0 -1 0
    outer loop
      vertex 7 -7 0
      vertex 7 -7 6
      vertex 2 -7 6
    endloop
  endfacet
  facet normal 0.049067670415704694 -0.9987954563973426 0
    outer loop
      vertex 7.196034282445908 -6.990369454026222 0
      vertex 7.196034282445908 -6.990369454026222 6
      vertex 7 -7 6
    endloop
  endfacet
  facet normal 0.14673047607854153 -0.989176509724005 0
    outer loop
      vertex 7.3901806473731995 -6.961570560932159 0
      vertex 7.3901806473731995 -6.961570560932159 6
      vertex 7.196034282445908 -6.990369454026222 6
    endloop
  endfacet
  facet normal 0.24298019573678303 -0.9700312492284539 0
    outer loop
      vertex 7.580569356679916 -6.913880668580532 0
      vertex 7.580569356679916 -6.913880668580532 6
      vertex 7.3901806473731995 -6.961570560932159 6
    endloop
  endfacet
  facet normal 0.33688982640476 -0.941544074839288 0
    outer loop
      vertex 7.765366867184639 -6.8477590680122375 0
      vertex 7.765366867184639 -6.8477590680122375 6
      vertex 7.580569356679916 -6.913880668580532 6
    endloop
  endfacet
  facet normal 0.42755510310083966 -0.9039892885496101 0
    outer loop
      vertex 7.942793473601341 -6.7638425305485725 0
      vertex 7.942793473601341 -6.7638425305485725 6
      vertex 7.765366867184639 -6.8477590680122375 6
    endloop
  endfacet
  facet normal 0.5141027351876691 -0.8577286153979926 0
    outer loop
      vertex 8.111140467226505 -6.662939228117466 0
      vertex 8.111140467226505 -6.662939228117466 6
      vertex 7.942793473601341 -6.7638425305485725 6
    endloop
  endfacet
  facet normal 0.5956992989376803 -0.8032075356003306 0
    outer loop
      vertex 8.268786571919918 -6.546020910143852 0
      vertex 8.268786571919918 -6.546020910143852 6
      vertex 8.111140467226505 -6.662939228117466 6
    endloop
  endfacet
  facet normal 0.671558983390028 -0.7409510994850822 0
    outer loop
      vertex 8.414213560521603 -6.414213560521603 0
      vertex 8.414213560521603 -6.414213560521603 6
      vertex 8.268786571919918 -6.546020910143852 6
    endloop
  endfacet
  facet normal 0.7409510994850822 -0.671558983390028 0
    outer loop
      vertex 8.546020910143852 -6.268786571919918 0
      vertex 8.546020910143852 -6.268786571919918 6
      vertex 8.414213560521603 -6.414213560521603 6
    endloop
  endfacet
  facet normal 0.8032075356003306 -0.5956992989376803 0
    outer loop
      vertex 8.662939228117466 -6.111140467226505 0
      vertex 8.662939228117466 -6.111140467226505 6
      vertex 8.546020910143852 -6.268786571919918 6
    endloop
  endfacet
  facet normal -0.7409511057814068 -0.6715589764431048 0
    outer loop
      vertex 14.439339831471443 -7.560660168528557 0
      vertex 14.439339831471443 -7.560660168528557 6
      vertex 14.340484321117401 -7.451589927077293 6
    endloop
  endfacet
  facet normal -0.8032075326742517 -0.5956993028830408 0
    outer loop
      vertex 14.340484321117401 -7.451589927077293 0
      vertex 14.340484321117401 -7.451589927077293 6
      vertex 14.252795584499836 -7.333355352282524 6
    endloop
  endfacet
  facet normal -0.857728589734709 -0.5141027780042697 0
    outer loop
      vertex 14.252795584499836 -7.333355352282524 0
      vertex 14.252795584499836 -7.333355352282524 6
      vertex 14.177118100225925 -7.207095108926296 6
    endloop
  endfacet
  facet normal -0.9039893026927517 -0.4275550731976791 0
    outer loop
      vertex 14.177118100225925 -7.207095108926296 0
      vertex 14.177118100225925 -7.207095108926296 6
      vertex 14.114180698990822 -7.074025146663189 6
    endloop
  endfacet
  facet normal -0.9415440599260391 -0.33688986808449944 0
    outer loop
      vertex 14.114180698990822 -7.074025146663189 0
      vertex 14.114180698990822 -7.074025146663189 6
      vertex 14.064589492976665 -6.935427017509937 6
    endloop
  endfacet
  facet normal -0.989176513397145 -0.14673045131624157 0
    outer loop
      vertex 14.02882207930088 -6.7926354855299 0
      vertex 14.02882207930088 -6.7926354855299 6
      vertex 14.007222913205624 -6.647025711834431 6
    endloop
  endfacet
  facet normal -0.9700312581757379 -0.24298016001722234 0
    outer loop
      vertex 14.064589492976665 -6.935427017509937 0
      vertex 14.064589492976665 -6.935427017509937 6
      vertex 14.02882207930088 -6.7926354855299 6
    endloop
  endfacet
  facet normal -0.9987954551570747 -0.04906769566193293 0
    outer loop
      vertex 14.007222913205624 -6.647025711834431 0
      vertex 14.007222913205624 -6.647025711834431 6
      vertex 14 -6.5 6
    endloop
  endfacet
  facet normal -0.24298016001722234 -0.9700312581757379 0
    outer loop
      vertex 15.2073645144701 -7.97117792069912 0
      vertex 15.2073645144701 -7.97117792069912 6
      vertex 15.064572982490063 -7.9354105070233345 6
    endloop
  endfacet
  facet normal -0.33688986808449944 -0.9415440599260391 0
    outer loop
      vertex 15.064572982490063 -7.9354105070233345 0
      vertex 15.064572982490063 -7.9354105070233345 6
      vertex 14.925974853336811 -7.885819301009178 6
    endloop
  endfacet
  facet normal -0.14673045131624157 -0.989176513397145 0
    outer loop
      vertex 15.35297428816557 -7.992777086794376 0
      vertex 15.35297428816557 -7.992777086794376 6
      vertex 15.2073645144701 -7.97117792069912 6
    endloop
  endfacet
  facet normal -0.04906769566193293 -0.9987954551570747 0
    outer loop
      vertex 15.5 -8 0
      vertex 15.5 -8 6
      vertex 15.35297428816557 -7.992777086794376 6
    endloop
  endfacet
  facet normal -0.5141027780042697 -0.857728589734709 0
    outer loop
      vertex 14.792904891073704 -7.8228818997740746 0
      vertex 14.792904891073704 -7.8228818997740746 6
      vertex 14.666644647717476 -7.747204415500164 6
    endloop
  endfacet
  facet normal -0.4275550731976791 -0.9039893026927517 0
    outer loop
      vertex 14.925974853336811 -7.885819301009178 0
      vertex 14.925974853336811 -7.885819301009178 6
      vertex 14.792904891073704 -7.8228818997740746 6
    endloop
  endfacet
  facet normal -0.5956993028830408 -0.8032075326742517 0
    outer loop
      vertex 14.666644647717476 -7.747204415500164 0
      vertex 14.666644647717476 -7.747204415500164 6
      vertex 14.548410072922707 -7.659515678882599 6
    endloop
  endfacet
  facet normal -0.6715589764431048 -0.7409511057814068 0
    outer loop
      vertex 14.548410072922707 -7.659515678882599 0
      vertex 14.548410072922707 -7.659515678882599 6
      vertex 14.439339831471443 -7.560660168528557 6
    endloop
  endfacet
  facet normal 0 -1 0
    outer loop
      vertex 18.5 -8 0
      vertex 18.5 -8 6
      vertex 15.5 -8 6
    endloop
  endfacet
  facet normal 0.04906769566193293 -0.9987954551570747 0
    outer loop
      vertex 18.64702571183443 -7.992777086794376 0
      vertex 18.64702571183443 -7.992777086794376 6
      vertex 18.5 -8 6
    endloop
  endfacet
  facet normal 0.14673045131624157 -0.989176513397145 0
    outer loop
      vertex 18.7926354855299 -7.97117792069912 0
      vertex 18.7926354855299 -7.97117792069912 6
      vertex 18.64702571183443 -7.992777086794376 6
    endloop
  endfacet
  facet normal 0.24298016001722234 -0.9700312581757379 0
    outer loop
      vertex 18.935427017509937 -7.9354105070233345 0
      vertex 18.935427017509937 -7.9354105070233345 6
      vertex 18.7926354855299 -7.97117792069912 6
    endloop
  endfacet
  facet normal 0.33688986808449944 -0.9415440599260391 0
    outer loop
      vertex 19.07402514666319 -7.885819301009178 0
      vertex 19.07402514666319 -7.885819301009178 6
      vertex 18.935427017509937 -7.9354105070233345 6
    endloop
  endfacet
  facet normal 0.4275550731976791 -0.9039893026927517 0
    outer loop
      vertex 19.207095108926296 -7.8228818997740746 0
      vertex 19.207095108926296 -7.8228818997740746 6
      vertex 19.07402514666319 -7.885819301009178 6
    endloop
  endfacet
  facet normal 0.5141027780042697 -0.857728589734709 0
    outer loop
      vertex 19.333355352282524 -7.747204415500164 0
      vertex 19.333355352282524 -7.747204415500164 6
      vertex 19.207095108926296 -7.8228818997740746 6
    endloop
  endfacet
  facet normal 0.5956993028830408 -0.8032075326742517 0
    outer loop
      vertex 19.451589927077293 -7.659515678882599 0
      vertex 19.451589927077293 -7.659515678882599 6
      vertex 19.333355352282524 -7.747204415500164 6
    endloop
  endfacet
  facet normal 0.6715589764431048 -0.7409511057814068 0
    outer loop
      vertex 19.560660168528557 -7.560660168528557 0
      vertex 19.560660168528557 -7.560660168528557 6
      vertex 19.451589927077293 -7.659515678882599 6
    endloop
  endfacet
  facet normal 0.7409511057814068 -0.6715589764431048 0
    outer loop
      vertex 19.6595156788826 -7.451589927077293 0
      vertex 19.6595156788826 -7.451589927077293 6
      vertex 19.560660168528557 -7.560660168528557 6
    endloop
  endfacet
  facet normal 0.8032075326742517 -0.5956993028830408 0
    outer loop
      vertex 19.747204415500164 -7.333355352282524 0
      vertex 19.747204415500164 -7.333355352282524 6
      vertex 19.6595156788826 -7.451589927077293 6
    endloop
  endfacet
  facet normal 0.857728589734709 -0.5141027780042697 0
    outer loop
      vertex 19.822881899774075 -7.207095108926296 0
      vertex 19.822881899774075 -7.207095108926296 6
      vertex 19.747204415500164 -7.333355352282524 6
    endloop
  endfacet
  facet normal 0.9039893026927517 -0.4275550731976791 0
    outer loop
      vertex 19.885819301009178 -7.074025146663189 0
      vertex 19.885819301009178 -7.074025146663189 6
      vertex 19.822881899774075 -7.207095108926296 6
    endloop
  endfacet
  facet normal 0.9415440599260391 -0.33688986808449944 0
    outer loop
      vertex 19.935410507023335 -6.935427017509937 0
      vertex 19.935410507023335 -6.935427017509937 6
      vertex 19.885819301009178 -7.074025146663189 6
    endloop
  endfacet
  facet normal 0.9700312581757379 -0.24298016001722234 0
    outer loop
      vertex 19.97117792069912 -6.7926354855299 0
      vertex 19.97117792069912 -6.7926354855299 6
      vertex 19.935410507023335 -6.935427017509937 6
    endloop
  endfacet
  facet normal 0.989176513397145 -0.14673045131624157 0
    outer loop
      vertex 19.992777086794376 -6.647025711834431 0
      vertex 19.992777086794376 -6.647025711834431 6
      vertex 19.97117792069912 -6.7926354855299 6
    endloop
  endfacet
  facet normal 0.9987954551570747 -0.04906769566193293 0
    outer loop
      vertex 20 -6.5 0
      vertex 20 -6.5 6
      vertex 19.992777086794376 -6.647025711834431 6
    endloop
  endfacet
  facet normal 0 0 1
    outer loop
      vertex 15.2073645144701 -7.97117792069912 6
      vertex 15.35297428816557 -7.992777086794376 6
      vertex 15.5 -3 6
    endloop
  endfacet
  facet normal 0 0 1
    outer loop
      vertex 14.666644647717476 -7.747204415500164 6
      vertex 15.5 -3 6
      vertex 14.548410072922707 -7.659515678882599 6
    endloop
  endfacet
  facet normal 0 0 1
    outer loop
      vertex 14.439339831471443 -7.560660168528557 6
      vertex 14.548410072922707 -7.659515678882599 6
      vertex 15.5 -3 6
    endloop
  endfacet
  facet normal 0 0 1
    outer loop
      vertex 14.439339831471443 -7.560660168528557 6
      vertex 15.5 -3 6
      vertex 14.340484321117401 -7.451589927077293 6
    endloop
  endfacet
  facet normal 0 0 1
    outer loop
      vertex 14.925974853336811 -7.885819301009178 6
      vertex 15.064572982490063 -7.9354105070233345 6
      vertex 15.5 -3 6
    endloop
  endfacet
  facet normal 0 0 1
    outer loop
      vertex 14.925974853336811 -7.885819301009178 6
      vertex 15.5 -3 6
      vertex 14.792904891073704 -7.8228818997740746 6
    endloop
  endfacet
  facet normal 0 0 1
    outer loop
      vertex 14.792904891073704 -7.8228818997740746 6
      vertex 15.5 -3 6
      vertex 14.666644647717476 -7.747204415500164 6
    endloop
  endfacet
  facet normal 0 0 1
    outer loop
      vertex 15.064572982490063 -7.9354105070233345 6
      vertex 15.2073645144701 -7.97117792069912 6
      vertex 15.5 -3 6
    endloop
  endfacet
  facet normal 0 0 1
    outer loop
      vertex 15.35297428816557 -7.992777086794376 6
      vertex 15.5 -8 6
      vertex 15.5 -3 6
    endloop
  endfacet
  facet normal 0 0 1
    outer loop
      vertex 15.5 -8 6
      vertex 18.5 -8 6
      vertex 15.5 -3 6
    endloop
  endfacet
  facet normal 0 0 1
    outer loop
      vertex 18.5 -8 6
      vertex 18.64702571183443 -7.992777086794376 6
      vertex 15.5 -3 6
    endloop
  endfacet
  facet normal 0 0 1
    outer loop
      vertex 18.64702571183443 -7.992777086794376 6
      vertex 18.7926354855299 -7.97117792069912 6
      vertex 15.5 -3 6
    endloop
  endfacet
  facet normal 0 0 1
    outer loop
      vertex 18.7926354855299 -7.97117792069912 6
      vertex 18.935427017509937 -7.9354105070233345 6
      vertex 15.5 -3 6
    endloop
  endfacet
  facet normal 0 0 1
    outer loop
      vertex 18.935427017509937 -7.9354105070233345 6
      vertex 19.07402514666319 -7.885819301009178 6
      vertex 15.5 -3 6
    endloop
  endfacet
  facet normal 0 0 1
    outer loop
      vertex 19.07402514666319 -7.885819301009178 6
      vertex 19.207095108926296 -7.8228818997740746 6
      vertex 15.5 -3 6
    endloop
  endfacet
  facet normal 0 0 1
    outer loop
      vertex 19.207095108926296 -7.8228818997740746 6
      vertex 19.333355352282524 -7.747204415500164 6
      vertex 15.5 -3 6
    endloop
  endfacet
  facet normal 0 0 1
    outer loop
      vertex 19.333355352282524 -7.747204415500164 6
      vertex 19.451589927077293 -7.659515678882599 6
      vertex 15.5 -3 6
    endloop
  endfacet
  facet normal 0 0 1
    outer loop
      vertex 19.451589927077293 -7.659515678882599 6
      vertex 19.560660168528557 -7.560660168528557 6
      vertex 15.5 -3 6
    endloop
  endfacet
  facet normal 0 0 1
    outer loop
      vertex 19.560660168528557 -7.560660168528557 6
      vertex 19.6595156788826 -7.451589927077293 6
      vertex 15.5 -3 6
    endloop
  endfacet
  facet normal 0 0 -1
    outer loop
      vertex 1.8039657175540924 -6.990369454026222 0
      vertex 8.355137377977371 3.4677570834755898 0
      vertex 2 -7 0
    endloop
  endfacet
  facet normal 0 0 -1
    outer loop
      vertex 2 -7 0
      vertex 8.355137377977371 3.4677570834755898 0
      vertex 7 -7 0
    endloop
  endfacet
  facet normal 0 0 -1
    outer loop
      vertex 1.234633132815361 -6.8477590680122375 0
      vertex 1.0572065263986588 -6.7638425305485725 0
      vertex 8.355137377977371 3.4677570834755898 0
    endloop
  endfacet
  facet normal 0 0 -1
    outer loop
      vertex 0.8888595327734947 -6.662939228117466 0
      vertex 0.7312134280800819 -6.546020910143852 0
      vertex 8.355137377977371 3.4677570834755898 0
    endloop
  endfacet
  facet normal 0 0 -1
    outer loop
      vertex 0.8888595327734947 -6.662939228117466 0
      vertex 8.355137377977371 3.4677570834755898 0
      vertex 1.0572065263986588 -6.7638425305485725 0
    endloop
  endfacet
  facet normal 0 0 -1
    outer loop
      vertex 0.5857864394783974 -6.414213560521603 0
      vertex 0.45397908985614777 -6.268786571919918 0
      vertex 8.355137377977371 3.4677570834755898 0
    endloop
  endfacet
  facet normal 0 0 -1
    outer loop
      vertex 0.45397908985614777 -6.268786571919918 0
      vertex 0.337060771882534 -6.111140467226505 0
      vertex 8.355137377977371 3.4677570834755898 0
    endloop
  endfacet
  facet normal 0 0 -1
    outer loop
      vertex 0.7312134280800819 -6.546020910143852 0
      vertex 0.5857864394783974 -6.414213560521603 0
      vertex 8.355137377977371 3.4677570834755898 0
    endloop
  endfacet
  facet normal 0 0 -1
    outer loop
      vertex 0.23615746945142746 -5.942793473601341 0
      vertex 0.15224093198776245 -5.765366867184639 0
      vertex 8.355137377977371 3.4677570834755898 0
    endloop
  endfacet
  facet normal 0 0 -1
    outer loop
      vertex 0.337060771882534 -6.111140467226505 0
      vertex 0.23615746945142746 -5.942793473601341 0
      vertex 8.355137377977371 3.4677570834755898 0
    endloop
  endfacet
  facet normal 0 0 -1
    outer loop
      vertex 0.15224093198776245 -5.765366867184639 0
      vertex 0.08611933141946793 -5.580569356679916 0
      vertex 8.355137377977371 3.4677570834755898 0
    endloop
  endfacet
  facet normal 0 0 -1
    outer loop
      vertex 0.08611933141946793 -5.580569356679916 0
      vertex 0.038429439067840576 -5.3901806473731995 0
      vertex 8.355137377977371 3.4677570834755898 0
    endloop
  endfacet
  facet normal 0 0 -1
    outer loop
      vertex 0.038429439067840576 -5.3901806473731995 0
      vertex 0.009630545973777771 -5.196034282445908 0
      vertex 8.355137377977371 3.4677570834755898 0
    endloop
  endfacet
  facet normal 0 0 -1
    outer loop
      vertex 0.009630545973777771 -5.196034282445908 0
      vertex 0 -5 0
      vertex 8.355137377977371 3.4677570834755898 0
    endloop
  endfacet
  facet normal 0 0 -1
    outer loop
      vertex 1.4194306433200836 -6.913880668580532 0
      vertex 1.234633132815361 -6.8477590680122375 0
      vertex 8.355137377977371 3.4677570834755898 0
    endloop
  endfacet
  facet normal 0 0 -1
    outer loop
      vertex 1.4194306433200836 -6.913880668580532 0
      vertex 8.355137377977371 3.4677570834755898 0
      vertex 1.6098193526268005 -6.961570560932159 0
    endloop
  endfacet
  facet normal 0 0 -1
    outer loop
      vertex 1.8039657175540924 -6.990369454026222 0
      vertex 1.6098193526268005 -6.961570560932159 0
      vertex 8.355137377977371 3.4677570834755898 0
    endloop
  endfacet
  facet normal 0 0 -1
    outer loop
      vertex 8.847759068012238 -5.765366867184639 0
      vertex 9 -2.912305921316147 0
      vertex 8.913880668580532 -5.580569356679916 0
    endloop
  endfacet
  facet normal 0 0 -1
    outer loop
      vertex 8.913880668580532 -5.580569356679916 0
      vertex 9 -2.912305921316147 0
      vertex 8.96157056093216 -5.3901806473731995 0
    endloop
  endfacet
  facet normal 0 0 -1
    outer loop
      vertex 8.96157056093216 -5.3901806473731995 0
      vertex 9 -2.912305921316147 0
      vertex 8.990369454026222 -5.196034282445908 0
    endloop
  endfacet
  facet normal 0 0 -1
    outer loop
      vertex 8.990369454026222 -5.196034282445908 0
      vertex 9 -2.912305921316147 0
      vertex 9 -5 0
    endloop
  endfacet
  facet normal 0 0 -1
    outer loop
      vertex 7 -7 0
      vertex 9.35297428816557 3.9927770867943764 0
      vertex 7.196034282445908 -6.990369454026222 0
    endloop
  endfacet
  facet normal 0 0 -1
    outer loop
      vertex 7.196034282445908 -6.990369454026222 0
      vertex 9.35297428816557 3.9927770867943764 0
      vertex 7.3901806473731995 -6.961570560932159 0
    endloop
  endfacet
  facet normal 0 0 -1
    outer loop
      vertex 7.3901806473731995 -6.961570560932159 0
      vertex 9.35297428816557 3.9927770867943764 0
      vertex 7.580569356679916 -6.913880668580532 0
    endloop
  endfacet
  facet normal 0 0 -1
    outer loop
      vertex 7.580569356679916 -6.913880668580532 0
      vertex 9.35297428816557 3.9927770867943764 0
      vertex 7.765366867184639 -6.8477590680122375 0
    endloop
  endfacet
  facet normal 0 0 -1
    outer loop
      vertex 7.765366867184639 -6.8477590680122375 0
      vertex 9.35297428816557 3.9927770867943764 0
      vertex 7.942793473601341 -6.7638425305485725 0
    endloop
  endfacet
  facet normal 0 0 -1
    outer loop
      vertex 7.942793473601341 -6.7638425305485725 0
      vertex 9.35297428816557 3.9927770867943764 0
      vertex 8.111140467226505 -6.662939228117466 0
    endloop
  endfacet
  facet normal 0 0 -1
    outer loop
      vertex 8.111140467226505 -6.662939228117466 0
      vertex 9.35297428816557 3.9927770867943764 0
      vertex 8.268786571919918 -6.546020910143852 0
    endloop
  endfacet
  facet normal 0 0 -1
    outer loop
      vertex 8.268786571919918 -6.546020910143852 0
      vertex 9.35297428816557 3.9927770867943764 0
      vertex 8.414213560521603 -6.414213560521603 0
    endloop
  endfacet
  facet normal 0 0 -1
    outer loop
      vertex 8.414213560521603 -6.414213560521603 0
      vertex 9.35297428816557 3.9927770867943764 0
      vertex 8.546020910143852 -6.268786571919918 0
    endloop
  endfacet
  facet normal 0 0 -1
    outer loop
      vertex 8.546020910143852 -6.268786571919918 0
      vertex 9.35297428816557 3.9927770867943764 0
      vertex 8.662939228117466 -6.111140467226505 0
    endloop
  endfacet
  facet normal 0 0 -1
    outer loop
      vertex 8.662939228117466 -6.111140467226505 0
      vertex 9.35297428816557 3.9927770867943764 0
      vertex 8.763842530548573 -5.942793473601341 0
    endloop
  endfacet
  facet normal 0 0 -1
    outer loop
      vertex 8.763842530548573 -5.942793473601341 0
      vertex 9.35297428816557 3.9927770867943764 0
      vertex 8.847759068012238 -5.765366867184639 0
    endloop
  endfacet
  facet normal 0 0 -1
    outer loop
      vertex 9 -2.912305921316147 0
      vertex 9.35297428816557 -2.9927770867943764 0
      vertex 9.2073645144701 -2.9711779206991196 0
    endloop
  endfacet
  facet normal 0 0 -1
    outer loop
      vertex 9 -2.912305921316147 0
      vertex 9.5 -3 0
      vertex 9.35297428816557 -2.9927770867943764 0
    endloop
  endfacet
  facet normal 0 0 -1
    outer loop
      vertex 9 -2.912305921316147 0
      vertex 9.2073645144701 -2.9711779206991196 0
      vertex 9.064572982490063 -2.9354105070233345 0
    endloop
  endfacet
  facet normal 0 0 -1
    outer loop
      vertex 8.847759068012238 -5.765366867184639 0
      vertex 9.35297428816557 3.9927770867943764 0
      vertex 9 -2.912305921316147 0
    endloop
  endfacet
  facet normal 0 0 -1
    outer loop
      vertex 9 -2.912305921316147 0
      vertex 15.5 -3 0
      vertex 9.5 -3 0
    endloop
  endfacet
  facet normal -0.8577286153979926 -0.5141027351876691 0
    outer loop
      vertex 0.337060771882534 -6.111140467226505 0
      vertex 0.23615746945142746 -5.942793473601341 6
      vertex 0.23615746945142746 -5.942793473601341 0
    endloop
  endfacet
  facet normal -0.9039892885496101 -0.42755510310083966 0
    outer loop
      vertex 0.23615746945142746 -5.942793473601341 0
      vertex 0.15224093198776245 -5.765366867184639 6
      vertex 0.15224093198776245 -5.765366867184639 0
    endloop
  endfacet
  facet normal -0.941544074839288 -0.33688982640476 0
    outer loop
      vertex 0.15224093198776245 -5.765366867184639 0
      vertex 0.08611933141946793 -5.580569356679916 6
      vertex 0.08611933141946793 -5.580569356679916 0
    endloop
  endfacet
  facet normal -0.9700312492284539 -0.24298019573678303 0
    outer loop
      vertex 0.08611933141946793 -5.580569356679916 0
      vertex 0.038429439067840576 -5.3901806473731995 6
      vertex 0.038429439067840576 -5.3901806473731995 0
    endloop
  endfacet
  facet normal -0.989176509724005 -0.14673047607854153 0
    outer loop
      vertex 0.038429439067840576 -5.3901806473731995 0
      vertex 0.009630545973777771 -5.196034282445908 6
      vertex 0.009630545973777771 -5.196034282445908 0
    endloop
  endfacet
  facet normal -0.9987954563973426 -0.049067670415704694 0
    outer loop
      vertex 0.009630545973777771 -5.196034282445908 0
      vertex 0 -5 6
      vertex 0 -5 0
    endloop
  endfacet
  facet normal 0.9039892885496101 -0.42755510310083966 0
    outer loop
      vertex 8.763842530548573 -5.942793473601341 0
      vertex 8.847759068012238 -5.765366867184639 0
      vertex 8.763842530548573 -5.942793473601341 6
    endloop
  endfacet
  facet normal 0.941544074839288 -0.33688982640476 0
    outer loop
      vertex 8.847759068012238 -5.765366867184639 0
      vertex 8.913880668580532 -5.580569356679916 0
      vertex 8.847759068012238 -5.765366867184639 6
    endloop
  endfacet
  facet normal 0.9700312492284539 -0.24298019573678303 0
    outer loop
      vertex 8.913880668580532 -5.580569356679916 0
      vertex 8.96157056093216 -5.3901806473731995 0
      vertex 8.913880668580532 -5.580569356679916 6
    endloop
  endfacet
  facet normal 0.989176509724005 -0.14673047607854153 0
    outer loop
      vertex 8.96157056093216 -5.3901806473731995 0
      vertex 8.990369454026222 -5.196034282445908 0
      vertex 8.96157056093216 -5.3901806473731995 6
    endloop
  endfacet
  facet normal 0.9987954563973426 -0.049067670415704694 0
    outer loop
      vertex 8.990369454026222 -5.196034282445908 0
      vertex 9 -5 0
      vertex 8.990369454026222 -5.196034282445908 6
    endloop
  endfacet
  facet normal 1 0 0
    outer loop
      vertex 9 -5 0
      vertex 9 -2.912305921316147 0
      vertex 9 -5 6
    endloop
  endfacet
  facet normal -1 0 0
    outer loop
      vertex 14 -6.5 0
      vertex 14 -4.5 6
      vertex 14 -4.5 0
    endloop
  endfacet
  facet normal -0.9987954551570747 0.04906769566193293 0
    outer loop
      vertex 14 -4.5 0
      vertex 14.007222913205624 -4.352974288165569 6
      vertex 14.007222913205624 -4.352974288165569 0
    endloop
  endfacet
  facet normal -0.989176513397145 0.14673045131624157 0
    outer loop
      vertex 14.007222913205624 -4.352974288165569 0
      vertex 14.02882207930088 -4.2073645144701 6
      vertex 14.02882207930088 -4.2073645144701 0
    endloop
  endfacet
  facet normal -0.9700312581757379 0.24298016001722234 0
    outer loop
      vertex 14.02882207930088 -4.2073645144701 0
      vertex 14.064589492976665 -4.064572982490063 6
      vertex 14.064589492976665 -4.064572982490063 0
    endloop
  endfacet
  facet normal -0.9415440599260391 0.33688986808449944 0
    outer loop
      vertex 14.064589492976665 -4.064572982490063 0
      vertex 14.114180698990822 -3.925974853336811 6
      vertex 14.114180698990822 -3.925974853336811 0
    endloop
  endfacet
  facet normal -0.9039893026927517 0.4275550731976791 0
    outer loop
      vertex 14.114180698990822 -3.925974853336811 0
      vertex 14.177118100225925 -3.7929048910737038 6
      vertex 14.177118100225925 -3.7929048910737038 0
    endloop
  endfacet
  facet normal -0.857728589734709 0.5141027780042697 0
    outer loop
      vertex 14.177118100225925 -3.7929048910737038 0
      vertex 14.252795584499836 -3.666644647717476 6
      vertex 14.252795584499836 -3.666644647717476 0
    endloop
  endfacet
  facet normal -0.8032075326742517 0.5956993028830408 0
    outer loop
      vertex 14.252795584499836 -3.666644647717476 0
      vertex 14.340484321117401 -3.5484100729227066 6
      vertex 14.340484321117401 -3.5484100729227066 0
    endloop
  endfacet
  facet normal -0.3368898938499624 -0.9415440507070081 0
    outer loop
      vertex 9 -2.912305921316147 0
      vertex 9.064572982490063 -2.9354105070233345 0
      vertex 9 -2.912305921316147 6
    endloop
  endfacet
  facet normal -0.14673045131624157 -0.989176513397145 0
    outer loop
      vertex 9.2073645144701 -2.9711779206991196 0
      vertex 9.35297428816557 -2.9927770867943764 0
      vertex 9.2073645144701 -2.9711779206991196 6
    endloop
  endfacet
  facet normal -0.24298016001722234 -0.9700312581757379 0
    outer loop
      vertex 9.2073645144701 -2.9711779206991196 0
      vertex 9.064572982490063 -2.9354105070233345 6
      vertex 9.064572982490063 -2.9354105070233345 0
    endloop
  endfacet
  facet normal -0.04906769566193293 -0.9987954551570747 0
    outer loop
      vertex 9.35297428816557 -2.9927770867943764 0
      vertex 9.5 -3 0
      vertex 9.35297428816557 -2.9927770867943764 6
    endloop
  endfacet
  facet normal 0 -1 0
    outer loop
      vertex 9.5 -3 0
      vertex 15.5 -3 0
      vertex 9.5 -3 6
    endloop
  endfacet
  facet normal -0.7409511057814068 0.6715589764431048 0
    outer loop
      vertex 14.340484321117401 -3.5484100729227066 0
      vertex 14.439339831471443 -3.439339831471443 6
      vertex 14.439339831471443 -3.439339831471443 0
    endloop
  endfacet
  facet normal 0 0 -1
    outer loop
      vertex 0 -5 0
      vertex 0 2 0
      vertex 8.355137377977371 3.4677570834755898 0
    endloop
  endfacet
  facet normal 0 0 -1
    outer loop
      vertex 0 2 0
      vertex 0.009630545973777771 2.1960342824459076 0
      vertex 8.355137377977371 3.4677570834755898 0
    endloop
  endfacet
  facet normal 0 0 -1
    outer loop
      vertex 0.009630545973777771 2.1960342824459076 0
      vertex 0.038429439067840576 2.3901806473731995 0
      vertex 8.355137377977371 3.4677570834755898 0
    endloop
  endfacet
  facet normal 0 0 -1
    outer loop
      vertex 0.038429439067840576 2.3901806473731995 0
      vertex 0.08611933141946793 2.5805693566799164 0
      vertex 8.355137377977371 3.4677570834755898 0
    endloop
  endfacet
  facet normal 0 0 -1
    outer loop
      vertex 0.08611933141946793 2.5805693566799164 0
      vertex 0.15224093198776245 2.765366867184639 0
      vertex 8.355137377977371 3.4677570834755898 0
    endloop
  endfacet
  facet normal 0 0 -1
    outer loop
      vertex 0.15224093198776245 2.765366867184639 0
      vertex 0.23615746945142746 2.9427934736013412 0
      vertex 8.355137377977371 3.4677570834755898 0
    endloop
  endfacet
  facet normal 0 0 -1
    outer loop
      vertex 0.23615746945142746 2.9427934736013412 0
      vertex 0.337060771882534 3.1111404672265053 0
      vertex 8.355137377977371 3.4677570834755898 0
    endloop
  endfacet
  facet normal 0 0 -1
    outer loop
      vertex 0.337060771882534 3.1111404672265053 0
      vertex 0.45397908985614777 3.268786571919918 0
      vertex 8.355137377977371 3.4677570834755898 0
    endloop
  endfacet
  facet normal 0 0 -1
    outer loop
      vertex 0.45397908985614777 3.268786571919918 0
      vertex 0.5857864394783974 3.4142135605216026 0
      vertex 8.355137377977371 3.4677570834755898 0
    endloop
  endfacet
  facet normal 0 0 -1
    outer loop
      vertex 0.5857864394783974 3.4142135605216026 0
      vertex 0.7312134280800819 3.5460209101438522 0
      vertex 8.355137377977371 3.4677570834755898 0
    endloop
  endfacet
  facet normal 0 0 -1
    outer loop
      vertex 0.7312134280800819 3.5460209101438522 0
      vertex 0.8888595327734947 3.662939228117466 0
      vertex 8.355137377977371 3.4677570834755898 0
    endloop
  endfacet
  facet normal 0 0 -1
    outer loop
      vertex 0.8888595327734947 3.662939228117466 0
      vertex 1.0572065263986588 3.7638425305485725 0
      vertex 8.355137377977371 3.4677570834755898 0
    endloop
  endfacet
  facet normal 0 0 -1
    outer loop
      vertex 1.0572065263986588 3.7638425305485725 0
      vertex 1.234633132815361 3.8477590680122375 0
      vertex 8.355137377977371 3.4677570834755898 0
    endloop
  endfacet
  facet normal 0 0 -1
    outer loop
      vertex 1.234633132815361 3.8477590680122375 0
      vertex 1.4194306433200836 3.913880668580532 0
      vertex 8.355137377977371 3.4677570834755898 0
    endloop
  endfacet
  facet normal 0 0 -1
    outer loop
      vertex 1.4194306433200836 3.913880668580532 0
      vertex 1.6098193526268005 3.9615705609321594 0
      vertex 8.355137377977371 3.4677570834755898 0
    endloop
  endfacet
  facet normal 0 0 -1
    outer loop
      vertex 1.6098193526268005 3.9615705609321594 0
      vertex 1.8039657175540924 3.9903694540262222 0
      vertex 8.355137377977371 3.4677570834755898 0
    endloop
  endfacet
  facet normal 0 0 -1
    outer loop
      vertex 1.8039657175540924 3.9903694540262222 0
      vertex 2 4 0
      vertex 8.355137377977371 3.4677570834755898 0
    endloop
  endfacet
  facet normal 0 0 -1
    outer loop
      vertex 2 4 0
      vertex 7 4 0
      vertex 8.355137377977371 3.4677570834755898 0
    endloop
  endfacet
  facet normal 0 0 -1
    outer loop
      vertex 7 -7 0
      vertex 8.355137377977371 3.4677570834755898 0
      vertex 8.439339831471443 3.560660168528557 0
    endloop
  endfacet
  facet normal 0 0 -1
    outer loop
      vertex 7 -7 0
      vertex 8.439339831471443 3.560660168528557 0
      vertex 8.548410072922707 3.659515678882599 0
    endloop
  endfacet
  facet normal 0 0 -1
    outer loop
      vertex 7 -7 0
      vertex 8.548410072922707 3.659515678882599 0
      vertex 8.666644647717476 3.747204415500164 0
    endloop
  endfacet
  facet normal 0 0 -1
    outer loop
      vertex 7 -7 0
      vertex 8.666644647717476 3.747204415500164 0
      vertex 8.792904891073704 3.8228818997740746 0
    endloop
  endfacet
  facet normal 0 0 -1
    outer loop
      vertex 7 -7 0
      vertex 8.792904891073704 3.8228818997740746 0
      vertex 8.925974853336811 3.885819301009178 0
    endloop
  endfacet
  facet normal 0 0 -1
    outer loop
      vertex 7 -7 0
      vertex 8.925974853336811 3.885819301009178 0
      vertex 9.064572982490063 3.9354105070233345 0
    endloop
  endfacet
  facet normal 0 0 -1
    outer loop
      vertex 7 -7 0
      vertex 9.064572982490063 3.9354105070233345 0
      vertex 9.2073645144701 3.9711779206991196 0
    endloop
  endfacet
  facet normal 0 0 -1
    outer loop
      vertex 7 -7 0
      vertex 9.2073645144701 3.9711779206991196 0
      vertex 9.35297428816557 3.9927770867943764 0
    endloop
  endfacet
  facet normal 0 0 -1
    outer loop
      vertex 9 -2.912305921316147 0
      vertex 9.35297428816557 3.9927770867943764 0
      vertex 15.5 -3 0
    endloop
  endfacet
  facet normal 0 0 -1
    outer loop
      vertex 15.5 -3 0
      vertex 9.35297428816557 3.9927770867943764 0
      vertex 18.5 -3 0
    endloop
  endfacet
  facet normal 0 0 -1
    outer loop
      vertex 8.355137377977371 3.4677570834755898 0
      vertex 7.942793473601341 3.7638425305485725 0
      vertex 8.111140467226505 3.662939228117466 0
    endloop
  endfacet
  facet normal 0 0 -1
    outer loop
      vertex 7 4 0
      vertex 7.196034282445908 3.9903694540262222 0
      vertex 8.355137377977371 3.4677570834755898 0
    endloop
  endfacet
  facet normal 0 0 -1
    outer loop
      vertex 7.196034282445908 3.9903694540262222 0
      vertex 7.3901806473731995 3.9615705609321594 0
      vertex 8.355137377977371 3.4677570834755898 0
    endloop
  endfacet
  facet normal 0 0 -1
    outer loop
      vertex 8.355137377977371 3.4677570834755898 0
      vertex 7.580569356679916 3.913880668580532 0
      vertex 7.765366867184639 3.8477590680122375 0
    endloop
  endfacet
  facet normal 0 0 -1
    outer loop
      vertex 8.355137377977371 3.4677570834755898 0
      vertex 7.3901806473731995 3.9615705609321594 0
      vertex 7.580569356679916 3.913880668580532 0
    endloop
  endfacet
  facet normal 0 0 -1
    outer loop
      vertex 8.355137377977371 3.4677570834755898 0
      vertex 7.765366867184639 3.8477590680122375 0
      vertex 7.942793473601341 3.7638425305485725 0
    endloop
  endfacet
  facet normal 0 0 -1
    outer loop
      vertex 8.355137377977371 3.4677570834755898 0
      vertex 8.111140467226505 3.662939228117466 0
      vertex 8.268786571919918 3.5460209101438522 0
    endloop
  endfacet
  facet normal 0 0 -1
    outer loop
      vertex 18.5 -3 0
      vertex 9.35297428816557 3.9927770867943764 0
      vertex 9.5 4 0
    endloop
  endfacet
  facet normal -1 0 0
    outer loop
      vertex 0 -5 0
      vertex 0 2 6
      vertex 0 2 0
    endloop
  endfacet
  facet normal -0.9987954563973426 0.049067670415704694 0
    outer loop
      vertex 0 2 0
      vertex 0.009630545973777771 2.1960342824459076 6
      vertex 0.009630545973777771 2.1960342824459076 0
    endloop
  endfacet
  facet normal -0.989176509724005 0.14673047607854153 0
    outer loop
      vertex 0.009630545973777771 2.1960342824459076 0
      vertex 0.038429439067840576 2.3901806473731995 6
      vertex 0.038429439067840576 2.3901806473731995 0
    endloop
  endfacet
  facet normal -0.9700312492284539 0.24298019573678303 0
    outer loop
      vertex 0.038429439067840576 2.3901806473731995 0
      vertex 0.08611933141946793 2.5805693566799164 6
      vertex 0.08611933141946793 2.5805693566799164 0
    endloop
  endfacet
  facet normal -0.941544074839288 0.33688982640476 0
    outer loop
      vertex 0.08611933141946793 2.5805693566799164 0
      vertex 0.15224093198776245 2.765366867184639 6
      vertex 0.15224093198776245 2.765366867184639 0
    endloop
  endfacet
  facet normal -0.9039892885496101 0.42755510310083966 0
    outer loop
      vertex 0.15224093198776245 2.765366867184639 0
      vertex 0.23615746945142746 2.9427934736013412 6
      vertex 0.23615746945142746 2.9427934736013412 0
    endloop
  endfacet
  facet normal -0.8577286153979926 0.5141027351876691 0
    outer loop
      vertex 0.23615746945142746 2.9427934736013412 0
      vertex 0.337060771882534 3.1111404672265053 6
      vertex 0.337060771882534 3.1111404672265053 0
    endloop
  endfacet
  facet normal -0.8032075356003306 0.5956992989376803 0
    outer loop
      vertex 0.337060771882534 3.1111404672265053 0
      vertex 0.45397908985614777 3.268786571919918 6
      vertex 0.45397908985614777 3.268786571919918 0
    endloop
  endfacet
  facet normal -0.7409510994850822 0.671558983390028 0
    outer loop
      vertex 0.45397908985614777 3.268786571919918 0
      vertex 0.5857864394783974 3.4142135605216026 6
      vertex 0.5857864394783974 3.4142135605216026 0
    endloop
  endfacet
  facet normal -0.671558983390028 0.7409510994850822 0
    outer loop
      vertex 0.5857864394783974 3.4142135605216026 0
      vertex 0.7312134280800819 3.5460209101438522 6
      vertex 0.7312134280800819 3.5460209101438522 0
    endloop
  endfacet
  facet normal -0.5956992989376803 0.8032075356003306 0
    outer loop
      vertex 0.7312134280800819 3.5460209101438522 0
      vertex 0.8888595327734947 3.662939228117466 6
      vertex 0.8888595327734947 3.662939228117466 0
    endloop
  endfacet
  facet normal -0.5141027351876691 0.8577286153979926 0
    outer loop
      vertex 0.8888595327734947 3.662939228117466 0
      vertex 1.0572065263986588 3.7638425305485725 6
      vertex 1.0572065263986588 3.7638425305485725 0
    endloop
  endfacet
  facet normal -0.42755510310083966 0.9039892885496101 0
    outer loop
      vertex 1.0572065263986588 3.7638425305485725 0
      vertex 1.234633132815361 3.8477590680122375 6
      vertex 1.234633132815361 3.8477590680122375 0
    endloop
  endfacet
  facet normal -0.33688982640476 0.941544074839288 0
    outer loop
      vertex 1.234633132815361 3.8477590680122375 0
      vertex 1.4194306433200836 3.913880668580532 6
      vertex 1.4194306433200836 3.913880668580532 0
    endloop
  endfacet
  facet normal -0.24298019573678303 0.9700312492284539 0
    outer loop
      vertex 1.4194306433200836 3.913880668580532 0
      vertex 1.6098193526268005 3.9615705609321594 6
      vertex 1.6098193526268005 3.9615705609321594 0
    endloop
  endfacet
  facet normal -0.14673047607854153 0.989176509724005 0
    outer loop
      vertex 1.6098193526268005 3.9615705609321594 0
      vertex 1.8039657175540924 3.9903694540262222 6
      vertex 1.8039657175540924 3.9903694540262222 0
    endloop
  endfacet
  facet normal -0.049067670415704694 0.9987954563973426 0
    outer loop
      vertex 1.8039657175540924 3.9903694540262222 0
      vertex 2 4 6
      vertex 2 4 0
    endloop
  endfacet
  facet normal 0 1 0
    outer loop
      vertex 2 4 0
      vertex 7 4 6
      vertex 7 4 0
    endloop
  endfacet
  facet normal 0.049067670415704694 0.9987954563973426 0
    outer loop
      vertex 7 4 0
      vertex 7.196034282445908 3.9903694540262222 6
      vertex 7.196034282445908 3.9903694540262222 0
    endloop
  endfacet
  facet normal 0.14673047607854153 0.989176509724005 0
    outer loop
      vertex 7.196034282445908 3.9903694540262222 0
      vertex 7.3901806473731995 3.9615705609321594 6
      vertex 7.3901806473731995 3.9615705609321594 0
    endloop
  endfacet
  facet normal 0.24298019573678303 0.9700312492284539 0
    outer loop
      vertex 7.3901806473731995 3.9615705609321594 0
      vertex 7.580569356679916 3.913880668580532 6
      vertex 7.580569356679916 3.913880668580532 0
    endloop
  endfacet
  facet normal 0.42755510310083966 0.9039892885496101 0
    outer loop
      vertex 7.942793473601341 3.7638425305485725 0
      vertex 7.765366867184639 3.8477590680122375 0
      vertex 7.942793473601341 3.7638425305485725 6
    endloop
  endfacet
  facet normal 0.5141027351876691 0.8577286153979926 0
    outer loop
      vertex 8.111140467226505 3.662939228117466 0
      vertex 7.942793473601341 3.7638425305485725 0
      vertex 8.111140467226505 3.662939228117466 6
    endloop
  endfacet
  facet normal 0.33688982640476 0.941544074839288 0
    outer loop
      vertex 7.580569356679916 3.913880668580532 0
      vertex 7.765366867184639 3.8477590680122375 6
      vertex 7.765366867184639 3.8477590680122375 0
    endloop
  endfacet
  facet normal 0.6715590399046698 0.7409510482631887 0
    outer loop
      vertex 8.355137377977371 3.4677570834755898 0
      vertex 8.268786571919918 3.5460209101438522 0
      vertex 8.355137377977371 3.4677570834755898 6
    endloop
  endfacet
  facet normal -0.7409511040708876 0.6715589783303716 0
    outer loop
      vertex 8.355137377977371 3.4677570834755898 0
      vertex 8.439339831471443 3.560660168528557 6
      vertex 8.439339831471443 3.560660168528557 0
    endloop
  endfacet
  facet normal 0.5956992989376803 0.8032075356003306 0
    outer loop
      vertex 8.268786571919918 3.5460209101438522 0
      vertex 8.111140467226505 3.662939228117466 0
      vertex 8.268786571919918 3.5460209101438522 6
    endloop
  endfacet
  facet normal -0.6715589764431048 0.7409511057814068 0
    outer loop
      vertex 8.439339831471443 3.560660168528557 0
      vertex 8.548410072922707 3.659515678882599 6
      vertex 8.548410072922707 3.659515678882599 0
    endloop
  endfacet
  facet normal -0.5956993028830408 0.8032075326742517 0
    outer loop
      vertex 8.548410072922707 3.659515678882599 0
      vertex 8.666644647717476 3.747204415500164 6
      vertex 8.666644647717476 3.747204415500164 0
    endloop
  endfacet
  facet normal -0.5141027780042697 0.857728589734709 0
    outer loop
      vertex 8.666644647717476 3.747204415500164 0
      vertex 8.792904891073704 3.8228818997740746 6
      vertex 8.792904891073704 3.8228818997740746 0
    endloop
  endfacet
  facet normal -0.4275550731976791 0.9039893026927517 0
    outer loop
      vertex 8.792904891073704 3.8228818997740746 0
      vertex 8.925974853336811 3.885819301009178 6
      vertex 8.925974853336811 3.885819301009178 0
    endloop
  endfacet
  facet normal -0.33688986808449944 0.9415440599260391 0
    outer loop
      vertex 8.925974853336811 3.885819301009178 0
      vertex 9.064572982490063 3.9354105070233345 6
      vertex 9.064572982490063 3.9354105070233345 0
    endloop
  endfacet
  facet normal -0.24298016001722234 0.9700312581757379 0
    outer loop
      vertex 9.064572982490063 3.9354105070233345 0
      vertex 9.2073645144701 3.9711779206991196 6
      vertex 9.2073645144701 3.9711779206991196 0
    endloop
  endfacet
  facet normal -0.14673045131624157 0.989176513397145 0
    outer loop
      vertex 9.2073645144701 3.9711779206991196 0
      vertex 9.35297428816557 3.9927770867943764 6
      vertex 9.35297428816557 3.9927770867943764 0
    endloop
  endfacet
  facet normal -0.04906769566193293 0.9987954551570747 0
    outer loop
      vertex 9.35297428816557 3.9927770867943764 0
      vertex 9.5 4 6
      vertex 9.5 4 0
    endloop
  endfacet
  facet normal 0 0 -1
    outer loop
      vertex 14.340484321117401 -7.451589927077293 0
      vertex 14.252795584499836 -7.333355352282524 0
      vertex 15.5 -3 0
    endloop
  endfacet
  facet normal 0 0 -1
    outer loop
      vertex 14.252795584499836 -7.333355352282524 0
      vertex 14.177118100225925 -7.207095108926296 0
      vertex 15.5 -3 0
    endloop
  endfacet
  facet normal 0 0 -1
    outer loop
      vertex 14.177118100225925 -7.207095108926296 0
      vertex 14.114180698990822 -7.074025146663189 0
      vertex 15.5 -3 0
    endloop
  endfacet
  facet normal 0 0 -1
    outer loop
      vertex 14.114180698990822 -7.074025146663189 0
      vertex 14.064589492976665 -6.935427017509937 0
      vertex 15.5 -3 0
    endloop
  endfacet
  facet normal 0 0 -1
    outer loop
      vertex 14.064589492976665 -6.935427017509937 0
      vertex 14.02882207930088 -6.7926354855299 0
      vertex 15.5 -3 0
    endloop
  endfacet
  facet normal 0 0 -1
    outer loop
      vertex 14.02882207930088 -6.7926354855299 0
      vertex 14.007222913205624 -6.647025711834431 0
      vertex 15.5 -3 0
    endloop
  endfacet
  facet normal 0 0 -1
    outer loop
      vertex 14.007222913205624 -6.647025711834431 0
      vertex 14 -6.5 0
      vertex 15.5 -3 0
    endloop
  endfacet
  facet normal 0 0 -1
    outer loop
      vertex 14 -6.5 0
      vertex 14 -4.5 0
      vertex 15.5 -3 0
    endloop
  endfacet
  facet normal 0 0 -1
    outer loop
      vertex 14 -4.5 0
      vertex 14.007222913205624 -4.352974288165569 0
      vertex 15.5 -3 0
    endloop
  endfacet
  facet normal 0 0 -1
    outer loop
      vertex 14.007222913205624 -4.352974288165569 0
      vertex 14.02882207930088 -4.2073645144701 0
      vertex 15.5 -3 0
    endloop
  endfacet
  facet normal 0 0 -1
    outer loop
      vertex 14.02882207930088 -4.2073645144701 0
      vertex 14.064589492976665 -4.064572982490063 0
      vertex 15.5 -3 0
    endloop
  endfacet
  facet normal 0 0 -1
    outer loop
      vertex 14.064589492976665 -4.064572982490063 0
      vertex 14.114180698990822 -3.925974853336811 0
      vertex 15.5 -3 0
    endloop
  endfacet
  facet normal 0 0 -1
    outer loop
      vertex 14.114180698990822 -3.925974853336811 0
      vertex 14.177118100225925 -3.7929048910737038 0
      vertex 15.5 -3 0
    endloop
  endfacet
  facet normal 0 0 -1
    outer loop
      vertex 19.6595156788826 -7.451589927077293 0
      vertex 15.5 -3 0
      vertex 19.747204415500164 -7.333355352282524 0
    endloop
  endfacet
  facet normal 0 0 -1
    outer loop
      vertex 19.747204415500164 -7.333355352282524 0
      vertex 15.5 -3 0
      vertex 19.822881899774075 -7.207095108926296 0
    endloop
  endfacet
  facet normal 0 0 -1
    outer loop
      vertex 19.822881899774075 -7.207095108926296 0
      vertex 15.5 -3 0
      vertex 19.885819301009178 -7.074025146663189 0
    endloop
  endfacet
  facet normal 0 0 -1
    outer loop
      vertex 19.885819301009178 -7.074025146663189 0
      vertex 15.5 -3 0
      vertex 19.935410507023335 -6.935427017509937 0
    endloop
  endfacet
  facet normal 0 0 -1
    outer loop
      vertex 19.935410507023335 -6.935427017509937 0
      vertex 15.5 -3 0
      vertex 19.97117792069912 -6.7926354855299 0
    endloop
  endfacet
  facet normal 0 0 -1
    outer loop
      vertex 19.97117792069912 -6.7926354855299 0
      vertex 15.5 -3 0
      vertex 19.992777086794376 -6.647025711834431 0
    endloop
  endfacet
  facet normal 0 0 -1
    outer loop
      vertex 19.992777086794376 -6.647025711834431 0
      vertex 15.5 -3 0
      vertex 20 -6.5 0
    endloop
  endfacet
  facet normal 0 0 -1
    outer loop
      vertex 20 -6.5 0
      vertex 15.5 -3 0
      vertex 20 -4.5 0
    endloop
  endfacet
  facet normal 0 0 -1
    outer loop
      vertex 20 -4.5 0
      vertex 15.5 -3 0
      vertex 19.992777086794376 -4.352974288165569 0
    endloop
  endfacet
  facet normal 0 0 -1
    outer loop
      vertex 19.992777086794376 -4.352974288165569 0
      vertex 15.5 -3 0
      vertex 19.97117792069912 -4.2073645144701 0
    endloop
  endfacet
  facet normal 0 0 -1
    outer loop
      vertex 19.935410507023335 -4.064572982490063 0
      vertex 19.97117792069912 -4.2073645144701 0
      vertex 15.5 -3 0
    endloop
  endfacet
  facet normal 0 0 -1
    outer loop
      vertex 19.935410507023335 -4.064572982490063 0
      vertex 15.5 -3 0
      vertex 19.885819301009178 -3.925974853336811 0
    endloop
  endfacet
  facet normal 0 0 -1
    outer loop
      vertex 19.885819301009178 -3.925974853336811 0
      vertex 15.5 -3 0
      vertex 19.822881899774075 -3.7929048910737038 0
    endloop
  endfacet
  facet normal 0 0 -1
    outer loop
      vertex 14.177118100225925 -3.7929048910737038 0
      vertex 14.252795584499836 -3.666644647717476 0
      vertex 15.5 -3 0
    endloop
  endfacet
  facet normal 0 0 -1
    outer loop
      vertex 14.252795584499836 -3.666644647717476 0
      vertex 14.340484321117401 -3.5484100729227066 0
      vertex 15.5 -3 0
    endloop
  endfacet
  facet normal 0 0 -1
    outer loop
      vertex 14.340484321117401 -3.5484100729227066 0
      vertex 14.439339831471443 -3.439339831471443 0
      vertex 15.5 -3 0
    endloop
  endfacet
  facet normal 0 0 -1
    outer loop
      vertex 14.439339831471443 -3.439339831471443 0
      vertex 14.548410072922707 -3.340484321117401 0
      vertex 15.35297428816557 -3.0072229132056236 0
    endloop
  endfacet
  facet normal 0 0 -1
    outer loop
      vertex 14.548410072922707 -3.340484321117401 0
      vertex 14.666644647717476 -3.252795584499836 0
      vertex 15.35297428816557 -3.0072229132056236 0
    endloop
  endfacet
  facet normal 0 0 -1
    outer loop
      vertex 14.666644647717476 -3.252795584499836 0
      vertex 14.792904891073704 -3.1771181002259254 0
      vertex 14.925974853336811 -3.114180698990822 0
    endloop
  endfacet
  facet normal 0 0 -1
    outer loop
      vertex 14.666644647717476 -3.252795584499836 0
      vertex 14.925974853336811 -3.114180698990822 0
      vertex 15.064572982490063 -3.0645894929766655 0
    endloop
  endfacet
  facet normal 0 0 -1
    outer loop
      vertex 14.666644647717476 -3.252795584499836 0
      vertex 15.064572982490063 -3.0645894929766655 0
      vertex 15.2073645144701 -3.0288220793008804 0
    endloop
  endfacet
  facet normal 0 0 -1
    outer loop
      vertex 14.439339831471443 -3.439339831471443 0
      vertex 15.35297428816557 -3.0072229132056236 0
      vertex 15.5 -3 0
    endloop
  endfacet
  facet normal 0 0 -1
    outer loop
      vertex 14.666644647717476 -3.252795584499836 0
      vertex 15.2073645144701 -3.0288220793008804 0
      vertex 15.35297428816557 -3.0072229132056236 0
    endloop
  endfacet
  facet normal 0 0 -1
    outer loop
      vertex 15.5 -3 0
      vertex 19.333355352282524 -3.252795584499836 0
      vertex 19.451589927077293 -3.340484321117401 0
    endloop
  endfacet
  facet normal 0 0 -1
    outer loop
      vertex 15.5 -3 0
      vertex 18.5 -3 0
      vertex 18.64702571183443 -3.0072229132056236 0
    endloop
  endfacet
  facet normal 0 0 -1
    outer loop
      vertex 15.5 -3 0
      vertex 18.64702571183443 -3.0072229132056236 0
      vertex 18.7926354855299 -3.0288220793008804 0
    endloop
  endfacet
  facet normal 0 0 -1
    outer loop
      vertex 15.5 -3 0
      vertex 18.935427017509937 -3.0645894929766655 0
      vertex 19.07402514666319 -3.114180698990822 0
    endloop
  endfacet
  facet normal 0 0 -1
    outer loop
      vertex 15.5 -3 0
      vertex 19.207095108926296 -3.1771181002259254 0
      vertex 19.333355352282524 -3.252795584499836 0
    endloop
  endfacet
  facet normal 0 0 -1
    outer loop
      vertex 15.5 -3 0
      vertex 19.07402514666319 -3.114180698990822 0
      vertex 19.207095108926296 -3.1771181002259254 0
    endloop
  endfacet
  facet normal 0 0 -1
    outer loop
      vertex 15.5 -3 0
      vertex 18.7926354855299 -3.0288220793008804 0
      vertex 18.935427017509937 -3.0645894929766655 0
    endloop
  endfacet
  facet normal 0 0 -1
    outer loop
      vertex 19.747204415500164 -3.666644647717476 0
      vertex 15.5 -3 0
      vertex 19.6595156788826 -3.5484100729227066 0
    endloop
  endfacet
  facet normal 0 0 -1
    outer loop
      vertex 19.822881899774075 -3.7929048910737038 0
      vertex 15.5 -3 0
      vertex 19.747204415500164 -3.666644647717476 0
    endloop
  endfacet
  facet normal 0 0 -1
    outer loop
      vertex 19.6595156788826 -3.5484100729227066 0
      vertex 15.5 -3 0
      vertex 19.560660168528557 -3.439339831471443 0
    endloop
  endfacet
  facet normal 0 0 -1
    outer loop
      vertex 15.5 -3 0
      vertex 19.451589927077293 -3.340484321117401 0
      vertex 19.560660168528557 -3.439339831471443 0
    endloop
  endfacet
  facet normal 0 -1 0
    outer loop
      vertex 18.5 -3 0
      vertex 27.453747098354842 -3 0.053801214870954794
      vertex 27.187202903687506 -3 0.1205670599498152
    endloop
  endfacet
  facet normal 0 -1 0
    outer loop
      vertex 18.5 -3 0
      vertex 27.187202903687506 -3 0.1205670599498152
      vertex 26.92848638937775 -3 0.21313730896839722
    endloop
  endfacet
  facet normal 0 -1 0
    outer loop
      vertex 18.5 -3 0
      vertex 26.92848638937775 -3 0.21313730896839722
      vertex 26.680089136887208 -3 0.33062045982460564
    endloop
  endfacet
  facet normal 0 -1 0
    outer loop
      vertex 18.5 -3 0
      vertex 27.72555200707723 -3 0.013482765317848422
      vertex 27.453747098354842 -3 0.053801214870954794
    endloop
  endfacet
  facet normal 0 -1 0
    outer loop
      vertex 18.5 -3 0
      vertex 28 -3 0
      vertex 27.72555200707723 -3 0.013482765317848422
    endloop
  endfacet
  facet normal 0 -1 0
    outer loop
      vertex 18.5 -3 0
      vertex 26.680089136887208 -3 0.33062045982460564
      vertex 26.444403347545112 -3 0.4718850855528731
    endloop
  endfacet
  facet normal 0 -1 0
    outer loop
      vertex 18.5 -3 0
      vertex 26.444403347545112 -3 0.4718850855528731
      vertex 26.223698804341794 -3 0.6355707305843366
    endloop
  endfacet
  facet normal 0 -1 0
    outer loop
      vertex 18.5 -3 0
      vertex 26.020101012677667 -3 0.8201010126776667
      vertex 25.835570730584337 -3 1.0236988043417925
    endloop
  endfacet
  facet normal 0 -1 0
    outer loop
      vertex 18.5 -3 0
      vertex 26.223698804341794 -3 0.6355707305843366
      vertex 26.020101012677667 -3 0.8201010126776667
    endloop
  endfacet
  facet normal 0 -1 0
    outer loop
      vertex 18.5 -3 0
      vertex 25.835570730584337 -3 1.0236988043417925
      vertex 25.671885085552873 -3 1.2444033475451137
    endloop
  endfacet
  facet normal 0 -1 0
    outer loop
      vertex 18.5 -3 0
      vertex 25.671885085552873 -3 1.2444033475451137
      vertex 25.530620459824604 -3 1.4800891368872064
    endloop
  endfacet
  facet normal 0 -1 0
    outer loop
      vertex 18.5 -3 0
      vertex 25.530620459824604 -3 1.4800891368872064
      vertex 25.4131373089684 -3 1.7284863893777485
    endloop
  endfacet
  facet normal 0 -1 0
    outer loop
      vertex 18.5 -3 0
      vertex 25.4131373089684 -3 1.7284863893777485
      vertex 25.320567059949816 -3 1.9872029036875052
    endloop
  endfacet
  facet normal 0 -1 0
    outer loop
      vertex 18.5 -3 0
      vertex 25.320567059949816 -3 1.9872029036875052
      vertex 25.253801214870954 -3 2.253747098354841
    endloop
  endfacet
  facet normal 1 0 0
    outer loop
      vertex 20 -6.5 0
      vertex 20 -4.5 0
      vertex 20 -6.5 6
    endloop
  endfacet
  facet normal 0.9415440599260391 0.33688986808449944 0
    outer loop
      vertex 19.935410507023335 -4.064572982490063 0
      vertex 19.885819301009178 -3.925974853336811 0
      vertex 19.935410507023335 -4.064572982490063 6
    endloop
  endfacet
  facet normal 0.9039893026927517 0.4275550731976791 0
    outer loop
      vertex 19.885819301009178 -3.925974853336811 0
      vertex 19.822881899774075 -3.7929048910737038 0
      vertex 19.885819301009178 -3.925974853336811 6
    endloop
  endfacet
  facet normal 0.857728589734709 0.5141027780042697 0
    outer loop
      vertex 19.822881899774075 -3.7929048910737038 0
      vertex 19.747204415500164 -3.666644647717476 0
      vertex 19.822881899774075 -3.7929048910737038 6
    endloop
  endfacet
  facet normal 0.7409511057814068 0.6715589764431048 0
    outer loop
      vertex 19.6595156788826 -3.5484100729227066 0
      vertex 19.560660168528557 -3.439339831471443 0
      vertex 19.6595156788826 -3.5484100729227066 6
    endloop
  endfacet
  facet normal 0.8032075326742517 0.5956993028830408 0
    outer loop
      vertex 19.747204415500164 -3.666644647717476 0
      vertex 19.6595156788826 -3.5484100729227066 0
      vertex 19.747204415500164 -3.666644647717476 6
    endloop
  endfacet
  facet normal 0.9987954551570747 0.04906769566193293 0
    outer loop
      vertex 20 -4.5 0
      vertex 19.992777086794376 -4.352974288165569 0
      vertex 20 -4.5 6
    endloop
  endfacet
  facet normal 0.989176513397145 0.14673045131624157 0
    outer loop
      vertex 19.992777086794376 -4.352974288165569 0
      vertex 19.97117792069912 -4.2073645144701 0
      vertex 19.992777086794376 -4.352974288165569 6
    endloop
  endfacet
  facet normal 0.9700312581757379 0.24298016001722234 0
    outer loop
      vertex 19.935410507023335 -4.064572982490063 0
      vertex 19.97117792069912 -4.2073645144701 6
      vertex 19.97117792069912 -4.2073645144701 0
    endloop
  endfacet
  facet normal -0.6715589764431048 0.7409511057814068 0
    outer loop
      vertex 14.439339831471443 -3.439339831471443 0
      vertex 14.548410072922707 -3.340484321117401 6
      vertex 14.548410072922707 -3.340484321117401 0
    endloop
  endfacet
  facet normal -0.5956993028830408 0.8032075326742517 0
    outer loop
      vertex 14.548410072922707 -3.340484321117401 0
      vertex 14.666644647717476 -3.252795584499836 6
      vertex 14.666644647717476 -3.252795584499836 0
    endloop
  endfacet
  facet normal -0.5141027780042697 0.857728589734709 0
    outer loop
      vertex 14.666644647717476 -3.252795584499836 0
      vertex 14.792904891073704 -3.1771181002259254 6
      vertex 14.792904891073704 -3.1771181002259254 0
    endloop
  endfacet
  facet normal -0.4275550731976791 0.9039893026927517 0
    outer loop
      vertex 14.792904891073704 -3.1771181002259254 0
      vertex 14.925974853336811 -3.114180698990822 6
      vertex 14.925974853336811 -3.114180698990822 0
    endloop
  endfacet
  facet normal -0.33688986808449944 0.9415440599260391 0
    outer loop
      vertex 14.925974853336811 -3.114180698990822 0
      vertex 15.064572982490063 -3.0645894929766655 6
      vertex 15.064572982490063 -3.0645894929766655 0
    endloop
  endfacet
  facet normal -0.24298016001722234 0.9700312581757379 0
    outer loop
      vertex 15.064572982490063 -3.0645894929766655 0
      vertex 15.2073645144701 -3.0288220793008804 6
      vertex 15.2073645144701 -3.0288220793008804 0
    endloop
  endfacet
  facet normal -0.14673045131624157 0.989176513397145 0
    outer loop
      vertex 15.2073645144701 -3.0288220793008804 0
      vertex 15.35297428816557 -3.0072229132056236 6
      vertex 15.35297428816557 -3.0072229132056236 0
    endloop
  endfacet
  facet normal -0.04906769566193293 0.9987954551570747 0
    outer loop
      vertex 15.35297428816557 -3.0072229132056236 0
      vertex 15.5 -3 6
      vertex 15.5 -3 0
    endloop
  endfacet
  facet normal 0.24298016001722234 0.9700312581757379 0
    outer loop
      vertex 18.935427017509937 -3.0645894929766655 0
      vertex 18.7926354855299 -3.0288220793008804 0
      vertex 18.935427017509937 -3.0645894929766655 6
    endloop
  endfacet
  facet normal 0.33688986808449944 0.9415440599260391 0
    outer loop
      vertex 18.935427017509937 -3.0645894929766655 0
      vertex 19.07402514666319 -3.114180698990822 6
      vertex 19.07402514666319 -3.114180698990822 0
    endloop
  endfacet
  facet normal 0.04906769566193293 0.9987954551570747 0
    outer loop
      vertex 18.5 -3 0
      vertex 18.64702571183443 -3.0072229132056236 6
      vertex 18.64702571183443 -3.0072229132056236 0
    endloop
  endfacet
  facet normal 0.14673045131624157 0.989176513397145 0
    outer loop
      vertex 18.64702571183443 -3.0072229132056236 0
      vertex 18.7926354855299 -3.0288220793008804 6
      vertex 18.7926354855299 -3.0288220793008804 0
    endloop
  endfacet
  facet normal 0.5956993028830408 0.8032075326742517 0
    outer loop
      vertex 19.451589927077293 -3.340484321117401 0
      vertex 19.333355352282524 -3.252795584499836 0
      vertex 19.451589927077293 -3.340484321117401 6
    endloop
  endfacet
  facet normal 0.5141027780042697 0.857728589734709 0
    outer loop
      vertex 19.333355352282524 -3.252795584499836 0
      vertex 19.207095108926296 -3.1771181002259254 0
      vertex 19.333355352282524 -3.252795584499836 6
    endloop
  endfacet
  facet normal 0.6715589764431048 0.7409511057814068 0
    outer loop
      vertex 19.451589927077293 -3.340484321117401 0
      vertex 19.560660168528557 -3.439339831471443 6
      vertex 19.560660168528557 -3.439339831471443 0
    endloop
  endfacet
  facet normal 0.4275550731976791 0.9039893026927517 0
    outer loop
      vertex 19.207095108926296 -3.1771181002259254 0
      vertex 19.07402514666319 -3.114180698990822 0
      vertex 19.207095108926296 -3.1771181002259254 6
    endloop
  endfacet
  facet normal 0 -1 0
    outer loop
      vertex 18.5 -3 0
      vertex 25.253801214870954 -3 2.253747098354841
      vertex 25.21348276531785 -3 2.52555200707723
    endloop
  endfacet
  facet normal 0 -1 0
    outer loop
      vertex 18.5 -3 0
      vertex 25.21348276531785 -3 2.52555200707723
      vertex 25.2 -3 2.8
    endloop
  endfacet
  facet normal 0 -1 0
    outer loop
      vertex 18.5 -3 0
      vertex 25.2 -3 2.8
      vertex 25.21348276531785 -3 3.0744479929227695
    endloop
  endfacet
  facet normal 0 -1 0
    outer loop
      vertex 18.5 -3 0
      vertex 25.21348276531785 -3 3.0744479929227695
      vertex 25.253801214870954 -3 3.3462529016451588
    endloop
  endfacet
  facet normal 0 0 -1
    outer loop
      vertex 18.5 -3 0
      vertex 9.5 4 0
      vertex 28 -3 0
    endloop
  endfacet
  facet normal 0 0 -1
    outer loop
      vertex 9.5 4 0
      vertex 34.5 -3 0
      vertex 28 -3 0
    endloop
  endfacet
  facet normal 0 0 -1
    outer loop
      vertex 9.5 4 0
      vertex 34.64702571183443 -2.9927770867943764 0
      vertex 34.5 -3 0
    endloop
  endfacet
  facet normal 0 0 -1
    outer loop
      vertex 9.5 4 0
      vertex 34.7926354855299 -2.9711779206991196 0
      vertex 34.64702571183443 -2.9927770867943764 0
    endloop
  endfacet
  facet normal 0 0 -1
    outer loop
      vertex 9.5 4 0
      vertex 34.93542701750994 -2.9354105070233345 0
      vertex 34.7926354855299 -2.9711779206991196 0
    endloop
  endfacet
  facet normal 0 0 -1
    outer loop
      vertex 9.5 4 0
      vertex 35.07402514666319 -2.885819301009178 0
      vertex 34.93542701750994 -2.9354105070233345 0
    endloop
  endfacet
  facet normal 0 0 -1
    outer loop
      vertex 9.5 4 0
      vertex 35.207095108926296 -2.8228818997740746 0
      vertex 35.07402514666319 -2.885819301009178 0
    endloop
  endfacet
  facet normal 0 0 -1
    outer loop
      vertex 9.5 4 0
      vertex 35.333355352282524 -2.747204415500164 0
      vertex 35.207095108926296 -2.8228818997740746 0
    endloop
  endfacet
  facet normal 0 0 -1
    outer loop
      vertex 9.5 4 0
      vertex 35.45158992707729 -2.659515678882599 0
      vertex 35.333355352282524 -2.747204415500164 0
    endloop
  endfacet
  facet normal 0 0 -1
    outer loop
      vertex 9.5 4 0
      vertex 35.56066016852856 -2.560660168528557 0
      vertex 35.45158992707729 -2.659515678882599 0
    endloop
  endfacet
  facet normal 0 0 -1
    outer loop
      vertex 9.5 4 0
      vertex 35.6595156788826 -2.4515899270772934 0
      vertex 35.56066016852856 -2.560660168528557 0
    endloop
  endfacet
  facet normal 0 0 -1
    outer loop
      vertex 9.5 4 0
      vertex 35.747204415500164 -2.333355352282524 0
      vertex 35.6595156788826 -2.4515899270772934 0
    endloop
  endfacet
  facet normal 0 0 -1
    outer loop
      vertex 9.5 4 0
      vertex 35.822881899774075 -2.2070951089262962 0
      vertex 35.747204415500164 -2.333355352282524 0
    endloop
  endfacet
  facet normal 0 0 -1
    outer loop
      vertex 9.5 4 0
      vertex 35.88581930100918 -2.074025146663189 0
      vertex 35.822881899774075 -2.2070951089262962 0
    endloop
  endfacet
  facet normal 0 0 -1
    outer loop
      vertex 9.5 4 0
      vertex 35.935410507023335 -1.9354270175099373 0
      vertex 35.88581930100918 -2.074025146663189 0
    endloop
  endfacet
  facet normal 0 0 -1
    outer loop
      vertex 9.5 4 0
      vertex 35.97117792069912 -1.7926354855298996 0
      vertex 35.935410507023335 -1.9354270175099373 0
    endloop
  endfacet
  facet normal 0 0 -1
    outer loop
      vertex 9.5 4 0
      vertex 35.992777086794376 -1.6470257118344307 0
      vertex 35.97117792069912 -1.7926354855298996 0
    endloop
  endfacet
  facet normal 0 0 -1
    outer loop
      vertex 9.5 4 0
      vertex 36 -1.5 0
      vertex 35.992777086794376 -1.6470257118344307 0
    endloop
  endfacet
  facet normal 0 0 -1
    outer loop
      vertex 9.5 4 0
      vertex 36 -0.5 0
      vertex 36 -1.5 0
    endloop
  endfacet
  facet normal 0 0 -1
    outer loop
      vertex 9.5 4 0
      vertex 34.5 4 0
      vertex 36 -0.5 0
    endloop
  endfacet
  facet normal 0 1 0
    outer loop
      vertex 9.5 4 0
      vertex 34.5 4 6
      vertex 34.5 4 0
    endloop
  endfacet
  facet normal -0.9039892885496101 -0.42755510310083966 0
    outer loop
      vertex 0.23615746945142746 -5.942793473601341 0
      vertex 0.23615746945142746 -5.942793473601341 6
      vertex 0.15224093198776245 -5.765366867184639 6
    endloop
  endfacet
  facet normal -0.941544074839288 -0.33688982640476 0
    outer loop
      vertex 0.15224093198776245 -5.765366867184639 0
      vertex 0.15224093198776245 -5.765366867184639 6
      vertex 0.08611933141946793 -5.580569356679916 6
    endloop
  endfacet
  facet normal -0.9700312492284539 -0.24298019573678303 0
    outer loop
      vertex 0.08611933141946793 -5.580569356679916 0
      vertex 0.08611933141946793 -5.580569356679916 6
      vertex 0.038429439067840576 -5.3901806473731995 6
    endloop
  endfacet
  facet normal -0.989176509724005 -0.14673047607854153 0
    outer loop
      vertex 0.038429439067840576 -5.3901806473731995 0
      vertex 0.038429439067840576 -5.3901806473731995 6
      vertex 0.009630545973777771 -5.196034282445908 6
    endloop
  endfacet
  facet normal -0.9987954563973426 -0.049067670415704694 0
    outer loop
      vertex 0.009630545973777771 -5.196034282445908 0
      vertex 0.009630545973777771 -5.196034282445908 6
      vertex 0 -5 6
    endloop
  endfacet
  facet normal -1 0 0
    outer loop
      vertex 0 -5 0
      vertex 0 -5 6
      vertex 0 2 6
    endloop
  endfacet
  facet normal 0.8577286153979926 -0.5141027351876691 0
    outer loop
      vertex 8.763842530548573 -5.942793473601341 0
      vertex 8.763842530548573 -5.942793473601341 6
      vertex 8.662939228117466 -6.111140467226505 6
    endloop
  endfacet
  facet normal 0.9039892885496101 -0.42755510310083966 0
    outer loop
      vertex 8.847759068012238 -5.765366867184639 0
      vertex 8.847759068012238 -5.765366867184639 6
      vertex 8.763842530548573 -5.942793473601341 6
    endloop
  endfacet
  facet normal 0.941544074839288 -0.33688982640476 0
    outer loop
      vertex 8.913880668580532 -5.580569356679916 0
      vertex 8.913880668580532 -5.580569356679916 6
      vertex 8.847759068012238 -5.765366867184639 6
    endloop
  endfacet
  facet normal 0.9700312492284539 -0.24298019573678303 0
    outer loop
      vertex 8.96157056093216 -5.3901806473731995 0
      vertex 8.96157056093216 -5.3901806473731995 6
      vertex 8.913880668580532 -5.580569356679916 6
    endloop
  endfacet
  facet normal 0.989176509724005 -0.14673047607854153 0
    outer loop
      vertex 8.990369454026222 -5.196034282445908 0
      vertex 8.990369454026222 -5.196034282445908 6
      vertex 8.96157056093216 -5.3901806473731995 6
    endloop
  endfacet
  facet normal 0.9987954563973426 -0.049067670415704694 0
    outer loop
      vertex 9 -5 0
      vertex 9 -5 6
      vertex 8.990369454026222 -5.196034282445908 6
    endloop
  endfacet
  facet normal 1 0 0
    outer loop
      vertex 9 -2.912305921316147 0
      vertex 9 -2.912305921316147 6
      vertex 9 -5 6
    endloop
  endfacet
  facet normal -1 0 0
    outer loop
      vertex 14 -6.5 0
      vertex 14 -6.5 6
      vertex 14 -4.5 6
    endloop
  endfacet
  facet normal -0.9987954551570747 0.04906769566193293 0
    outer loop
      vertex 14 -4.5 0
      vertex 14 -4.5 6
      vertex 14.007222913205624 -4.352974288165569 6
    endloop
  endfacet
  facet normal -0.989176513397145 0.14673045131624157 0
    outer loop
      vertex 14.007222913205624 -4.352974288165569 0
      vertex 14.007222913205624 -4.352974288165569 6
      vertex 14.02882207930088 -4.2073645144701 6
    endloop
  endfacet
  facet normal -0.9700312581757379 0.24298016001722234 0
    outer loop
      vertex 14.02882207930088 -4.2073645144701 0
      vertex 14.02882207930088 -4.2073645144701 6
      vertex 14.064589492976665 -4.064572982490063 6
    endloop
  endfacet
  facet normal -0.9415440599260391 0.33688986808449944 0
    outer loop
      vertex 14.064589492976665 -4.064572982490063 0
      vertex 14.064589492976665 -4.064572982490063 6
      vertex 14.114180698990822 -3.925974853336811 6
    endloop
  endfacet
  facet normal -0.9039893026927517 0.4275550731976791 0
    outer loop
      vertex 14.114180698990822 -3.925974853336811 0
      vertex 14.114180698990822 -3.925974853336811 6
      vertex 14.177118100225925 -3.7929048910737038 6
    endloop
  endfacet
  facet normal -0.857728589734709 0.5141027780042697 0
    outer loop
      vertex 14.177118100225925 -3.7929048910737038 0
      vertex 14.177118100225925 -3.7929048910737038 6
      vertex 14.252795584499836 -3.666644647717476 6
    endloop
  endfacet
  facet normal -0.8032075326742517 0.5956993028830408 0
    outer loop
      vertex 14.252795584499836 -3.666644647717476 0
      vertex 14.252795584499836 -3.666644647717476 6
      vertex 14.340484321117401 -3.5484100729227066 6
    endloop
  endfacet
  facet normal -0.7409511057814068 0.6715589764431048 0
    outer loop
      vertex 14.340484321117401 -3.5484100729227066 0
      vertex 14.340484321117401 -3.5484100729227066 6
      vertex 14.439339831471443 -3.439339831471443 6
    endloop
  endfacet
  facet normal -0.3368898938499624 -0.9415440507070081 0
    outer loop
      vertex 9.064572982490063 -2.9354105070233345 0
      vertex 9.064572982490063 -2.9354105070233345 6
      vertex 9 -2.912305921316147 6
    endloop
  endfacet
  facet normal -0.24298016001722234 -0.9700312581757379 0
    outer loop
      vertex 9.2073645144701 -2.9711779206991196 0
      vertex 9.2073645144701 -2.9711779206991196 6
      vertex 9.064572982490063 -2.9354105070233345 6
    endloop
  endfacet
  facet normal -0.14673045131624157 -0.989176513397145 0
    outer loop
      vertex 9.35297428816557 -2.9927770867943764 0
      vertex 9.35297428816557 -2.9927770867943764 6
      vertex 9.2073645144701 -2.9711779206991196 6
    endloop
  endfacet
  facet normal -0.04906769566193293 -0.9987954551570747 0
    outer loop
      vertex 9.5 -3 0
      vertex 9.5 -3 6
      vertex 9.35297428816557 -2.9927770867943764 6
    endloop
  endfacet
  facet normal 0 -1 0
    outer loop
      vertex 15.5 -3 0
      vertex 15.5 -3 6
      vertex 9.5 -3 6
    endloop
  endfacet
  facet normal -0.6715589764431048 0.7409511057814068 0
    outer loop
      vertex 14.439339831471443 -3.439339831471443 0
      vertex 14.439339831471443 -3.439339831471443 6
      vertex 14.548410072922707 -3.340484321117401 6
    endloop
  endfacet
  facet normal 0 0 1
    outer loop
      vertex 1.8039657175540924 -6.990369454026222 6
      vertex 2 -7 6
      vertex 8.355137377977371 3.4677570834755898 6
    endloop
  endfacet
  facet normal 0 0 1
    outer loop
      vertex 2 -7 6
      vertex 7 -7 6
      vertex 8.355137377977371 3.4677570834755898 6
    endloop
  endfacet
  facet normal 0 0 1
    outer loop
      vertex 1.234633132815361 -6.8477590680122375 6
      vertex 8.355137377977371 3.4677570834755898 6
      vertex 1.0572065263986588 -6.7638425305485725 6
    endloop
  endfacet
  facet normal 0 0 1
    outer loop
      vertex 0.8888595327734947 -6.662939228117466 6
      vertex 8.355137377977371 3.4677570834755898 6
      vertex 0.7312134280800819 -6.546020910143852 6
    endloop
  endfacet
  facet normal 0 0 1
    outer loop
      vertex 0.8888595327734947 -6.662939228117466 6
      vertex 1.0572065263986588 -6.7638425305485725 6
      vertex 8.355137377977371 3.4677570834755898 6
    endloop
  endfacet
  facet normal 0 0 1
    outer loop
      vertex 0.5857864394783974 -6.414213560521603 6
      vertex 8.355137377977371 3.4677570834755898 6
      vertex 0.45397908985614777 -6.268786571919918 6
    endloop
  endfacet
  facet normal 0 0 1
    outer loop
      vertex 0.45397908985614777 -6.268786571919918 6
      vertex 8.355137377977371 3.4677570834755898 6
      vertex 0.337060771882534 -6.111140467226505 6
    endloop
  endfacet
  facet normal 0 0 1
    outer loop
      vertex 0.7312134280800819 -6.546020910143852 6
      vertex 8.355137377977371 3.4677570834755898 6
      vertex 0.5857864394783974 -6.414213560521603 6
    endloop
  endfacet
  facet normal 0 0 1
    outer loop
      vertex 0.23615746945142746 -5.942793473601341 6
      vertex 8.355137377977371 3.4677570834755898 6
      vertex 0.15224093198776245 -5.765366867184639 6
    endloop
  endfacet
  facet normal 0 0 1
    outer loop
      vertex 0.337060771882534 -6.111140467226505 6
      vertex 8.355137377977371 3.4677570834755898 6
      vertex 0.23615746945142746 -5.942793473601341 6
    endloop
  endfacet
  facet normal 0 0 1
    outer loop
      vertex 0.15224093198776245 -5.765366867184639 6
      vertex 8.355137377977371 3.4677570834755898 6
      vertex 0.08611933141946793 -5.580569356679916 6
    endloop
  endfacet
  facet normal 0 0 1
    outer loop
      vertex 0.08611933141946793 -5.580569356679916 6
      vertex 8.355137377977371 3.4677570834755898 6
      vertex 0.038429439067840576 -5.3901806473731995 6
    endloop
  endfacet
  facet normal 0 0 1
    outer loop
      vertex 0.038429439067840576 -5.3901806473731995 6
      vertex 8.355137377977371 3.4677570834755898 6
      vertex 0.009630545973777771 -5.196034282445908 6
    endloop
  endfacet
  facet normal 0 0 1
    outer loop
      vertex 0.009630545973777771 -5.196034282445908 6
      vertex 8.355137377977371 3.4677570834755898 6
      vertex 0 -5 6
    endloop
  endfacet
  facet normal 0 0 1
    outer loop
      vertex 1.4194306433200836 -6.913880668580532 6
      vertex 8.355137377977371 3.4677570834755898 6
      vertex 1.234633132815361 -6.8477590680122375 6
    endloop
  endfacet
  facet normal 0 0 1
    outer loop
      vertex 1.4194306433200836 -6.913880668580532 6
      vertex 1.6098193526268005 -6.961570560932159 6
      vertex 8.355137377977371 3.4677570834755898 6
    endloop
  endfacet
  facet normal 0 0 1
    outer loop
      vertex 1.8039657175540924 -6.990369454026222 6
      vertex 8.355137377977371 3.4677570834755898 6
      vertex 1.6098193526268005 -6.961570560932159 6
    endloop
  endfacet
  facet normal 0 0 1
    outer loop
      vertex 8.847759068012238 -5.765366867184639 6
      vertex 8.913880668580532 -5.580569356679916 6
      vertex 9 -2.912305921316147 6
    endloop
  endfacet
  facet normal 0 0 1
    outer loop
      vertex 8.913880668580532 -5.580569356679916 6
      vertex 8.96157056093216 -5.3901806473731995 6
      vertex 9 -2.912305921316147 6
    endloop
  endfacet
  facet normal 0 0 1
    outer loop
      vertex 8.96157056093216 -5.3901806473731995 6
      vertex 8.990369454026222 -5.196034282445908 6
      vertex 9 -2.912305921316147 6
    endloop
  endfacet
  facet normal 0 0 1
    outer loop
      vertex 8.990369454026222 -5.196034282445908 6
      vertex 9 -5 6
      vertex 9 -2.912305921316147 6
    endloop
  endfacet
  facet normal 0 0 1
    outer loop
      vertex 7 -7 6
      vertex 7.196034282445908 -6.990369454026222 6
      vertex 9.35297428816557 3.9927770867943764 6
    endloop
  endfacet
  facet normal 0 0 1
    outer loop
      vertex 7.196034282445908 -6.990369454026222 6
      vertex 7.3901806473731995 -6.961570560932159 6
      vertex 9.35297428816557 3.9927770867943764 6
    endloop
  endfacet
  facet normal 0 0 1
    outer loop
      vertex 7.3901806473731995 -6.961570560932159 6
      vertex 7.580569356679916 -6.913880668580532 6
      vertex 9.35297428816557 3.9927770867943764 6
    endloop
  endfacet
  facet normal 0 0 1
    outer loop
      vertex 7.580569356679916 -6.913880668580532 6
      vertex 7.765366867184639 -6.8477590680122375 6
      vertex 9.35297428816557 3.9927770867943764 6
    endloop
  endfacet
  facet normal 0 0 1
    outer loop
      vertex 7.765366867184639 -6.8477590680122375 6
      vertex 7.942793473601341 -6.7638425305485725 6
      vertex 9.35297428816557 3.9927770867943764 6
    endloop
  endfacet
  facet normal 0 0 1
    outer loop
      vertex 7.942793473601341 -6.7638425305485725 6
      vertex 8.111140467226505 -6.662939228117466 6
      vertex 9.35297428816557 3.9927770867943764 6
    endloop
  endfacet
  facet normal 0 0 1
    outer loop
      vertex 8.111140467226505 -6.662939228117466 6
      vertex 8.268786571919918 -6.546020910143852 6
      vertex 9.35297428816557 3.9927770867943764 6
    endloop
  endfacet
  facet normal 0 0 1
    outer loop
      vertex 8.268786571919918 -6.546020910143852 6
      vertex 8.414213560521603 -6.414213560521603 6
      vertex 9.35297428816557 3.9927770867943764 6
    endloop
  endfacet
  facet normal 0 0 1
    outer loop
      vertex 8.414213560521603 -6.414213560521603 6
      vertex 8.546020910143852 -6.268786571919918 6
      vertex 9.35297428816557 3.9927770867943764 6
    endloop
  endfacet
  facet normal 0 0 1
    outer loop
      vertex 8.546020910143852 -6.268786571919918 6
      vertex 8.662939228117466 -6.111140467226505 6
      vertex 9.35297428816557 3.9927770867943764 6
    endloop
  endfacet
  facet normal 0 0 1
    outer loop
      vertex 8.662939228117466 -6.111140467226505 6
      vertex 8.763842530548573 -5.942793473601341 6
      vertex 9.35297428816557 3.9927770867943764 6
    endloop
  endfacet
  facet normal 0 0 1
    outer loop
      vertex 8.763842530548573 -5.942793473601341 6
      vertex 8.847759068012238 -5.765366867184639 6
      vertex 9.35297428816557 3.9927770867943764 6
    endloop
  endfacet
  facet normal 0 0 1
    outer loop
      vertex 9 -2.912305921316147 6
      vertex 9.2073645144701 -2.9711779206991196 6
      vertex 9.35297428816557 -2.9927770867943764 6
    endloop
  endfacet
  facet normal 0 0 1
    outer loop
      vertex 9 -2.912305921316147 6
      vertex 9.35297428816557 -2.9927770867943764 6
      vertex 9.5 -3 6
    endloop
  endfacet
  facet normal 0 0 1
    outer loop
      vertex 9 -2.912305921316147 6
      vertex 9.064572982490063 -2.9354105070233345 6
      vertex 9.2073645144701 -2.9711779206991196 6
    endloop
  endfacet
  facet normal 0 0 1
    outer loop
      vertex 8.847759068012238 -5.765366867184639 6
      vertex 9 -2.912305921316147 6
      vertex 9.35297428816557 3.9927770867943764 6
    endloop
  endfacet
  facet normal 0 0 1
    outer loop
      vertex 9 -2.912305921316147 6
      vertex 9.5 -3 6
      vertex 15.5 -3 6
    endloop
  endfacet
  facet normal -0.9987954563973426 0.049067670415704694 0
    outer loop
      vertex 0 2 0
      vertex 0 2 6
      vertex 0.009630545973777771 2.1960342824459076 6
    endloop
  endfacet
  facet normal -0.989176509724005 0.14673047607854153 0
    outer loop
      vertex 0.009630545973777771 2.1960342824459076 0
      vertex 0.009630545973777771 2.1960342824459076 6
      vertex 0.038429439067840576 2.3901806473731995 6
    endloop
  endfacet
  facet normal -0.9700312492284539 0.24298019573678303 0
    outer loop
      vertex 0.038429439067840576 2.3901806473731995 0
      vertex 0.038429439067840576 2.3901806473731995 6
      vertex 0.08611933141946793 2.5805693566799164 6
    endloop
  endfacet
  facet normal -0.941544074839288 0.33688982640476 0
    outer loop
      vertex 0.08611933141946793 2.5805693566799164 0
      vertex 0.08611933141946793 2.5805693566799164 6
      vertex 0.15224093198776245 2.765366867184639 6
    endloop
  endfacet
  facet normal -0.9039892885496101 0.42755510310083966 0
    outer loop
      vertex 0.15224093198776245 2.765366867184639 0
      vertex 0.15224093198776245 2.765366867184639 6
      vertex 0.23615746945142746 2.9427934736013412 6
    endloop
  endfacet
  facet normal -0.8577286153979926 0.5141027351876691 0
    outer loop
      vertex 0.23615746945142746 2.9427934736013412 0
      vertex 0.23615746945142746 2.9427934736013412 6
      vertex 0.337060771882534 3.1111404672265053 6
    endloop
  endfacet
  facet normal -0.8032075356003306 0.5956992989376803 0
    outer loop
      vertex 0.337060771882534 3.1111404672265053 0
      vertex 0.337060771882534 3.1111404672265053 6
      vertex 0.45397908985614777 3.268786571919918 6
    endloop
  endfacet
  facet normal -0.7409510994850822 0.671558983390028 0
    outer loop
      vertex 0.45397908985614777 3.268786571919918 0
      vertex 0.45397908985614777 3.268786571919918 6
      vertex 0.5857864394783974 3.4142135605216026 6
    endloop
  endfacet
  facet normal -0.671558983390028 0.7409510994850822 0
    outer loop
      vertex 0.5857864394783974 3.4142135605216026 0
      vertex 0.5857864394783974 3.4142135605216026 6
      vertex 0.7312134280800819 3.5460209101438522 6
    endloop
  endfacet
  facet normal -0.5956992989376803 0.8032075356003306 0
    outer loop
      vertex 0.7312134280800819 3.5460209101438522 0
      vertex 0.7312134280800819 3.5460209101438522 6
      vertex 0.8888595327734947 3.662939228117466 6
    endloop
  endfacet
  facet normal -0.5141027351876691 0.8577286153979926 0
    outer loop
      vertex 0.8888595327734947 3.662939228117466 0
      vertex 0.8888595327734947 3.662939228117466 6
      vertex 1.0572065263986588 3.7638425305485725 6
    endloop
  endfacet
  facet normal -0.42755510310083966 0.9039892885496101 0
    outer loop
      vertex 1.0572065263986588 3.7638425305485725 0
      vertex 1.0572065263986588 3.7638425305485725 6
      vertex 1.234633132815361 3.8477590680122375 6
    endloop
  endfacet
  facet normal -0.33688982640476 0.941544074839288 0
    outer loop
      vertex 1.234633132815361 3.8477590680122375 0
      vertex 1.234633132815361 3.8477590680122375 6
      vertex 1.4194306433200836 3.913880668580532 6
    endloop
  endfacet
  facet normal -0.24298019573678303 0.9700312492284539 0
    outer loop
      vertex 1.4194306433200836 3.913880668580532 0
      vertex 1.4194306433200836 3.913880668580532 6
      vertex 1.6098193526268005 3.9615705609321594 6
    endloop
  endfacet
  facet normal -0.14673047607854153 0.989176509724005 0
    outer loop
      vertex 1.6098193526268005 3.9615705609321594 0
      vertex 1.6098193526268005 3.9615705609321594 6
      vertex 1.8039657175540924 3.9903694540262222 6
    endloop
  endfacet
  facet normal -0.049067670415704694 0.9987954563973426 0
    outer loop
      vertex 1.8039657175540924 3.9903694540262222 0
      vertex 1.8039657175540924 3.9903694540262222 6
      vertex 2 4 6
    endloop
  endfacet
  facet normal 0 1 0
    outer loop
      vertex 2 4 0
      vertex 2 4 6
      vertex 7 4 6
    endloop
  endfacet
  facet normal 0.049067670415704694 0.9987954563973426 0
    outer loop
      vertex 7 4 0
      vertex 7 4 6
      vertex 7.196034282445908 3.9903694540262222 6
    endloop
  endfacet
  facet normal 0.14673047607854153 0.989176509724005 0
    outer loop
      vertex 7.196034282445908 3.9903694540262222 0
      vertex 7.196034282445908 3.9903694540262222 6
      vertex 7.3901806473731995 3.9615705609321594 6
    endloop
  endfacet
  facet normal 0.24298019573678303 0.9700312492284539 0
    outer loop
      vertex 7.3901806473731995 3.9615705609321594 0
      vertex 7.3901806473731995 3.9615705609321594 6
      vertex 7.580569356679916 3.913880668580532 6
    endloop
  endfacet
  facet normal 0.33688982640476 0.941544074839288 0
    outer loop
      vertex 7.580569356679916 3.913880668580532 0
      vertex 7.580569356679916 3.913880668580532 6
      vertex 7.765366867184639 3.8477590680122375 6
    endloop
  endfacet
  facet normal 0.42755510310083966 0.9039892885496101 0
    outer loop
      vertex 7.765366867184639 3.8477590680122375 0
      vertex 7.765366867184639 3.8477590680122375 6
      vertex 7.942793473601341 3.7638425305485725 6
    endloop
  endfacet
  facet normal 0.5141027351876691 0.8577286153979926 0
    outer loop
      vertex 7.942793473601341 3.7638425305485725 0
      vertex 7.942793473601341 3.7638425305485725 6
      vertex 8.111140467226505 3.662939228117466 6
    endloop
  endfacet
  facet normal 0.6715590399046698 0.7409510482631887 0
    outer loop
      vertex 8.268786571919918 3.5460209101438522 0
      vertex 8.268786571919918 3.5460209101438522 6
      vertex 8.355137377977371 3.4677570834755898 6
    endloop
  endfacet
  facet normal -0.7409511040708876 0.6715589783303716 0
    outer loop
      vertex 8.355137377977371 3.4677570834755898 0
      vertex 8.355137377977371 3.4677570834755898 6
      vertex 8.439339831471443 3.560660168528557 6
    endloop
  endfacet
  facet normal 0.5956992989376803 0.8032075356003306 0
    outer loop
      vertex 8.111140467226505 3.662939228117466 0
      vertex 8.111140467226505 3.662939228117466 6
      vertex 8.268786571919918 3.5460209101438522 6
    endloop
  endfacet
  facet normal -0.6715589764431048 0.7409511057814068 0
    outer loop
      vertex 8.439339831471443 3.560660168528557 0
      vertex 8.439339831471443 3.560660168528557 6
      vertex 8.548410072922707 3.659515678882599 6
    endloop
  endfacet
  facet normal -0.5956993028830408 0.8032075326742517 0
    outer loop
      vertex 8.548410072922707 3.659515678882599 0
      vertex 8.548410072922707 3.659515678882599 6
      vertex 8.666644647717476 3.747204415500164 6
    endloop
  endfacet
  facet normal -0.5141027780042697 0.857728589734709 0
    outer loop
      vertex 8.666644647717476 3.747204415500164 0
      vertex 8.666644647717476 3.747204415500164 6
      vertex 8.792904891073704 3.8228818997740746 6
    endloop
  endfacet
  facet normal -0.4275550731976791 0.9039893026927517 0
    outer loop
      vertex 8.792904891073704 3.8228818997740746 0
      vertex 8.792904891073704 3.8228818997740746 6
      vertex 8.925974853336811 3.885819301009178 6
    endloop
  endfacet
  facet normal -0.33688986808449944 0.9415440599260391 0
    outer loop
      vertex 8.925974853336811 3.885819301009178 0
      vertex 8.925974853336811 3.885819301009178 6
      vertex 9.064572982490063 3.9354105070233345 6
    endloop
  endfacet
  facet normal -0.24298016001722234 0.9700312581757379 0
    outer loop
      vertex 9.064572982490063 3.9354105070233345 0
      vertex 9.064572982490063 3.9354105070233345 6
      vertex 9.2073645144701 3.9711779206991196 6
    endloop
  endfacet
  facet normal -0.14673045131624157 0.989176513397145 0
    outer loop
      vertex 9.2073645144701 3.9711779206991196 0
      vertex 9.2073645144701 3.9711779206991196 6
      vertex 9.35297428816557 3.9927770867943764 6
    endloop
  endfacet
  facet normal -0.04906769566193293 0.9987954551570747 0
    outer loop
      vertex 9.35297428816557 3.9927770867943764 0
      vertex 9.35297428816557 3.9927770867943764 6
      vertex 9.5 4 6
    endloop
  endfacet
  facet normal 0 0 1
    outer loop
      vertex 0 -5 6
      vertex 8.355137377977371 3.4677570834755898 6
      vertex 0 2 6
    endloop
  endfacet
  facet normal 0 0 1
    outer loop
      vertex 0 2 6
      vertex 8.355137377977371 3.4677570834755898 6
      vertex 0.009630545973777771 2.1960342824459076 6
    endloop
  endfacet
  facet normal 0 0 1
    outer loop
      vertex 0.009630545973777771 2.1960342824459076 6
      vertex 8.355137377977371 3.4677570834755898 6
      vertex 0.038429439067840576 2.3901806473731995 6
    endloop
  endfacet
  facet normal 0 0 1
    outer loop
      vertex 0.038429439067840576 2.3901806473731995 6
      vertex 8.355137377977371 3.4677570834755898 6
      vertex 0.08611933141946793 2.5805693566799164 6
    endloop
  endfacet
  facet normal 0 0 1
    outer loop
      vertex 0.08611933141946793 2.5805693566799164 6
      vertex 8.355137377977371 3.4677570834755898 6
      vertex 0.15224093198776245 2.765366867184639 6
    endloop
  endfacet
  facet normal 0 0 1
    outer loop
      vertex 0.15224093198776245 2.765366867184639 6
      vertex 8.355137377977371 3.4677570834755898 6
      vertex 0.23615746945142746 2.9427934736013412 6
    endloop
  endfacet
  facet normal 0 0 1
    outer loop
      vertex 0.23615746945142746 2.9427934736013412 6
      vertex 8.355137377977371 3.4677570834755898 6
      vertex 0.337060771882534 3.1111404672265053 6
    endloop
  endfacet
  facet normal 0 0 1
    outer loop
      vertex 0.337060771882534 3.1111404672265053 6
      vertex 8.355137377977371 3.4677570834755898 6
      vertex 0.45397908985614777 3.268786571919918 6
    endloop
  endfacet
  facet normal 0 0 1
    outer loop
      vertex 0.45397908985614777 3.268786571919918 6
      vertex 8.355137377977371 3.4677570834755898 6
      vertex 0.5857864394783974 3.4142135605216026 6
    endloop
  endfacet
  facet normal 0 0 1
    outer loop
      vertex 0.5857864394783974 3.4142135605216026 6
      vertex 8.355137377977371 3.4677570834755898 6
      vertex 0.7312134280800819 3.5460209101438522 6
    endloop
  endfacet
  facet normal 0 0 1
    outer loop
      vertex 0.7312134280800819 3.5460209101438522 6
      vertex 8.355137377977371 3.4677570834755898 6
      vertex 0.8888595327734947 3.662939228117466 6
    endloop
  endfacet
  facet normal 0 0 1
    outer loop
      vertex 0.8888595327734947 3.662939228117466 6
      vertex 8.355137377977371 3.4677570834755898 6
      vertex 1.0572065263986588 3.7638425305485725 6
    endloop
  endfacet
  facet normal 0 0 1
    outer loop
      vertex 1.0572065263986588 3.7638425305485725 6
      vertex 8.355137377977371 3.4677570834755898 6
      vertex 1.234633132815361 3.8477590680122375 6
    endloop
  endfacet
  facet normal 0 0 1
    outer loop
      vertex 1.234633132815361 3.8477590680122375 6
      vertex 8.355137377977371 3.4677570834755898 6
      vertex 1.4194306433200836 3.913880668580532 6
    endloop
  endfacet
  facet normal 0 0 1
    outer loop
      vertex 1.4194306433200836 3.913880668580532 6
      vertex 8.355137377977371 3.4677570834755898 6
      vertex 1.6098193526268005 3.9615705609321594 6
    endloop
  endfacet
  facet normal 0 0 1
    outer loop
      vertex 1.6098193526268005 3.9615705609321594 6
      vertex 8.355137377977371 3.4677570834755898 6
      vertex 1.8039657175540924 3.9903694540262222 6
    endloop
  endfacet
  facet normal 0 0 1
    outer loop
      vertex 1.8039657175540924 3.9903694540262222 6
      vertex 8.355137377977371 3.4677570834755898 6
      vertex 2 4 6
    endloop
  endfacet
  facet normal 0 0 1
    outer loop
      vertex 2 4 6
      vertex 8.355137377977371 3.4677570834755898 6
      vertex 7 4 6
    endloop
  endfacet
  facet normal 0 0 1
    outer loop
      vertex 7 -7 6
      vertex 8.439339831471443 3.560660168528557 6
      vertex 8.355137377977371 3.4677570834755898 6
    endloop
  endfacet
  facet normal 0 0 1
    outer loop
      vertex 7 -7 6
      vertex 8.548410072922707 3.659515678882599 6
      vertex 8.439339831471443 3.560660168528557 6
    endloop
  endfacet
  facet normal 0 0 1
    outer loop
      vertex 7 -7 6
      vertex 8.666644647717476 3.747204415500164 6
      vertex 8.548410072922707 3.659515678882599 6
    endloop
  endfacet
  facet normal 0 0 1
    outer loop
      vertex 7 -7 6
      vertex 8.792904891073704 3.8228818997740746 6
      vertex 8.666644647717476 3.747204415500164 6
    endloop
  endfacet
  facet normal 0 0 1
    outer loop
      vertex 7 -7 6
      vertex 8.925974853336811 3.885819301009178 6
      vertex 8.792904891073704 3.8228818997740746 6
    endloop
  endfacet
  facet normal 0 0 1
    outer loop
      vertex 7 -7 6
      vertex 9.064572982490063 3.9354105070233345 6
      vertex 8.925974853336811 3.885819301009178 6
    endloop
  endfacet
  facet normal 0 0 1
    outer loop
      vertex 7 -7 6
      vertex 9.2073645144701 3.9711779206991196 6
      vertex 9.064572982490063 3.9354105070233345 6
    endloop
  endfacet
  facet normal 0 0 1
    outer loop
      vertex 7 -7 6
      vertex 9.35297428816557 3.9927770867943764 6
      vertex 9.2073645144701 3.9711779206991196 6
    endloop
  endfacet
  facet normal 0 0 1
    outer loop
      vertex 9 -2.912305921316147 6
      vertex 15.5 -3 6
      vertex 9.35297428816557 3.9927770867943764 6
    endloop
  endfacet
  facet normal 0 0 1
    outer loop
      vertex 15.5 -3 6
      vertex 18.5 -3 6
      vertex 9.35297428816557 3.9927770867943764 6
    endloop
  endfacet
  facet normal 0 0 1
    outer loop
      vertex 8.355137377977371 3.4677570834755898 6
      vertex 8.111140467226505 3.662939228117466 6
      vertex 7.942793473601341 3.7638425305485725 6
    endloop
  endfacet
  facet normal 0 0 1
    outer loop
      vertex 7 4 6
      vertex 8.355137377977371 3.4677570834755898 6
      vertex 7.196034282445908 3.9903694540262222 6
    endloop
  endfacet
  facet normal 0 0 1
    outer loop
      vertex 7.196034282445908 3.9903694540262222 6
      vertex 8.355137377977371 3.4677570834755898 6
      vertex 7.3901806473731995 3.9615705609321594 6
    endloop
  endfacet
  facet normal 0 0 1
    outer loop
      vertex 8.355137377977371 3.4677570834755898 6
      vertex 7.765366867184639 3.8477590680122375 6
      vertex 7.580569356679916 3.913880668580532 6
    endloop
  endfacet
  facet normal 0 0 1
    outer loop
      vertex 8.355137377977371 3.4677570834755898 6
      vertex 7.580569356679916 3.913880668580532 6
      vertex 7.3901806473731995 3.9615705609321594 6
    endloop
  endfacet
  facet normal 0 0 1
    outer loop
      vertex 8.355137377977371 3.4677570834755898 6
      vertex 7.942793473601341 3.7638425305485725 6
      vertex 7.765366867184639 3.8477590680122375 6
    endloop
  endfacet
  facet normal 0 0 1
    outer loop
      vertex 8.355137377977371 3.4677570834755898 6
      vertex 8.268786571919918 3.5460209101438522 6
      vertex 8.111140467226505 3.662939228117466 6
    endloop
  endfacet
  facet normal 0 0 1
    outer loop
      vertex 18.5 -3 6
      vertex 9.5 4 6
      vertex 9.35297428816557 3.9927770867943764 6
    endloop
  endfacet
  facet normal 1 0 0
    outer loop
      vertex 20 -4.5 0
      vertex 20 -4.5 6
      vertex 20 -6.5 6
    endloop
  endfacet
  facet normal 0.9415440599260391 0.33688986808449944 0
    outer loop
      vertex 19.885819301009178 -3.925974853336811 0
      vertex 19.885819301009178 -3.925974853336811 6
      vertex 19.935410507023335 -4.064572982490063 6
    endloop
  endfacet
  facet normal 0.9039893026927517 0.4275550731976791 0
    outer loop
      vertex 19.822881899774075 -3.7929048910737038 0
      vertex 19.822881899774075 -3.7929048910737038 6
      vertex 19.885819301009178 -3.925974853336811 6
    endloop
  endfacet
  facet normal 0.857728589734709 0.5141027780042697 0
    outer loop
      vertex 19.747204415500164 -3.666644647717476 0
      vertex 19.747204415500164 -3.666644647717476 6
      vertex 19.822881899774075 -3.7929048910737038 6
    endloop
  endfacet
  facet normal 0.8032075326742517 0.5956993028830408 0
    outer loop
      vertex 19.6595156788826 -3.5484100729227066 0
      vertex 19.6595156788826 -3.5484100729227066 6
      vertex 19.747204415500164 -3.666644647717476 6
    endloop
  endfacet
  facet normal 0.9987954551570747 0.04906769566193293 0
    outer loop
      vertex 19.992777086794376 -4.352974288165569 0
      vertex 19.992777086794376 -4.352974288165569 6
      vertex 20 -4.5 6
    endloop
  endfacet
  facet normal 0.989176513397145 0.14673045131624157 0
    outer loop
      vertex 19.97117792069912 -4.2073645144701 0
      vertex 19.97117792069912 -4.2073645144701 6
      vertex 19.992777086794376 -4.352974288165569 6
    endloop
  endfacet
  facet normal 0.9700312581757379 0.24298016001722234 0
    outer loop
      vertex 19.935410507023335 -4.064572982490063 0
      vertex 19.935410507023335 -4.064572982490063 6
      vertex 19.97117792069912 -4.2073645144701 6
    endloop
  endfacet
  facet normal 0 -1 0
    outer loop
      vertex 18.5 -3 0
      vertex 25.253801214870954 -3 3.3462529016451588
      vertex 18.5 -3 6
    endloop
  endfacet
  facet normal -0.5956993028830408 0.8032075326742517 0
    outer loop
      vertex 14.548410072922707 -3.340484321117401 0
      vertex 14.548410072922707 -3.340484321117401 6
      vertex 14.666644647717476 -3.252795584499836 6
    endloop
  endfacet
  facet normal -0.5141027780042697 0.857728589734709 0
    outer loop
      vertex 14.666644647717476 -3.252795584499836 0
      vertex 14.666644647717476 -3.252795584499836 6
      vertex 14.792904891073704 -3.1771181002259254 6
    endloop
  endfacet
  facet normal -0.4275550731976791 0.9039893026927517 0
    outer loop
      vertex 14.792904891073704 -3.1771181002259254 0
      vertex 14.792904891073704 -3.1771181002259254 6
      vertex 14.925974853336811 -3.114180698990822 6
    endloop
  endfacet
  facet normal -0.33688986808449944 0.9415440599260391 0
    outer loop
      vertex 14.925974853336811 -3.114180698990822 0
      vertex 14.925974853336811 -3.114180698990822 6
      vertex 15.064572982490063 -3.0645894929766655 6
    endloop
  endfacet
  facet normal -0.24298016001722234 0.9700312581757379 0
    outer loop
      vertex 15.064572982490063 -3.0645894929766655 0
      vertex 15.064572982490063 -3.0645894929766655 6
      vertex 15.2073645144701 -3.0288220793008804 6
    endloop
  endfacet
  facet normal -0.14673045131624157 0.989176513397145 0
    outer loop
      vertex 15.2073645144701 -3.0288220793008804 0
      vertex 15.2073645144701 -3.0288220793008804 6
      vertex 15.35297428816557 -3.0072229132056236 6
    endloop
  endfacet
  facet normal -0.04906769566193293 0.9987954551570747 0
    outer loop
      vertex 15.35297428816557 -3.0072229132056236 0
      vertex 15.35297428816557 -3.0072229132056236 6
      vertex 15.5 -3 6
    endloop
  endfacet
  facet normal 0.04906769566193293 0.9987954551570747 0
    outer loop
      vertex 18.5 -3 0
      vertex 18.5 -3 6
      vertex 18.64702571183443 -3.0072229132056236 6
    endloop
  endfacet
  facet normal 0.24298016001722234 0.9700312581757379 0
    outer loop
      vertex 18.7926354855299 -3.0288220793008804 0
      vertex 18.7926354855299 -3.0288220793008804 6
      vertex 18.935427017509937 -3.0645894929766655 6
    endloop
  endfacet
  facet normal 0.33688986808449944 0.9415440599260391 0
    outer loop
      vertex 18.935427017509937 -3.0645894929766655 0
      vertex 18.935427017509937 -3.0645894929766655 6
      vertex 19.07402514666319 -3.114180698990822 6
    endloop
  endfacet
  facet normal 0.14673045131624157 0.989176513397145 0
    outer loop
      vertex 18.64702571183443 -3.0072229132056236 0
      vertex 18.64702571183443 -3.0072229132056236 6
      vertex 18.7926354855299 -3.0288220793008804 6
    endloop
  endfacet
  facet normal 0.5141027780042697 0.857728589734709 0
    outer loop
      vertex 19.207095108926296 -3.1771181002259254 0
      vertex 19.207095108926296 -3.1771181002259254 6
      vertex 19.333355352282524 -3.252795584499836 6
    endloop
  endfacet
  facet normal 0.5956993028830408 0.8032075326742517 0
    outer loop
      vertex 19.333355352282524 -3.252795584499836 0
      vertex 19.333355352282524 -3.252795584499836 6
      vertex 19.451589927077293 -3.340484321117401 6
    endloop
  endfacet
  facet normal 0.7409511057814068 0.6715589764431048 0
    outer loop
      vertex 19.560660168528557 -3.439339831471443 0
      vertex 19.560660168528557 -3.439339831471443 6
      vertex 19.6595156788826 -3.5484100729227066 6
    endloop
  endfacet
  facet normal 0.6715589764431048 0.7409511057814068 0
    outer loop
      vertex 19.451589927077293 -3.340484321117401 0
      vertex 19.451589927077293 -3.340484321117401 6
      vertex 19.560660168528557 -3.439339831471443 6
    endloop
  endfacet
  facet normal 0.4275550731976791 0.9039893026927517 0
    outer loop
      vertex 19.07402514666319 -3.114180698990822 0
      vertex 19.07402514666319 -3.114180698990822 6
      vertex 19.207095108926296 -3.1771181002259254 6
    endloop
  endfacet
  facet normal 0 -1 0
    outer loop
      vertex 18.5 -3 6
      vertex 25.253801214870954 -3 3.3462529016451588
      vertex 25.320567059949816 -3 3.6127970963124945
    endloop
  endfacet
  facet normal 0 -1 0
    outer loop
      vertex 18.5 -3 6
      vertex 25.320567059949816 -3 3.6127970963124945
      vertex 25.4131373089684 -3 3.871513610622251
    endloop
  endfacet
  facet normal 0 0 1
    outer loop
      vertex 14.340484321117401 -7.451589927077293 6
      vertex 15.5 -3 6
      vertex 14.252795584499836 -7.333355352282524 6
    endloop
  endfacet
  facet normal 0 0 1
    outer loop
      vertex 14.252795584499836 -7.333355352282524 6
      vertex 15.5 -3 6
      vertex 14.177118100225925 -7.207095108926296 6
    endloop
  endfacet
  facet normal 0 0 1
    outer loop
      vertex 14.177118100225925 -7.207095108926296 6
      vertex 15.5 -3 6
      vertex 14.114180698990822 -7.074025146663189 6
    endloop
  endfacet
  facet normal 0 0 1
    outer loop
      vertex 14.114180698990822 -7.074025146663189 6
      vertex 15.5 -3 6
      vertex 14.064589492976665 -6.935427017509937 6
    endloop
  endfacet
  facet normal 0 0 1
    outer loop
      vertex 14.064589492976665 -6.935427017509937 6
      vertex 15.5 -3 6
      vertex 14.02882207930088 -6.7926354855299 6
    endloop
  endfacet
  facet normal 0 0 1
    outer loop
      vertex 14.02882207930088 -6.7926354855299 6
      vertex 15.5 -3 6
      vertex 14.007222913205624 -6.647025711834431 6
    endloop
  endfacet
  facet normal 0 0 1
    outer loop
      vertex 14.007222913205624 -6.647025711834431 6
      vertex 15.5 -3 6
      vertex 14 -6.5 6
    endloop
  endfacet
  facet normal 0 0 1
    outer loop
      vertex 14 -6.5 6
      vertex 15.5 -3 6
      vertex 14 -4.5 6
    endloop
  endfacet
  facet normal 0 0 1
    outer loop
      vertex 14 -4.5 6
      vertex 15.5 -3 6
      vertex 14.007222913205624 -4.352974288165569 6
    endloop
  endfacet
  facet normal 0 0 1
    outer loop
      vertex 14.007222913205624 -4.352974288165569 6
      vertex 15.5 -3 6
      vertex 14.02882207930088 -4.2073645144701 6
    endloop
  endfacet
  facet normal 0 0 1
    outer loop
      vertex 14.02882207930088 -4.2073645144701 6
      vertex 15.5 -3 6
      vertex 14.064589492976665 -4.064572982490063 6
    endloop
  endfacet
  facet normal 0 0 1
    outer loop
      vertex 14.064589492976665 -4.064572982490063 6
      vertex 15.5 -3 6
      vertex 14.114180698990822 -3.925974853336811 6
    endloop
  endfacet
  facet normal 0 0 1
    outer loop
      vertex 14.114180698990822 -3.925974853336811 6
      vertex 15.5 -3 6
      vertex 14.177118100225925 -3.7929048910737038 6
    endloop
  endfacet
  facet normal 0 0 1
    outer loop
      vertex 19.6595156788826 -7.451589927077293 6
      vertex 19.747204415500164 -7.333355352282524 6
      vertex 15.5 -3 6
    endloop
  endfacet
  facet normal 0 0 1
    outer loop
      vertex 19.747204415500164 -7.333355352282524 6
      vertex 19.822881899774075 -7.207095108926296 6
      vertex 15.5 -3 6
    endloop
  endfacet
  facet normal 0 0 1
    outer loop
      vertex 19.822881899774075 -7.207095108926296 6
      vertex 19.885819301009178 -7.074025146663189 6
      vertex 15.5 -3 6
    endloop
  endfacet
  facet normal 0 0 1
    outer loop
      vertex 19.885819301009178 -7.074025146663189 6
      vertex 19.935410507023335 -6.935427017509937 6
      vertex 15.5 -3 6
    endloop
  endfacet
  facet normal 0 0 1
    outer loop
      vertex 19.935410507023335 -6.935427017509937 6
      vertex 19.97117792069912 -6.7926354855299 6
      vertex 15.5 -3 6
    endloop
  endfacet
  facet normal 0 0 1
    outer loop
      vertex 19.97117792069912 -6.7926354855299 6
      vertex 19.992777086794376 -6.647025711834431 6
      vertex 15.5 -3 6
    endloop
  endfacet
  facet normal 0 0 1
    outer loop
      vertex 19.992777086794376 -6.647025711834431 6
      vertex 20 -6.5 6
      vertex 15.5 -3 6
    endloop
  endfacet
  facet normal 0 0 1
    outer loop
      vertex 20 -6.5 6
      vertex 20 -4.5 6
      vertex 15.5 -3 6
    endloop
  endfacet
  facet normal 0 0 1
    outer loop
      vertex 20 -4.5 6
      vertex 19.992777086794376 -4.352974288165569 6
      vertex 15.5 -3 6
    endloop
  endfacet
  facet normal 0 0 1
    outer loop
      vertex 19.992777086794376 -4.352974288165569 6
      vertex 19.97117792069912 -4.2073645144701 6
      vertex 15.5 -3 6
    endloop
  endfacet
  facet normal 0 0 1
    outer loop
      vertex 19.935410507023335 -4.064572982490063 6
      vertex 15.5 -3 6
      vertex 19.97117792069912 -4.2073645144701 6
    endloop
  endfacet
  facet normal 0 0 1
    outer loop
      vertex 19.935410507023335 -4.064572982490063 6
      vertex 19.885819301009178 -3.925974853336811 6
      vertex 15.5 -3 6
    endloop
  endfacet
  facet normal 0 0 1
    outer loop
      vertex 19.885819301009178 -3.925974853336811 6
      vertex 19.822881899774075 -3.7929048910737038 6
      vertex 15.5 -3 6
    endloop
  endfacet
  facet normal 0 0 1
    outer loop
      vertex 14.177118100225925 -3.7929048910737038 6
      vertex 15.5 -3 6
      vertex 14.252795584499836 -3.666644647717476 6
    endloop
  endfacet
  facet normal 0 0 1
    outer loop
      vertex 14.252795584499836 -3.666644647717476 6
      vertex 15.5 -3 6
      vertex 14.340484321117401 -3.5484100729227066 6
    endloop
  endfacet
  facet normal 0 0 1
    outer loop
      vertex 14.340484321117401 -3.5484100729227066 6
      vertex 15.5 -3 6
      vertex 14.439339831471443 -3.439339831471443 6
    endloop
  endfacet
  facet normal 0 0 1
    outer loop
      vertex 14.439339831471443 -3.439339831471443 6
      vertex 15.35297428816557 -3.0072229132056236 6
      vertex 14.548410072922707 -3.340484321117401 6
    endloop
  endfacet
  facet normal 0 0 1
    outer loop
      vertex 14.548410072922707 -3.340484321117401 6
      vertex 15.35297428816557 -3.0072229132056236 6
      vertex 14.666644647717476 -3.252795584499836 6
    endloop
  endfacet
  facet normal 0 0 1
    outer loop
      vertex 14.666644647717476 -3.252795584499836 6
      vertex 14.925974853336811 -3.114180698990822 6
      vertex 14.792904891073704 -3.1771181002259254 6
    endloop
  endfacet
  facet normal 0 0 1
    outer loop
      vertex 14.666644647717476 -3.252795584499836 6
      vertex 15.064572982490063 -3.0645894929766655 6
      vertex 14.925974853336811 -3.114180698990822 6
    endloop
  endfacet
  facet normal 0 0 1
    outer loop
      vertex 14.666644647717476 -3.252795584499836 6
      vertex 15.2073645144701 -3.0288220793008804 6
      vertex 15.064572982490063 -3.0645894929766655 6
    endloop
  endfacet
  facet normal 0 0 1
    outer loop
      vertex 14.439339831471443 -3.439339831471443 6
      vertex 15.5 -3 6
      vertex 15.35297428816557 -3.0072229132056236 6
    endloop
  endfacet
  facet normal 0 0 1
    outer loop
      vertex 14.666644647717476 -3.252795584499836 6
      vertex 15.35297428816557 -3.0072229132056236 6
      vertex 15.2073645144701 -3.0288220793008804 6
    endloop
  endfacet
  facet normal 0 0 1
    outer loop
      vertex 15.5 -3 6
      vertex 19.451589927077293 -3.340484321117401 6
      vertex 19.333355352282524 -3.252795584499836 6
    endloop
  endfacet
  facet normal 0 0 1
    outer loop
      vertex 15.5 -3 6
      vertex 18.64702571183443 -3.0072229132056236 6
      vertex 18.5 -3 6
    endloop
  endfacet
  facet normal 0 0 1
    outer loop
      vertex 15.5 -3 6
      vertex 18.7926354855299 -3.0288220793008804 6
      vertex 18.64702571183443 -3.0072229132056236 6
    endloop
  endfacet
  facet normal 0 0 1
    outer loop
      vertex 15.5 -3 6
      vertex 19.07402514666319 -3.114180698990822 6
      vertex 18.935427017509937 -3.0645894929766655 6
    endloop
  endfacet
  facet normal 0 0 1
    outer loop
      vertex 15.5 -3 6
      vertex 19.333355352282524 -3.252795584499836 6
      vertex 19.207095108926296 -3.1771181002259254 6
    endloop
  endfacet
  facet normal 0 0 1
    outer loop
      vertex 15.5 -3 6
      vertex 19.207095108926296 -3.1771181002259254 6
      vertex 19.07402514666319 -3.114180698990822 6
    endloop
  endfacet
  facet normal 0 0 1
    outer loop
      vertex 15.5 -3 6
      vertex 18.935427017509937 -3.0645894929766655 6
      vertex 18.7926354855299 -3.0288220793008804 6
    endloop
  endfacet
  facet normal 0 0 1
    outer loop
      vertex 19.747204415500164 -3.666644647717476 6
      vertex 19.6595156788826 -3.5484100729227066 6
      vertex 15.5 -3 6
    endloop
  endfacet
  facet normal 0 0 1
    outer loop
      vertex 19.822881899774075 -3.7929048910737038 6
      vertex 19.747204415500164 -3.666644647717476 6
      vertex 15.5 -3 6
    endloop
  endfacet
  facet normal 0 0 1
    outer loop
      vertex 19.6595156788826 -3.5484100729227066 6
      vertex 19.560660168528557 -3.439339831471443 6
      vertex 15.5 -3 6
    endloop
  endfacet
  facet normal 0 0 1
    outer loop
      vertex 15.5 -3 6
      vertex 19.560660168528557 -3.439339831471443 6
      vertex 19.451589927077293 -3.340484321117401 6
    endloop
  endfacet
  facet normal 0 -1 0
    outer loop
      vertex 18.5 -3 6
      vertex 25.4131373089684 -3 3.871513610622251
      vertex 25.530620459824604 -3 4.119910863112793
    endloop
  endfacet
  facet normal 0 -1 0
    outer loop
      vertex 18.5 -3 6
      vertex 25.530620459824604 -3 4.119910863112793
      vertex 25.671885085552873 -3 4.355596652454886
    endloop
  endfacet
  facet normal 0 -1 0
    outer loop
      vertex 18.5 -3 6
      vertex 25.671885085552873 -3 4.355596652454886
      vertex 25.835570730584337 -3 4.576301195658207
    endloop
  endfacet
  facet normal 0 -1 0
    outer loop
      vertex 18.5 -3 6
      vertex 25.835570730584337 -3 4.576301195658207
      vertex 26.020101012677667 -3 4.779898987322333
    endloop
  endfacet
  facet normal 0 -1 0
    outer loop
      vertex 18.5 -3 6
      vertex 26.020101012677667 -3 4.779898987322333
      vertex 26.223698804341794 -3 4.964429269415663
    endloop
  endfacet
  facet normal 0 -1 0
    outer loop
      vertex 18.5 -3 6
      vertex 26.223698804341794 -3 4.964429269415663
      vertex 26.444403347545112 -3 5.128114914447126
    endloop
  endfacet
  facet normal 0 -1 0
    outer loop
      vertex 18.5 -3 6
      vertex 26.444403347545112 -3 5.128114914447126
      vertex 26.680089136887208 -3 5.269379540175394
    endloop
  endfacet
  facet normal 0 -1 0
    outer loop
      vertex 18.5 -3 6
      vertex 26.680089136887208 -3 5.269379540175394
      vertex 26.92848638937775 -3 5.386862691031602
    endloop
  endfacet
  facet normal 0 -1 0
    outer loop
      vertex 18.5 -3 6
      vertex 26.92848638937775 -3 5.386862691031602
      vertex 27.187202903687506 -3 5.479432940050184
    endloop
  endfacet
  facet normal 0 -1 0
    outer loop
      vertex 18.5 -3 6
      vertex 27.187202903687506 -3 5.479432940050184
      vertex 27.453747098354842 -3 5.546198785129045
    endloop
  endfacet
  facet normal 0 -1 0
    outer loop
      vertex 18.5 -3 6
      vertex 27.453747098354842 -3 5.546198785129045
      vertex 27.72555200707723 -3 5.586517234682152
    endloop
  endfacet
  facet normal 0 -1 0
    outer loop
      vertex 18.5 -3 6
      vertex 27.72555200707723 -3 5.586517234682152
      vertex 34.5 -3 6
    endloop
  endfacet
  facet normal 0 1 0
    outer loop
      vertex 9.5 4 0
      vertex 9.5 4 6
      vertex 34.5 4 6
    endloop
  endfacet
  facet normal 0 0 1
    outer loop
      vertex 18.5 -3 6
      vertex 34.5 -3 6
      vertex 9.5 4 6
    endloop
  endfacet
  facet normal 0 0 1
    outer loop
      vertex 9.5 4 6
      vertex 34.5 -3 6
      vertex 34.64702571183443 -2.9927770867943764 6
    endloop
  endfacet
  facet normal 0 0 1
    outer loop
      vertex 9.5 4 6
      vertex 34.64702571183443 -2.9927770867943764 6
      vertex 34.7926354855299 -2.9711779206991196 6
    endloop
  endfacet
  facet normal 0 0 1
    outer loop
      vertex 9.5 4 6
      vertex 34.7926354855299 -2.9711779206991196 6
      vertex 34.93542701750994 -2.9354105070233345 6
    endloop
  endfacet
  facet normal 0 0 1
    outer loop
      vertex 9.5 4 6
      vertex 34.93542701750994 -2.9354105070233345 6
      vertex 35.07402514666319 -2.885819301009178 6
    endloop
  endfacet
  facet normal 0 0 1
    outer loop
      vertex 9.5 4 6
      vertex 35.07402514666319 -2.885819301009178 6
      vertex 35.207095108926296 -2.8228818997740746 6
    endloop
  endfacet
  facet normal 0 0 1
    outer loop
      vertex 9.5 4 6
      vertex 35.207095108926296 -2.8228818997740746 6
      vertex 35.333355352282524 -2.747204415500164 6
    endloop
  endfacet
  facet normal 0 0 1
    outer loop
      vertex 9.5 4 6
      vertex 35.333355352282524 -2.747204415500164 6
      vertex 35.45158992707729 -2.659515678882599 6
    endloop
  endfacet
  facet normal 0 0 1
    outer loop
      vertex 9.5 4 6
      vertex 35.45158992707729 -2.659515678882599 6
      vertex 35.56066016852856 -2.560660168528557 6
    endloop
  endfacet
  facet normal 0 0 1
    outer loop
      vertex 9.5 4 6
      vertex 35.56066016852856 -2.560660168528557 6
      vertex 35.6595156788826 -2.4515899270772934 6
    endloop
  endfacet
  facet normal 0 0 1
    outer loop
      vertex 9.5 4 6
      vertex 35.6595156788826 -2.4515899270772934 6
      vertex 35.747204415500164 -2.333355352282524 6
    endloop
  endfacet
  facet normal 0 0 1
    outer loop
      vertex 9.5 4 6
      vertex 35.747204415500164 -2.333355352282524 6
      vertex 35.822881899774075 -2.2070951089262962 6
    endloop
  endfacet
  facet normal 0 0 1
    outer loop
      vertex 9.5 4 6
      vertex 35.822881899774075 -2.2070951089262962 6
      vertex 35.88581930100918 -2.074025146663189 6
    endloop
  endfacet
  facet normal 0 0 1
    outer loop
      vertex 9.5 4 6
      vertex 35.88581930100918 -2.074025146663189 6
      vertex 35.935410507023335 -1.9354270175099373 6
    endloop
  endfacet
  facet normal 0 0 1
    outer loop
      vertex 9.5 4 6
      vertex 35.935410507023335 -1.9354270175099373 6
      vertex 35.97117792069912 -1.7926354855298996 6
    endloop
  endfacet
  facet normal 0 0 1
    outer loop
      vertex 9.5 4 6
      vertex 35.97117792069912 -1.7926354855298996 6
      vertex 35.992777086794376 -1.6470257118344307 6
    endloop
  endfacet
  facet normal 0 0 1
    outer loop
      vertex 9.5 4 6
      vertex 35.992777086794376 -1.6470257118344307 6
      vertex 36 -1.5 6
    endloop
  endfacet
  facet normal 0 0 1
    outer loop
      vertex 9.5 4 6
      vertex 36 -1.5 6
      vertex 36 -0.5 6
    endloop
  endfacet
  facet normal 0 0 1
    outer loop
      vertex 9.5 4 6
      vertex 36 -0.5 6
      vertex 34.5 4 6
    endloop
  endfacet
  facet normal 0 -1 0
    outer loop
      vertex 34.5 -3 0
      vertex 28.27444799292277 -3 0.013482765317848422
      vertex 28 -3 0
    endloop
  endfacet
  facet normal 0 -1 0
    outer loop
      vertex 34.5 -3 0
      vertex 28.546252901645158 -3 0.053801214870954794
      vertex 28.27444799292277 -3 0.013482765317848422
    endloop
  endfacet
  facet normal 0 -1 0
    outer loop
      vertex 34.5 -3 0
      vertex 28.812797096312494 -3 0.1205670599498152
      vertex 28.546252901645158 -3 0.053801214870954794
    endloop
  endfacet
  facet normal 0 -1 0
    outer loop
      vertex 34.5 -3 0
      vertex 29.07151361062225 -3 0.21313730896839722
      vertex 28.812797096312494 -3 0.1205670599498152
    endloop
  endfacet
  facet normal 0 -1 0
    outer loop
      vertex 34.5 -3 0
      vertex 29.319910863112792 -3 0.33062045982460564
      vertex 29.07151361062225 -3 0.21313730896839722
    endloop
  endfacet
  facet normal 0 -1 0
    outer loop
      vertex 34.5 -3 0
      vertex 29.555596652454888 -3 0.4718850855528731
      vertex 29.319910863112792 -3 0.33062045982460564
    endloop
  endfacet
  facet normal 0 -1 0
    outer loop
      vertex 34.5 -3 0
      vertex 29.776301195658206 -3 0.6355707305843366
      vertex 29.555596652454888 -3 0.4718850855528731
    endloop
  endfacet
  facet normal 0 -1 0
    outer loop
      vertex 34.5 -3 0
      vertex 29.979898987322333 -3 0.8201010126776667
      vertex 29.776301195658206 -3 0.6355707305843366
    endloop
  endfacet
  facet normal 0 -1 0
    outer loop
      vertex 34.5 -3 0
      vertex 30.164429269415663 -3 1.0236988043417925
      vertex 29.979898987322333 -3 0.8201010126776667
    endloop
  endfacet
  facet normal 0 -1 0
    outer loop
      vertex 34.5 -3 0
      vertex 30.328114914447127 -3 1.2444033475451137
      vertex 30.164429269415663 -3 1.0236988043417925
    endloop
  endfacet
  facet normal 0 -1 0
    outer loop
      vertex 34.5 -3 0
      vertex 30.469379540175396 -3 1.4800891368872064
      vertex 30.328114914447127 -3 1.2444033475451137
    endloop
  endfacet
  facet normal 0 -1 0
    outer loop
      vertex 34.5 -3 0
      vertex 30.5868626910316 -3 1.7284863893777485
      vertex 30.469379540175396 -3 1.4800891368872064
    endloop
  endfacet
  facet normal 0 -1 0
    outer loop
      vertex 34.5 -3 0
      vertex 30.679432940050184 -3 1.9872029036875052
      vertex 30.5868626910316 -3 1.7284863893777485
    endloop
  endfacet
  facet normal 0 -1 0
    outer loop
      vertex 34.5 -3 0
      vertex 30.746198785129046 -3 2.253747098354841
      vertex 30.679432940050184 -3 1.9872029036875052
    endloop
  endfacet
  facet normal 0 -1 0
    outer loop
      vertex 34.5 -3 0
      vertex 30.78651723468215 -3 2.52555200707723
      vertex 30.746198785129046 -3 2.253747098354841
    endloop
  endfacet
  facet normal 0.04906769566193293 -0.9987954551570747 0
    outer loop
      vertex 34.5 -3 0
      vertex 34.64702571183443 -2.9927770867943764 0
      vertex 34.5 -3 6
    endloop
  endfacet
  facet normal 0.14673045131624157 -0.989176513397145 0
    outer loop
      vertex 34.64702571183443 -2.9927770867943764 0
      vertex 34.7926354855299 -2.9711779206991196 0
      vertex 34.64702571183443 -2.9927770867943764 6
    endloop
  endfacet
  facet normal 0.24298016001722234 -0.9700312581757379 0
    outer loop
      vertex 34.7926354855299 -2.9711779206991196 0
      vertex 34.93542701750994 -2.9354105070233345 0
      vertex 34.7926354855299 -2.9711779206991196 6
    endloop
  endfacet
  facet normal 0.33688986808449944 -0.9415440599260391 0
    outer loop
      vertex 34.93542701750994 -2.9354105070233345 0
      vertex 35.07402514666319 -2.885819301009178 0
      vertex 34.93542701750994 -2.9354105070233345 6
    endloop
  endfacet
  facet normal 0.4275550731976791 -0.9039893026927517 0
    outer loop
      vertex 35.07402514666319 -2.885819301009178 0
      vertex 35.207095108926296 -2.8228818997740746 0
      vertex 35.07402514666319 -2.885819301009178 6
    endloop
  endfacet
  facet normal 0.5141027780042697 -0.857728589734709 0
    outer loop
      vertex 35.207095108926296 -2.8228818997740746 0
      vertex 35.333355352282524 -2.747204415500164 0
      vertex 35.207095108926296 -2.8228818997740746 6
    endloop
  endfacet
  facet normal 0.5956993028830408 -0.8032075326742517 0
    outer loop
      vertex 35.333355352282524 -2.747204415500164 0
      vertex 35.45158992707729 -2.659515678882599 0
      vertex 35.333355352282524 -2.747204415500164 6
    endloop
  endfacet
  facet normal 0.6715589764431048 -0.7409511057814068 0
    outer loop
      vertex 35.45158992707729 -2.659515678882599 0
      vertex 35.56066016852856 -2.560660168528557 0
      vertex 35.45158992707729 -2.659515678882599 6
    endloop
  endfacet
  facet normal 0.7409511057814068 -0.6715589764431048 0
    outer loop
      vertex 35.56066016852856 -2.560660168528557 0
      vertex 35.6595156788826 -2.4515899270772934 0
      vertex 35.56066016852856 -2.560660168528557 6
    endloop
  endfacet
  facet normal 0.8032075326742517 -0.5956993028830408 0
    outer loop
      vertex 35.6595156788826 -2.4515899270772934 0
      vertex 35.747204415500164 -2.333355352282524 0
      vertex 35.6595156788826 -2.4515899270772934 6
    endloop
  endfacet
  facet normal 0.857728589734709 -0.5141027780042697 0
    outer loop
      vertex 35.747204415500164 -2.333355352282524 0
      vertex 35.822881899774075 -2.2070951089262962 0
      vertex 35.747204415500164 -2.333355352282524 6
    endloop
  endfacet
  facet normal 0.9039893026927517 -0.4275550731976791 0
    outer loop
      vertex 35.822881899774075 -2.2070951089262962 0
      vertex 35.88581930100918 -2.074025146663189 0
      vertex 35.822881899774075 -2.2070951089262962 6
    endloop
  endfacet
  facet normal 0.9415440599260391 -0.33688986808449944 0
    outer loop
      vertex 35.88581930100918 -2.074025146663189 0
      vertex 35.935410507023335 -1.9354270175099373 0
      vertex 35.88581930100918 -2.074025146663189 6
    endloop
  endfacet
  facet normal 0.9700312581757379 -0.24298016001722234 0
    outer loop
      vertex 35.935410507023335 -1.9354270175099373 0
      vertex 35.97117792069912 -1.7926354855298996 0
      vertex 35.935410507023335 -1.9354270175099373 6
    endloop
  endfacet
  facet normal 0.989176513397145 -0.14673045131624157 0
    outer loop
      vertex 35.97117792069912 -1.7926354855298996 0
      vertex 35.992777086794376 -1.6470257118344307 0
      vertex 35.97117792069912 -1.7926354855298996 6
    endloop
  endfacet
  facet normal 0.9987954551570747 -0.04906769566193293 0
    outer loop
      vertex 35.992777086794376 -1.6470257118344307 0
      vertex 36 -1.5 0
      vertex 35.992777086794376 -1.6470257118344307 6
    endloop
  endfacet
  facet normal 1 0 0
    outer loop
      vertex 36 -1.5 0
      vertex 36 -0.5 0
      vertex 36 -1.5 6
    endloop
  endfacet
  facet normal 0 -1 0
    outer loop
      vertex 34.5 -3 0
      vertex 34.5 -3 6
      vertex 30.78651723468215 -3 2.52555200707723
    endloop
  endfacet
  facet normal 0 0 -1
    outer loop
      vertex 36 -0.5 0
      vertex 35.88581930100918 3.074025146663189 0
      vertex 35.91230592131615 3 0
    endloop
  endfacet
  facet normal 0 0 -1
    outer loop
      vertex 36 -0.5 0
      vertex 35.822881899774075 3.2070951089262962 0
      vertex 35.88581930100918 3.074025146663189 0
    endloop
  endfacet
  facet normal 0 0 -1
    outer loop
      vertex 36 -0.5 0
      vertex 35.747204415500164 3.333355352282524 0
      vertex 35.822881899774075 3.2070951089262962 0
    endloop
  endfacet
  facet normal 0 0 -1
    outer loop
      vertex 36 -0.5 0
      vertex 35.6595156788826 3.4515899270772934 0
      vertex 35.747204415500164 3.333355352282524 0
    endloop
  endfacet
  facet normal 0 0 -1
    outer loop
      vertex 36 -0.5 0
      vertex 34.5 4 0
      vertex 34.64702571183443 3.9927770867943764 0
    endloop
  endfacet
  facet normal 0 0 -1
    outer loop
      vertex 36 -0.5 0
      vertex 34.64702571183443 3.9927770867943764 0
      vertex 34.7926354855299 3.9711779206991196 0
    endloop
  endfacet
  facet normal 0 0 -1
    outer loop
      vertex 36 -0.5 0
      vertex 34.7926354855299 3.9711779206991196 0
      vertex 34.93542701750994 3.9354105070233345 0
    endloop
  endfacet
  facet normal 0 0 -1
    outer loop
      vertex 36 -0.5 0
      vertex 34.93542701750994 3.9354105070233345 0
      vertex 35.07402514666319 3.885819301009178 0
    endloop
  endfacet
  facet normal 0 0 -1
    outer loop
      vertex 36 -0.5 0
      vertex 35.56066016852856 3.560660168528557 0
      vertex 35.6595156788826 3.4515899270772934 0
    endloop
  endfacet
  facet normal 0 0 -1
    outer loop
      vertex 36 -0.5 0
      vertex 35.45158992707729 3.659515678882599 0
      vertex 35.56066016852856 3.560660168528557 0
    endloop
  endfacet
  facet normal 0 0 -1
    outer loop
      vertex 36 -0.5 0
      vertex 35.207095108926296 3.8228818997740746 0
      vertex 35.333355352282524 3.747204415500164 0
    endloop
  endfacet
  facet normal 0 0 -1
    outer loop
      vertex 36 -0.5 0
      vertex 35.07402514666319 3.885819301009178 0
      vertex 35.207095108926296 3.8228818997740746 0
    endloop
  endfacet
  facet normal 0 0 -1
    outer loop
      vertex 36 -0.5 0
      vertex 35.333355352282524 3.747204415500164 0
      vertex 35.45158992707729 3.659515678882599 0
    endloop
  endfacet
  facet normal 0 0 -1
    outer loop
      vertex 36 -0.5 0
      vertex 35.91230592131615 3 0
      vertex 56.5 3 0
    endloop
  endfacet
  facet normal 0.9415440679679048 0.3368898456089907 0
    outer loop
      vertex 35.91230592131615 3 0
      vertex 35.88581930100918 3.074025146663189 0
      vertex 35.91230592131615 3 6
    endloop
  endfacet
  facet normal 0.8032075326742517 0.5956993028830408 0
    outer loop
      vertex 35.747204415500164 3.333355352282524 0
      vertex 35.6595156788826 3.4515899270772934 0
      vertex 35.747204415500164 3.333355352282524 6
    endloop
  endfacet
  facet normal 0.9039893026927517 0.4275550731976791 0
    outer loop
      vertex 35.88581930100918 3.074025146663189 0
      vertex 35.822881899774075 3.2070951089262962 0
      vertex 35.88581930100918 3.074025146663189 6
    endloop
  endfacet
  facet normal 0.857728589734709 0.5141027780042697 0
    outer loop
      vertex 35.822881899774075 3.2070951089262962 0
      vertex 35.747204415500164 3.333355352282524 0
      vertex 35.822881899774075 3.2070951089262962 6
    endloop
  endfacet
  facet normal 0.04906769566193293 0.9987954551570747 0
    outer loop
      vertex 34.5 4 0
      vertex 34.64702571183443 3.9927770867943764 6
      vertex 34.64702571183443 3.9927770867943764 0
    endloop
  endfacet
  facet normal 0.14673045131624157 0.989176513397145 0
    outer loop
      vertex 34.64702571183443 3.9927770867943764 0
      vertex 34.7926354855299 3.9711779206991196 6
      vertex 34.7926354855299 3.9711779206991196 0
    endloop
  endfacet
  facet normal 0.24298016001722234 0.9700312581757379 0
    outer loop
      vertex 34.7926354855299 3.9711779206991196 0
      vertex 34.93542701750994 3.9354105070233345 6
      vertex 34.93542701750994 3.9354105070233345 0
    endloop
  endfacet
  facet normal 0.5141027780042697 0.857728589734709 0
    outer loop
      vertex 35.333355352282524 3.747204415500164 0
      vertex 35.207095108926296 3.8228818997740746 0
      vertex 35.333355352282524 3.747204415500164 6
    endloop
  endfacet
  facet normal 0.33688986808449944 0.9415440599260391 0
    outer loop
      vertex 35.07402514666319 3.885819301009178 0
      vertex 34.93542701750994 3.9354105070233345 0
      vertex 35.07402514666319 3.885819301009178 6
    endloop
  endfacet
  facet normal 0.4275550731976791 0.9039893026927517 0
    outer loop
      vertex 35.07402514666319 3.885819301009178 0
      vertex 35.207095108926296 3.8228818997740746 6
      vertex 35.207095108926296 3.8228818997740746 0
    endloop
  endfacet
  facet normal 0.7409511057814068 0.6715589764431048 0
    outer loop
      vertex 35.6595156788826 3.4515899270772934 0
      vertex 35.56066016852856 3.560660168528557 0
      vertex 35.6595156788826 3.4515899270772934 6
    endloop
  endfacet
  facet normal 0.6715589764431048 0.7409511057814068 0
    outer loop
      vertex 35.56066016852856 3.560660168528557 0
      vertex 35.45158992707729 3.659515678882599 0
      vertex 35.56066016852856 3.560660168528557 6
    endloop
  endfacet
  facet normal 0.5956993028830408 0.8032075326742517 0
    outer loop
      vertex 35.333355352282524 3.747204415500164 0
      vertex 35.45158992707729 3.659515678882599 6
      vertex 35.45158992707729 3.659515678882599 0
    endloop
  endfacet
  facet normal 0 -1 0
    outer loop
      vertex 36 -0.5 0
      vertex 56.5 -0.5 0
      vertex 36 -0.5 6
    endloop
  endfacet
  facet normal 0 0 -1
    outer loop
      vertex 36 -0.5 0
      vertex 58 1 0
      vertex 56.5 -0.5 0
    endloop
  endfacet
  facet normal 0 0 -1
    outer loop
      vertex 36 -0.5 0
      vertex 58 1.5 0
      vertex 58 1 0
    endloop
  endfacet
  facet normal 0 0 -1
    outer loop
      vertex 36 -0.5 0
      vertex 57.992777086794376 1.6470257118344307 0
      vertex 58 1.5 0
    endloop
  endfacet
  facet normal 0 0 -1
    outer loop
      vertex 36 -0.5 0
      vertex 57.97117792069912 1.7926354855298996 0
      vertex 57.992777086794376 1.6470257118344307 0
    endloop
  endfacet
  facet normal 0 0 -1
    outer loop
      vertex 36 -0.5 0
      vertex 57.935410507023335 1.9354270175099373 0
      vertex 57.97117792069912 1.7926354855298996 0
    endloop
  endfacet
  facet normal 0 0 -1
    outer loop
      vertex 36 -0.5 0
      vertex 57.88581930100918 2.074025146663189 0
      vertex 57.935410507023335 1.9354270175099373 0
    endloop
  endfacet
  facet normal 0 0 -1
    outer loop
      vertex 36 -0.5 0
      vertex 57.822881899774075 2.2070951089262962 0
      vertex 57.88581930100918 2.074025146663189 0
    endloop
  endfacet
  facet normal 0 0 -1
    outer loop
      vertex 36 -0.5 0
      vertex 57.747204415500164 2.333355352282524 0
      vertex 57.822881899774075 2.2070951089262962 0
    endloop
  endfacet
  facet normal 0 0 -1
    outer loop
      vertex 36 -0.5 0
      vertex 57.6595156788826 2.4515899270772934 0
      vertex 57.747204415500164 2.333355352282524 0
    endloop
  endfacet
  facet normal 0 0 -1
    outer loop
      vertex 36 -0.5 0
      vertex 56.5 3 0
      vertex 56.64702571183443 2.9927770867943764 0
    endloop
  endfacet
  facet normal 0 0 -1
    outer loop
      vertex 36 -0.5 0
      vertex 56.64702571183443 2.9927770867943764 0
      vertex 56.7926354855299 2.9711779206991196 0
    endloop
  endfacet
  facet normal 0 0 -1
    outer loop
      vertex 36 -0.5 0
      vertex 57.333355352282524 2.747204415500164 0
      vertex 57.45158992707729 2.659515678882599 0
    endloop
  endfacet
  facet normal 0 0 -1
    outer loop
      vertex 36 -0.5 0
      vertex 56.7926354855299 2.9711779206991196 0
      vertex 56.93542701750994 2.9354105070233345 0
    endloop
  endfacet
  facet normal 0 0 -1
    outer loop
      vertex 36 -0.5 0
      vertex 56.93542701750994 2.9354105070233345 0
      vertex 57.07402514666319 2.885819301009178 0
    endloop
  endfacet
  facet normal 0 0 -1
    outer loop
      vertex 36 -0.5 0
      vertex 57.207095108926296 2.8228818997740746 0
      vertex 57.333355352282524 2.747204415500164 0
    endloop
  endfacet
  facet normal 0 0 -1
    outer loop
      vertex 36 -0.5 0
      vertex 57.07402514666319 2.885819301009178 0
      vertex 57.207095108926296 2.8228818997740746 0
    endloop
  endfacet
  facet normal 0 0 -1
    outer loop
      vertex 36 -0.5 0
      vertex 57.56066016852856 2.560660168528557 0
      vertex 57.6595156788826 2.4515899270772934 0
    endloop
  endfacet
  facet normal 0 0 -1
    outer loop
      vertex 36 -0.5 0
      vertex 57.45158992707729 2.659515678882599 0
      vertex 57.56066016852856 2.560660168528557 0
    endloop
  endfacet
  facet normal 0 0 -1
    outer loop
      vertex 56.64702571183443 -0.4927770867943764 0
      vertex 57.333355352282524 -0.24720441550016403 0
      vertex 56.7926354855299 -0.47117792069911957 0
    endloop
  endfacet
  facet normal 0 0 -1
    outer loop
      vertex 56.7926354855299 -0.47117792069911957 0
      vertex 57.333355352282524 -0.24720441550016403 0
      vertex 56.93542701750994 -0.4354105070233345 0
    endloop
  endfacet
  facet normal 0 0 -1
    outer loop
      vertex 56.5 -0.5 0
      vertex 57.56066016852856 -0.060660168528556824 0
      vertex 56.64702571183443 -0.4927770867943764 0
    endloop
  endfacet
  facet normal 0 0 -1
    outer loop
      vertex 56.93542701750994 -0.4354105070233345 0
      vertex 57.333355352282524 -0.24720441550016403 0
      vertex 57.07402514666319 -0.38581930100917816 0
    endloop
  endfacet
  facet normal 0 0 -1
    outer loop
      vertex 56.64702571183443 -0.4927770867943764 0
      vertex 57.45158992707729 -0.15951567888259888 0
      vertex 57.333355352282524 -0.24720441550016403 0
    endloop
  endfacet
  facet normal 0 0 -1
    outer loop
      vertex 57.07402514666319 -0.38581930100917816 0
      vertex 57.333355352282524 -0.24720441550016403 0
      vertex 57.207095108926296 -0.32288189977407455 0
    endloop
  endfacet
  facet normal 0 0 -1
    outer loop
      vertex 56.64702571183443 -0.4927770867943764 0
      vertex 57.56066016852856 -0.060660168528556824 0
      vertex 57.45158992707729 -0.15951567888259888 0
    endloop
  endfacet
  facet normal 0 0 -1
    outer loop
      vertex 56.5 -0.5 0
      vertex 57.6595156788826 0.048410072922706604 0
      vertex 57.56066016852856 -0.060660168528556824 0
    endloop
  endfacet
  facet normal 0 0 -1
    outer loop
      vertex 56.5 -0.5 0
      vertex 57.747204415500164 0.1666446477174759 0
      vertex 57.6595156788826 0.048410072922706604 0
    endloop
  endfacet
  facet normal 0 0 -1
    outer loop
      vertex 56.5 -0.5 0
      vertex 57.822881899774075 0.29290489107370377 0
      vertex 57.747204415500164 0.1666446477174759 0
    endloop
  endfacet
  facet normal 0 0 -1
    outer loop
      vertex 56.5 -0.5 0
      vertex 57.88581930100918 0.42597485333681107 0
      vertex 57.822881899774075 0.29290489107370377 0
    endloop
  endfacet
  facet normal 0 0 -1
    outer loop
      vertex 56.5 -0.5 0
      vertex 57.935410507023335 0.5645729824900627 0
      vertex 57.88581930100918 0.42597485333681107 0
    endloop
  endfacet
  facet normal 0 0 -1
    outer loop
      vertex 56.5 -0.5 0
      vertex 57.97117792069912 0.7073645144701004 0
      vertex 57.935410507023335 0.5645729824900627 0
    endloop
  endfacet
  facet normal 0 0 -1
    outer loop
      vertex 56.5 -0.5 0
      vertex 57.992777086794376 0.8529742881655693 0
      vertex 57.97117792069912 0.7073645144701004 0
    endloop
  endfacet
  facet normal 0 0 -1
    outer loop
      vertex 56.5 -0.5 0
      vertex 58 1 0
      vertex 57.992777086794376 0.8529742881655693 0
    endloop
  endfacet
  facet normal 0 1 0
    outer loop
      vertex 35.91230592131615 3 0
      vertex 56.5 3 6
      vertex 56.5 3 0
    endloop
  endfacet
  facet normal 0.04906769566193293 -0.9987954551570747 0
    outer loop
      vertex 56.5 -0.5 0
      vertex 56.64702571183443 -0.4927770867943764 0
      vertex 56.5 -0.5 6
    endloop
  endfacet
  facet normal 0.14673045131624157 -0.989176513397145 0
    outer loop
      vertex 56.64702571183443 -0.4927770867943764 0
      vertex 56.7926354855299 -0.47117792069911957 0
      vertex 56.64702571183443 -0.4927770867943764 6
    endloop
  endfacet
  facet normal 0.24298016001722234 -0.9700312581757379 0
    outer loop
      vertex 56.7926354855299 -0.47117792069911957 0
      vertex 56.93542701750994 -0.4354105070233345 0
      vertex 56.7926354855299 -0.47117792069911957 6
    endloop
  endfacet
  facet normal 0.33688986808449944 -0.9415440599260391 0
    outer loop
      vertex 56.93542701750994 -0.4354105070233345 0
      vertex 57.07402514666319 -0.38581930100917816 0
      vertex 56.93542701750994 -0.4354105070233345 6
    endloop
  endfacet
  facet normal 0.4275550731976791 -0.9039893026927517 0
    outer loop
      vertex 57.07402514666319 -0.38581930100917816 0
      vertex 57.207095108926296 -0.32288189977407455 0
      vertex 57.07402514666319 -0.38581930100917816 6
    endloop
  endfacet
  facet normal 0.5141027780042697 -0.857728589734709 0
    outer loop
      vertex 57.207095108926296 -0.32288189977407455 0
      vertex 57.333355352282524 -0.24720441550016403 0
      vertex 57.207095108926296 -0.32288189977407455 6
    endloop
  endfacet
  facet normal 0.5956993028830408 -0.8032075326742517 0
    outer loop
      vertex 57.333355352282524 -0.24720441550016403 0
      vertex 57.45158992707729 -0.15951567888259888 0
      vertex 57.333355352282524 -0.24720441550016403 6
    endloop
  endfacet
  facet normal 0.6715589764431048 -0.7409511057814068 0
    outer loop
      vertex 57.45158992707729 -0.15951567888259888 0
      vertex 57.56066016852856 -0.060660168528556824 0
      vertex 57.45158992707729 -0.15951567888259888 6
    endloop
  endfacet
  facet normal 0.7409511057814068 -0.6715589764431048 0
    outer loop
      vertex 57.56066016852856 -0.060660168528556824 0
      vertex 57.6595156788826 0.048410072922706604 0
      vertex 57.56066016852856 -0.060660168528556824 6
    endloop
  endfacet
  facet normal 0.8032075326742517 -0.5956993028830408 0
    outer loop
      vertex 57.6595156788826 0.048410072922706604 0
      vertex 57.747204415500164 0.1666446477174759 0
      vertex 57.6595156788826 0.048410072922706604 6
    endloop
  endfacet
  facet normal 0.857728589734709 -0.5141027780042697 0
    outer loop
      vertex 57.747204415500164 0.1666446477174759 0
      vertex 57.822881899774075 0.29290489107370377 0
      vertex 57.747204415500164 0.1666446477174759 6
    endloop
  endfacet
  facet normal 0.9039893026927517 -0.4275550731976791 0
    outer loop
      vertex 57.822881899774075 0.29290489107370377 0
      vertex 57.88581930100918 0.42597485333681107 0
      vertex 57.822881899774075 0.29290489107370377 6
    endloop
  endfacet
  facet normal 0.9415440599260391 -0.33688986808449944 0
    outer loop
      vertex 57.88581930100918 0.42597485333681107 0
      vertex 57.935410507023335 0.5645729824900627 0
      vertex 57.88581930100918 0.42597485333681107 6
    endloop
  endfacet
  facet normal 0.9700312581757379 -0.24298016001722234 0
    outer loop
      vertex 57.935410507023335 0.5645729824900627 0
      vertex 57.97117792069912 0.7073645144701004 0
      vertex 57.935410507023335 0.5645729824900627 6
    endloop
  endfacet
  facet normal 0.989176513397145 -0.14673045131624157 0
    outer loop
      vertex 57.97117792069912 0.7073645144701004 0
      vertex 57.992777086794376 0.8529742881655693 0
      vertex 57.97117792069912 0.7073645144701004 6
    endloop
  endfacet
  facet normal 0.9987954551570747 -0.04906769566193293 0
    outer loop
      vertex 57.992777086794376 0.8529742881655693 0
      vertex 58 1 0
      vertex 57.992777086794376 0.8529742881655693 6
    endloop
  endfacet
  facet normal 1 0 0
    outer loop
      vertex 58 1 0
      vertex 58 1.5 0
      vertex 58 1 6
    endloop
  endfacet
  facet normal 0.9987954551570747 0.04906769566193293 0
    outer loop
      vertex 58 1.5 0
      vertex 57.992777086794376 1.6470257118344307 0
      vertex 58 1.5 6
    endloop
  endfacet
  facet normal 0.989176513397145 0.14673045131624157 0
    outer loop
      vertex 57.992777086794376 1.6470257118344307 0
      vertex 57.97117792069912 1.7926354855298996 0
      vertex 57.992777086794376 1.6470257118344307 6
    endloop
  endfacet
  facet normal 0.9700312581757379 0.24298016001722234 0
    outer loop
      vertex 57.97117792069912 1.7926354855298996 0
      vertex 57.935410507023335 1.9354270175099373 0
      vertex 57.97117792069912 1.7926354855298996 6
    endloop
  endfacet
  facet normal 0.9415440599260391 0.33688986808449944 0
    outer loop
      vertex 57.935410507023335 1.9354270175099373 0
      vertex 57.88581930100918 2.074025146663189 0
      vertex 57.935410507023335 1.9354270175099373 6
    endloop
  endfacet
  facet normal 0.9039893026927517 0.4275550731976791 0
    outer loop
      vertex 57.88581930100918 2.074025146663189 0
      vertex 57.822881899774075 2.2070951089262962 0
      vertex 57.88581930100918 2.074025146663189 6
    endloop
  endfacet
  facet normal 0.857728589734709 0.5141027780042697 0
    outer loop
      vertex 57.822881899774075 2.2070951089262962 0
      vertex 57.747204415500164 2.333355352282524 0
      vertex 57.822881899774075 2.2070951089262962 6
    endloop
  endfacet
  facet normal 0.8032075326742517 0.5956993028830408 0
    outer loop
      vertex 57.747204415500164 2.333355352282524 0
      vertex 57.6595156788826 2.4515899270772934 0
      vertex 57.747204415500164 2.333355352282524 6
    endloop
  endfacet
  facet normal 0.6715589764431048 0.7409511057814068 0
    outer loop
      vertex 57.45158992707729 2.659515678882599 0
      vertex 57.56066016852856 2.560660168528557 6
      vertex 57.56066016852856 2.560660168528557 0
    endloop
  endfacet
  facet normal 0.5956993028830408 0.8032075326742517 0
    outer loop
      vertex 57.45158992707729 2.659515678882599 0
      vertex 57.333355352282524 2.747204415500164 0
      vertex 57.45158992707729 2.659515678882599 6
    endloop
  endfacet
  facet normal 0.7409511057814068 0.6715589764431048 0
    outer loop
      vertex 57.6595156788826 2.4515899270772934 0
      vertex 57.56066016852856 2.560660168528557 0
      vertex 57.6595156788826 2.4515899270772934 6
    endloop
  endfacet
  facet normal 0.04906769566193293 0.9987954551570747 0
    outer loop
      vertex 56.5 3 0
      vertex 56.64702571183443 2.9927770867943764 6
      vertex 56.64702571183443 2.9927770867943764 0
    endloop
  endfacet
  facet normal 0.33688986808449944 0.9415440599260391 0
    outer loop
      vertex 57.07402514666319 2.885819301009178 0
      vertex 56.93542701750994 2.9354105070233345 0
      vertex 57.07402514666319 2.885819301009178 6
    endloop
  endfacet
  facet normal 0.14673045131624157 0.989176513397145 0
    outer loop
      vertex 56.64702571183443 2.9927770867943764 0
      vertex 56.7926354855299 2.9711779206991196 6
      vertex 56.7926354855299 2.9711779206991196 0
    endloop
  endfacet
  facet normal 0.24298016001722234 0.9700312581757379 0
    outer loop
      vertex 56.93542701750994 2.9354105070233345 0
      vertex 56.7926354855299 2.9711779206991196 0
      vertex 56.93542701750994 2.9354105070233345 6
    endloop
  endfacet
  facet normal 0.5141027780042697 0.857728589734709 0
    outer loop
      vertex 57.333355352282524 2.747204415500164 0
      vertex 57.207095108926296 2.8228818997740746 0
      vertex 57.333355352282524 2.747204415500164 6
    endloop
  endfacet
  facet normal 0.4275550731976791 0.9039893026927517 0
    outer loop
      vertex 57.207095108926296 2.8228818997740746 0
      vertex 57.07402514666319 2.885819301009178 0
      vertex 57.207095108926296 2.8228818997740746 6
    endloop
  endfacet
  facet normal 0 -1 0
    outer loop
      vertex 34.5 -3 6
      vertex 30.8 -3 2.8
      vertex 30.78651723468215 -3 2.52555200707723
    endloop
  endfacet
  facet normal 0 -1 0
    outer loop
      vertex 34.5 -3 6
      vertex 30.78651723468215 -3 3.0744479929227695
      vertex 30.8 -3 2.8
    endloop
  endfacet
  facet normal 0 -1 0
    outer loop
      vertex 34.5 -3 6
      vertex 30.746198785129046 -3 3.3462529016451588
      vertex 30.78651723468215 -3 3.0744479929227695
    endloop
  endfacet
  facet normal 0 -1 0
    outer loop
      vertex 34.5 -3 6
      vertex 30.679432940050184 -3 3.6127970963124945
      vertex 30.746198785129046 -3 3.3462529016451588
    endloop
  endfacet
  facet normal 0 -1 0
    outer loop
      vertex 34.5 -3 6
      vertex 30.5868626910316 -3 3.871513610622251
      vertex 30.679432940050184 -3 3.6127970963124945
    endloop
  endfacet
  facet normal 0.04906769566193293 -0.9987954551570747 0
    outer loop
      vertex 34.64702571183443 -2.9927770867943764 0
      vertex 34.64702571183443 -2.9927770867943764 6
      vertex 34.5 -3 6
    endloop
  endfacet
  facet normal 0.14673045131624157 -0.989176513397145 0
    outer loop
      vertex 34.7926354855299 -2.9711779206991196 0
      vertex 34.7926354855299 -2.9711779206991196 6
      vertex 34.64702571183443 -2.9927770867943764 6
    endloop
  endfacet
  facet normal 0.24298016001722234 -0.9700312581757379 0
    outer loop
      vertex 34.93542701750994 -2.9354105070233345 0
      vertex 34.93542701750994 -2.9354105070233345 6
      vertex 34.7926354855299 -2.9711779206991196 6
    endloop
  endfacet
  facet normal 0.33688986808449944 -0.9415440599260391 0
    outer loop
      vertex 35.07402514666319 -2.885819301009178 0
      vertex 35.07402514666319 -2.885819301009178 6
      vertex 34.93542701750994 -2.9354105070233345 6
    endloop
  endfacet
  facet normal 0.4275550731976791 -0.9039893026927517 0
    outer loop
      vertex 35.207095108926296 -2.8228818997740746 0
      vertex 35.207095108926296 -2.8228818997740746 6
      vertex 35.07402514666319 -2.885819301009178 6
    endloop
  endfacet
  facet normal 0.5141027780042697 -0.857728589734709 0
    outer loop
      vertex 35.333355352282524 -2.747204415500164 0
      vertex 35.333355352282524 -2.747204415500164 6
      vertex 35.207095108926296 -2.8228818997740746 6
    endloop
  endfacet
  facet normal 0.5956993028830408 -0.8032075326742517 0
    outer loop
      vertex 35.45158992707729 -2.659515678882599 0
      vertex 35.45158992707729 -2.659515678882599 6
      vertex 35.333355352282524 -2.747204415500164 6
    endloop
  endfacet
  facet normal 0.6715589764431048 -0.7409511057814068 0
    outer loop
      vertex 35.56066016852856 -2.560660168528557 0
      vertex 35.56066016852856 -2.560660168528557 6
      vertex 35.45158992707729 -2.659515678882599 6
    endloop
  endfacet
  facet normal 0.7409511057814068 -0.6715589764431048 0
    outer loop
      vertex 35.6595156788826 -2.4515899270772934 0
      vertex 35.6595156788826 -2.4515899270772934 6
      vertex 35.56066016852856 -2.560660168528557 6
    endloop
  endfacet
  facet normal 0.8032075326742517 -0.5956993028830408 0
    outer loop
      vertex 35.747204415500164 -2.333355352282524 0
      vertex 35.747204415500164 -2.333355352282524 6
      vertex 35.6595156788826 -2.4515899270772934 6
    endloop
  endfacet
  facet normal 0.857728589734709 -0.5141027780042697 0
    outer loop
      vertex 35.822881899774075 -2.2070951089262962 0
      vertex 35.822881899774075 -2.2070951089262962 6
      vertex 35.747204415500164 -2.333355352282524 6
    endloop
  endfacet
  facet normal 0.9039893026927517 -0.4275550731976791 0
    outer loop
      vertex 35.88581930100918 -2.074025146663189 0
      vertex 35.88581930100918 -2.074025146663189 6
      vertex 35.822881899774075 -2.2070951089262962 6
    endloop
  endfacet
  facet normal 0.9415440599260391 -0.33688986808449944 0
    outer loop
      vertex 35.88581930100918 -2.074025146663189 6
      vertex 35.935410507023335 -1.9354270175099373 0
      vertex 35.935410507023335 -1.9354270175099373 6
    endloop
  endfacet
  facet normal 0.9700312581757379 -0.24298016001722234 0
    outer loop
      vertex 35.97117792069912 -1.7926354855298996 0
      vertex 35.97117792069912 -1.7926354855298996 6
      vertex 35.935410507023335 -1.9354270175099373 6
    endloop
  endfacet
  facet normal 0.989176513397145 -0.14673045131624157 0
    outer loop
      vertex 35.992777086794376 -1.6470257118344307 0
      vertex 35.992777086794376 -1.6470257118344307 6
      vertex 35.97117792069912 -1.7926354855298996 6
    endloop
  endfacet
  facet normal 0.9987954551570747 -0.04906769566193293 0
    outer loop
      vertex 36 -1.5 0
      vertex 36 -1.5 6
      vertex 35.992777086794376 -1.6470257118344307 6
    endloop
  endfacet
  facet normal 0 -1 0
    outer loop
      vertex 34.5 -3 6
      vertex 30.469379540175396 -3 4.119910863112793
      vertex 30.5868626910316 -3 3.871513610622251
    endloop
  endfacet
  facet normal 0 -1 0
    outer loop
      vertex 34.5 -3 6
      vertex 30.328114914447127 -3 4.355596652454886
      vertex 30.469379540175396 -3 4.119910863112793
    endloop
  endfacet
  facet normal 0 -1 0
    outer loop
      vertex 34.5 -3 6
      vertex 30.164429269415663 -3 4.576301195658207
      vertex 30.328114914447127 -3 4.355596652454886
    endloop
  endfacet
  facet normal 0 -1 0
    outer loop
      vertex 34.5 -3 6
      vertex 29.979898987322333 -3 4.779898987322333
      vertex 30.164429269415663 -3 4.576301195658207
    endloop
  endfacet
  facet normal 0 -1 0
    outer loop
      vertex 34.5 -3 6
      vertex 29.776301195658206 -3 4.964429269415663
      vertex 29.979898987322333 -3 4.779898987322333
    endloop
  endfacet
  facet normal 0 -1 0
    outer loop
      vertex 34.5 -3 6
      vertex 28.812797096312494 -3 5.479432940050184
      vertex 29.07151361062225 -3 5.386862691031602
    endloop
  endfacet
  facet normal 0 -1 0
    outer loop
      vertex 34.5 -3 6
      vertex 29.555596652454888 -3 5.128114914447126
      vertex 29.776301195658206 -3 4.964429269415663
    endloop
  endfacet
  facet normal 0 -1 0
    outer loop
      vertex 34.5 -3 6
      vertex 29.319910863112792 -3 5.269379540175394
      vertex 29.555596652454888 -3 5.128114914447126
    endloop
  endfacet
  facet normal 0 -1 0
    outer loop
      vertex 34.5 -3 6
      vertex 29.07151361062225 -3 5.386862691031602
      vertex 29.319910863112792 -3 5.269379540175394
    endloop
  endfacet
  facet normal 0 -1 0
    outer loop
      vertex 34.5 -3 6
      vertex 28.27444799292277 -3 5.586517234682152
      vertex 28.546252901645158 -3 5.546198785129045
    endloop
  endfacet
  facet normal 0 -1 0
    outer loop
      vertex 34.5 -3 6
      vertex 28.546252901645158 -3 5.546198785129045
      vertex 28.812797096312494 -3 5.479432940050184
    endloop
  endfacet
  facet normal 0 -1 0
    outer loop
      vertex 34.5 -3 6
      vertex 27.72555200707723 -3 5.586517234682152
      vertex 28 -3 5.6
    endloop
  endfacet
  facet normal 0 -1 0
    outer loop
      vertex 34.5 -3 6
      vertex 28 -3 5.6
      vertex 28.27444799292277 -3 5.586517234682152
    endloop
  endfacet
  facet normal 1 0 0
    outer loop
      vertex 36 -0.5 0
      vertex 36 -0.5 6
      vertex 36 -1.5 6
    endloop
  endfacet
  facet normal 0.9415440679679048 0.3368898456089907 0
    outer loop
      vertex 35.88581930100918 3.074025146663189 0
      vertex 35.88581930100918 3.074025146663189 6
      vertex 35.91230592131615 3 6
    endloop
  endfacet
  facet normal 0.857728589734709 0.5141027780042697 0
    outer loop
      vertex 35.747204415500164 3.333355352282524 0
      vertex 35.747204415500164 3.333355352282524 6
      vertex 35.822881899774075 3.2070951089262962 6
    endloop
  endfacet
  facet normal 0.9039893026927517 0.4275550731976791 0
    outer loop
      vertex 35.822881899774075 3.2070951089262962 0
      vertex 35.822881899774075 3.2070951089262962 6
      vertex 35.88581930100918 3.074025146663189 6
    endloop
  endfacet
  facet normal 0.04906769566193293 0.9987954551570747 0
    outer loop
      vertex 34.5 4 0
      vertex 34.5 4 6
      vertex 34.64702571183443 3.9927770867943764 6
    endloop
  endfacet
  facet normal 0.14673045131624157 0.989176513397145 0
    outer loop
      vertex 34.64702571183443 3.9927770867943764 0
      vertex 34.64702571183443 3.9927770867943764 6
      vertex 34.7926354855299 3.9711779206991196 6
    endloop
  endfacet
  facet normal 0.24298016001722234 0.9700312581757379 0
    outer loop
      vertex 34.7926354855299 3.9711779206991196 0
      vertex 34.7926354855299 3.9711779206991196 6
      vertex 34.93542701750994 3.9354105070233345 6
    endloop
  endfacet
  facet normal 0.5141027780042697 0.857728589734709 0
    outer loop
      vertex 35.207095108926296 3.8228818997740746 0
      vertex 35.207095108926296 3.8228818997740746 6
      vertex 35.333355352282524 3.747204415500164 6
    endloop
  endfacet
  facet normal 0.33688986808449944 0.9415440599260391 0
    outer loop
      vertex 34.93542701750994 3.9354105070233345 0
      vertex 34.93542701750994 3.9354105070233345 6
      vertex 35.07402514666319 3.885819301009178 6
    endloop
  endfacet
  facet normal 0.4275550731976791 0.9039893026927517 0
    outer loop
      vertex 35.07402514666319 3.885819301009178 0
      vertex 35.07402514666319 3.885819301009178 6
      vertex 35.207095108926296 3.8228818997740746 6
    endloop
  endfacet
  facet normal 0.8032075326742517 0.5956993028830408 0
    outer loop
      vertex 35.6595156788826 3.4515899270772934 0
      vertex 35.6595156788826 3.4515899270772934 6
      vertex 35.747204415500164 3.333355352282524 6
    endloop
  endfacet
  facet normal 0.7409511057814068 0.6715589764431048 0
    outer loop
      vertex 35.56066016852856 3.560660168528557 0
      vertex 35.56066016852856 3.560660168528557 6
      vertex 35.6595156788826 3.4515899270772934 6
    endloop
  endfacet
  facet normal 0.6715589764431048 0.7409511057814068 0
    outer loop
      vertex 35.45158992707729 3.659515678882599 0
      vertex 35.45158992707729 3.659515678882599 6
      vertex 35.56066016852856 3.560660168528557 6
    endloop
  endfacet
  facet normal 0.5956993028830408 0.8032075326742517 0
    outer loop
      vertex 35.333355352282524 3.747204415500164 0
      vertex 35.333355352282524 3.747204415500164 6
      vertex 35.45158992707729 3.659515678882599 6
    endloop
  endfacet
  facet normal 0 1 0
    outer loop
      vertex 35.91230592131615 3 0
      vertex 35.91230592131615 3 6
      vertex 56.5 3 6
    endloop
  endfacet
  facet normal 0 0 1
    outer loop
      vertex 36 -0.5 6
      vertex 35.91230592131615 3 6
      vertex 35.88581930100918 3.074025146663189 6
    endloop
  endfacet
  facet normal 0 0 1
    outer loop
      vertex 36 -0.5 6
      vertex 35.88581930100918 3.074025146663189 6
      vertex 35.822881899774075 3.2070951089262962 6
    endloop
  endfacet
  facet normal 0 0 1
    outer loop
      vertex 36 -0.5 6
      vertex 35.822881899774075 3.2070951089262962 6
      vertex 35.747204415500164 3.333355352282524 6
    endloop
  endfacet
  facet normal 0 0 1
    outer loop
      vertex 36 -0.5 6
      vertex 35.747204415500164 3.333355352282524 6
      vertex 35.6595156788826 3.4515899270772934 6
    endloop
  endfacet
  facet normal 0 0 1
    outer loop
      vertex 36 -0.5 6
      vertex 34.64702571183443 3.9927770867943764 6
      vertex 34.5 4 6
    endloop
  endfacet
  facet normal 0 0 1
    outer loop
      vertex 36 -0.5 6
      vertex 34.7926354855299 3.9711779206991196 6
      vertex 34.64702571183443 3.9927770867943764 6
    endloop
  endfacet
  facet normal 0 0 1
    outer loop
      vertex 36 -0.5 6
      vertex 34.93542701750994 3.9354105070233345 6
      vertex 34.7926354855299 3.9711779206991196 6
    endloop
  endfacet
  facet normal 0 0 1
    outer loop
      vertex 36 -0.5 6
      vertex 35.07402514666319 3.885819301009178 6
      vertex 34.93542701750994 3.9354105070233345 6
    endloop
  endfacet
  facet normal 0 0 1
    outer loop
      vertex 36 -0.5 6
      vertex 35.6595156788826 3.4515899270772934 6
      vertex 35.56066016852856 3.560660168528557 6
    endloop
  endfacet
  facet normal 0 0 1
    outer loop
      vertex 36 -0.5 6
      vertex 35.56066016852856 3.560660168528557 6
      vertex 35.45158992707729 3.659515678882599 6
    endloop
  endfacet
  facet normal 0 0 1
    outer loop
      vertex 36 -0.5 6
      vertex 35.333355352282524 3.747204415500164 6
      vertex 35.207095108926296 3.8228818997740746 6
    endloop
  endfacet
  facet normal 0 0 1
    outer loop
      vertex 36 -0.5 6
      vertex 35.207095108926296 3.8228818997740746 6
      vertex 35.07402514666319 3.885819301009178 6
    endloop
  endfacet
  facet normal 0 0 1
    outer loop
      vertex 36 -0.5 6
      vertex 35.45158992707729 3.659515678882599 6
      vertex 35.333355352282524 3.747204415500164 6
    endloop
  endfacet
  facet normal 0 0 1
    outer loop
      vertex 36 -0.5 6
      vertex 56.5 3 6
      vertex 35.91230592131615 3 6
    endloop
  endfacet
  facet normal 0 -1 0
    outer loop
      vertex 56.5 -0.5 0
      vertex 56.5 -0.5 6
      vertex 36 -0.5 6
    endloop
  endfacet
  facet normal 0.04906769566193293 -0.9987954551570747 0
    outer loop
      vertex 56.64702571183443 -0.4927770867943764 0
      vertex 56.64702571183443 -0.4927770867943764 6
      vertex 56.5 -0.5 6
    endloop
  endfacet
  facet normal 0.14673045131624157 -0.989176513397145 0
    outer loop
      vertex 56.7926354855299 -0.47117792069911957 0
      vertex 56.7926354855299 -0.47117792069911957 6
      vertex 56.64702571183443 -0.4927770867943764 6
    endloop
  endfacet
  facet normal 0.24298016001722234 -0.9700312581757379 0
    outer loop
      vertex 56.93542701750994 -0.4354105070233345 0
      vertex 56.93542701750994 -0.4354105070233345 6
      vertex 56.7926354855299 -0.47117792069911957 6
    endloop
  endfacet
  facet normal 0.33688986808449944 -0.9415440599260391 0
    outer loop
      vertex 57.07402514666319 -0.38581930100917816 0
      vertex 57.07402514666319 -0.38581930100917816 6
      vertex 56.93542701750994 -0.4354105070233345 6
    endloop
  endfacet
  facet normal 0.4275550731976791 -0.9039893026927517 0
    outer loop
      vertex 57.207095108926296 -0.32288189977407455 0
      vertex 57.207095108926296 -0.32288189977407455 6
      vertex 57.07402514666319 -0.38581930100917816 6
    endloop
  endfacet
  facet normal 0.5141027780042697 -0.857728589734709 0
    outer loop
      vertex 57.333355352282524 -0.24720441550016403 0
      vertex 57.333355352282524 -0.24720441550016403 6
      vertex 57.207095108926296 -0.32288189977407455 6
    endloop
  endfacet
  facet normal 0.5956993028830408 -0.8032075326742517 0
    outer loop
      vertex 57.45158992707729 -0.15951567888259888 0
      vertex 57.45158992707729 -0.15951567888259888 6
      vertex 57.333355352282524 -0.24720441550016403 6
    endloop
  endfacet
  facet normal 0.6715589764431048 -0.7409511057814068 0
    outer loop
      vertex 57.56066016852856 -0.060660168528556824 0
      vertex 57.56066016852856 -0.060660168528556824 6
      vertex 57.45158992707729 -0.15951567888259888 6
    endloop
  endfacet
  facet normal 0.7409511057814068 -0.6715589764431048 0
    outer loop
      vertex 57.6595156788826 0.048410072922706604 0
      vertex 57.6595156788826 0.048410072922706604 6
      vertex 57.56066016852856 -0.060660168528556824 6
    endloop
  endfacet
  facet normal 0.8032075326742517 -0.5956993028830408 0
    outer loop
      vertex 57.747204415500164 0.1666446477174759 0
      vertex 57.747204415500164 0.1666446477174759 6
      vertex 57.6595156788826 0.048410072922706604 6
    endloop
  endfacet
  facet normal 0.857728589734709 -0.5141027780042697 0
    outer loop
      vertex 57.822881899774075 0.29290489107370377 0
      vertex 57.822881899774075 0.29290489107370377 6
      vertex 57.747204415500164 0.1666446477174759 6
    endloop
  endfacet
  facet normal 0.9039893026927517 -0.4275550731976791 0
    outer loop
      vertex 57.88581930100918 0.42597485333681107 0
      vertex 57.88581930100918 0.42597485333681107 6
      vertex 57.822881899774075 0.29290489107370377 6
    endloop
  endfacet
  facet normal 0.9415440599260391 -0.33688986808449944 0
    outer loop
      vertex 57.935410507023335 0.5645729824900627 0
      vertex 57.935410507023335 0.5645729824900627 6
      vertex 57.88581930100918 0.42597485333681107 6
    endloop
  endfacet
  facet normal 0.9700312581757379 -0.24298016001722234 0
    outer loop
      vertex 57.97117792069912 0.7073645144701004 0
      vertex 57.97117792069912 0.7073645144701004 6
      vertex 57.935410507023335 0.5645729824900627 6
    endloop
  endfacet
  facet normal 0.989176513397145 -0.14673045131624157 0
    outer loop
      vertex 57.992777086794376 0.8529742881655693 0
      vertex 57.992777086794376 0.8529742881655693 6
      vertex 57.97117792069912 0.7073645144701004 6
    endloop
  endfacet
  facet normal 0.9987954551570747 -0.04906769566193293 0
    outer loop
      vertex 58 1 0
      vertex 58 1 6
      vertex 57.992777086794376 0.8529742881655693 6
    endloop
  endfacet
  facet normal 1 0 0
    outer loop
      vertex 58 1.5 0
      vertex 58 1.5 6
      vertex 58 1 6
    endloop
  endfacet
  facet normal 0.9987954551570747 0.04906769566193293 0
    outer loop
      vertex 57.992777086794376 1.6470257118344307 0
      vertex 57.992777086794376 1.6470257118344307 6
      vertex 58 1.5 6
    endloop
  endfacet
  facet normal 0.989176513397145 0.14673045131624157 0
    outer loop
      vertex 57.97117792069912 1.7926354855298996 0
      vertex 57.97117792069912 1.7926354855298996 6
      vertex 57.992777086794376 1.6470257118344307 6
    endloop
  endfacet
  facet normal 0.9700312581757379 0.24298016001722234 0
    outer loop
      vertex 57.935410507023335 1.9354270175099373 0
      vertex 57.935410507023335 1.9354270175099373 6
      vertex 57.97117792069912 1.7926354855298996 6
    endloop
  endfacet
  facet normal 0.9415440599260391 0.33688986808449944 0
    outer loop
      vertex 57.88581930100918 2.074025146663189 0
      vertex 57.88581930100918 2.074025146663189 6
      vertex 57.935410507023335 1.9354270175099373 6
    endloop
  endfacet
  facet normal 0.9039893026927517 0.4275550731976791 0
    outer loop
      vertex 57.822881899774075 2.2070951089262962 0
      vertex 57.822881899774075 2.2070951089262962 6
      vertex 57.88581930100918 2.074025146663189 6
    endloop
  endfacet
  facet normal 0.857728589734709 0.5141027780042697 0
    outer loop
      vertex 57.747204415500164 2.333355352282524 0
      vertex 57.747204415500164 2.333355352282524 6
      vertex 57.822881899774075 2.2070951089262962 6
    endloop
  endfacet
  facet normal 0.8032075326742517 0.5956993028830408 0
    outer loop
      vertex 57.6595156788826 2.4515899270772934 0
      vertex 57.6595156788826 2.4515899270772934 6
      vertex 57.747204415500164 2.333355352282524 6
    endloop
  endfacet
  facet normal 0.6715589764431048 0.7409511057814068 0
    outer loop
      vertex 57.45158992707729 2.659515678882599 0
      vertex 57.45158992707729 2.659515678882599 6
      vertex 57.56066016852856 2.560660168528557 6
    endloop
  endfacet
  facet normal 0.5956993028830408 0.8032075326742517 0
    outer loop
      vertex 57.333355352282524 2.747204415500164 0
      vertex 57.333355352282524 2.747204415500164 6
      vertex 57.45158992707729 2.659515678882599 6
    endloop
  endfacet
  facet normal 0.7409511057814068 0.6715589764431048 0
    outer loop
      vertex 57.56066016852856 2.560660168528557 0
      vertex 57.56066016852856 2.560660168528557 6
      vertex 57.6595156788826 2.4515899270772934 6
    endloop
  endfacet
  facet normal 0.04906769566193293 0.9987954551570747 0
    outer loop
      vertex 56.5 3 0
      vertex 56.5 3 6
      vertex 56.64702571183443 2.9927770867943764 6
    endloop
  endfacet
  facet normal 0.24298016001722234 0.9700312581757379 0
    outer loop
      vertex 56.7926354855299 2.9711779206991196 0
      vertex 56.7926354855299 2.9711779206991196 6
      vertex 56.93542701750994 2.9354105070233345 6
    endloop
  endfacet
  facet normal 0.14673045131624157 0.989176513397145 0
    outer loop
      vertex 56.64702571183443 2.9927770867943764 0
      vertex 56.64702571183443 2.9927770867943764 6
      vertex 56.7926354855299 2.9711779206991196 6
    endloop
  endfacet
  facet normal 0.33688986808449944 0.9415440599260391 0
    outer loop
      vertex 56.93542701750994 2.9354105070233345 0
      vertex 56.93542701750994 2.9354105070233345 6
      vertex 57.07402514666319 2.885819301009178 6
    endloop
  endfacet
  facet normal 0.5141027780042697 0.857728589734709 0
    outer loop
      vertex 57.207095108926296 2.8228818997740746 0
      vertex 57.207095108926296 2.8228818997740746 6
      vertex 57.333355352282524 2.747204415500164 6
    endloop
  endfacet
  facet normal 0.4275550731976791 0.9039893026927517 0
    outer loop
      vertex 57.07402514666319 2.885819301009178 0
      vertex 57.07402514666319 2.885819301009178 6
      vertex 57.207095108926296 2.8228818997740746 6
    endloop
  endfacet
  facet normal 0 0 1
    outer loop
      vertex 36 -0.5 6
      vertex 56.5 -0.5 6
      vertex 58 1 6
    endloop
  endfacet
  facet normal 0 0 1
    outer loop
      vertex 36 -0.5 6
      vertex 58 1 6
      vertex 58 1.5 6
    endloop
  endfacet
  facet normal 0 0 1
    outer loop
      vertex 36 -0.5 6
      vertex 58 1.5 6
      vertex 57.992777086794376 1.6470257118344307 6
    endloop
  endfacet
  facet normal 0 0 1
    outer loop
      vertex 36 -0.5 6
      vertex 57.992777086794376 1.6470257118344307 6
      vertex 57.97117792069912 1.7926354855298996 6
    endloop
  endfacet
  facet normal 0 0 1
    outer loop
      vertex 36 -0.5 6
      vertex 57.97117792069912 1.7926354855298996 6
      vertex 57.935410507023335 1.9354270175099373 6
    endloop
  endfacet
  facet normal 0 0 1
    outer loop
      vertex 36 -0.5 6
      vertex 57.935410507023335 1.9354270175099373 6
      vertex 57.88581930100918 2.074025146663189 6
    endloop
  endfacet
  facet normal 0 0 1
    outer loop
      vertex 36 -0.5 6
      vertex 57.88581930100918 2.074025146663189 6
      vertex 57.822881899774075 2.2070951089262962 6
    endloop
  endfacet
  facet normal 0 0 1
    outer loop
      vertex 36 -0.5 6
      vertex 57.822881899774075 2.2070951089262962 6
      vertex 57.747204415500164 2.333355352282524 6
    endloop
  endfacet
  facet normal 0 0 1
    outer loop
      vertex 36 -0.5 6
      vertex 57.747204415500164 2.333355352282524 6
      vertex 57.6595156788826 2.4515899270772934 6
    endloop
  endfacet
  facet normal 0 0 1
    outer loop
      vertex 36 -0.5 6
      vertex 56.64702571183443 2.9927770867943764 6
      vertex 56.5 3 6
    endloop
  endfacet
  facet normal 0 0 1
    outer loop
      vertex 36 -0.5 6
      vertex 56.7926354855299 2.9711779206991196 6
      vertex 56.64702571183443 2.9927770867943764 6
    endloop
  endfacet
  facet normal 0 0 1
    outer loop
      vertex 36 -0.5 6
      vertex 57.45158992707729 2.659515678882599 6
      vertex 57.333355352282524 2.747204415500164 6
    endloop
  endfacet
  facet normal 0 0 1
    outer loop
      vertex 36 -0.5 6
      vertex 56.93542701750994 2.9354105070233345 6
      vertex 56.7926354855299 2.9711779206991196 6
    endloop
  endfacet
  facet normal 0 0 1
    outer loop
      vertex 36 -0.5 6
      vertex 57.07402514666319 2.885819301009178 6
      vertex 56.93542701750994 2.9354105070233345 6
    endloop
  endfacet
  facet normal 0 0 1
    outer loop
      vertex 36 -0.5 6
      vertex 57.333355352282524 2.747204415500164 6
      vertex 57.207095108926296 2.8228818997740746 6
    endloop
  endfacet
  facet normal 0 0 1
    outer loop
      vertex 36 -0.5 6
      vertex 57.207095108926296 2.8228818997740746 6
      vertex 57.07402514666319 2.885819301009178 6
    endloop
  endfacet
  facet normal 0 0 1
    outer loop
      vertex 36 -0.5 6
      vertex 57.6595156788826 2.4515899270772934 6
      vertex 57.56066016852856 2.560660168528557 6
    endloop
  endfacet
  facet normal 0 0 1
    outer loop
      vertex 36 -0.5 6
      vertex 57.56066016852856 2.560660168528557 6
      vertex 57.45158992707729 2.659515678882599 6
    endloop
  endfacet
  facet normal 0 0 1
    outer loop
      vertex 56.64702571183443 -0.4927770867943764 6
      vertex 56.7926354855299 -0.47117792069911957 6
      vertex 57.333355352282524 -0.24720441550016403 6
    endloop
  endfacet
  facet normal 0 0 1
    outer loop
      vertex 56.7926354855299 -0.47117792069911957 6
      vertex 56.93542701750994 -0.4354105070233345 6
      vertex 57.333355352282524 -0.24720441550016403 6
    endloop
  endfacet
  facet normal 0 0 1
    outer loop
      vertex 56.5 -0.5 6
      vertex 56.64702571183443 -0.4927770867943764 6
      vertex 57.56066016852856 -0.060660168528556824 6
    endloop
  endfacet
  facet normal 0 0 1
    outer loop
      vertex 56.93542701750994 -0.4354105070233345 6
      vertex 57.07402514666319 -0.38581930100917816 6
      vertex 57.333355352282524 -0.24720441550016403 6
    endloop
  endfacet
  facet normal 0 0 1
    outer loop
      vertex 56.64702571183443 -0.4927770867943764 6
      vertex 57.333355352282524 -0.24720441550016403 6
      vertex 57.45158992707729 -0.15951567888259888 6
    endloop
  endfacet
  facet normal 0 0 1
    outer loop
      vertex 57.07402514666319 -0.38581930100917816 6
      vertex 57.207095108926296 -0.32288189977407455 6
      vertex 57.333355352282524 -0.24720441550016403 6
    endloop
  endfacet
  facet normal 0 0 1
    outer loop
      vertex 56.64702571183443 -0.4927770867943764 6
      vertex 57.45158992707729 -0.15951567888259888 6
      vertex 57.56066016852856 -0.060660168528556824 6
    endloop
  endfacet
  facet normal 0 0 1
    outer loop
      vertex 56.5 -0.5 6
      vertex 57.56066016852856 -0.060660168528556824 6
      vertex 57.6595156788826 0.048410072922706604 6
    endloop
  endfacet
  facet normal 0 0 1
    outer loop
      vertex 56.5 -0.5 6
      vertex 57.6595156788826 0.048410072922706604 6
      vertex 57.747204415500164 0.1666446477174759 6
    endloop
  endfacet
  facet normal 0 0 1
    outer loop
      vertex 56.5 -0.5 6
      vertex 57.747204415500164 0.1666446477174759 6
      vertex 57.822881899774075 0.29290489107370377 6
    endloop
  endfacet
  facet normal 0 0 1
    outer loop
      vertex 56.5 -0.5 6
      vertex 57.822881899774075 0.29290489107370377 6
      vertex 57.88581930100918 0.42597485333681107 6
    endloop
  endfacet
  facet normal 0 0 1
    outer loop
      vertex 56.5 -0.5 6
      vertex 57.88581930100918 0.42597485333681107 6
      vertex 57.935410507023335 0.5645729824900627 6
    endloop
  endfacet
  facet normal 0 0 1
    outer loop
      vertex 56.5 -0.5 6
      vertex 57.935410507023335 0.5645729824900627 6
      vertex 57.97117792069912 0.7073645144701004 6
    endloop
  endfacet
  facet normal 0 0 1
    outer loop
      vertex 56.5 -0.5 6
      vertex 57.97117792069912 0.7073645144701004 6
      vertex 57.992777086794376 0.8529742881655693 6
    endloop
  endfacet
  facet normal 0 0 1
    outer loop
      vertex 56.5 -0.5 6
      vertex 57.992777086794376 0.8529742881655693 6
      vertex 58 1 6
    endloop
  endfacet
  facet normal 0 -1 0
    outer loop
      vertex 27.72555200707723 -16 0.013482765317848422
      vertex 28 -16 0
      vertex 28.27444799292277 -16 0.013482765317848422
    endloop
  endfacet
  facet normal 0 -1 0
    outer loop
      vertex 27.453747098354842 -16 0.053801214870954794
      vertex 27.72555200707723 -16 0.013482765317848422
      vertex 28.546252901645158 -16 0.053801214870954794
    endloop
  endfacet
  facet normal 0 -1 0
    outer loop
      vertex 27.187202903687506 -16 0.1205670599498152
      vertex 27.453747098354842 -16 0.053801214870954794
      vertex 28.812797096312494 -16 0.1205670599498152
    endloop
  endfacet
  facet normal 0 -1 0
    outer loop
      vertex 26.92848638937775 -16 0.21313730896839722
      vertex 27.187202903687506 -16 0.1205670599498152
      vertex 29.07151361062225 -16 0.21313730896839722
    endloop
  endfacet
  facet normal 0 -1 0
    outer loop
      vertex 27.72555200707723 -16 0.013482765317848422
      vertex 28.27444799292277 -16 0.013482765317848422
      vertex 28.546252901645158 -16 0.053801214870954794
    endloop
  endfacet
  facet normal 0 -1 0
    outer loop
      vertex 27.453747098354842 -16 0.053801214870954794
      vertex 28.546252901645158 -16 0.053801214870954794
      vertex 28.812797096312494 -16 0.1205670599498152
    endloop
  endfacet
  facet normal 0 -1 0
    outer loop
      vertex 27.187202903687506 -16 0.1205670599498152
      vertex 28.812797096312494 -16 0.1205670599498152
      vertex 29.07151361062225 -16 0.21313730896839722
    endloop
  endfacet
  facet normal 0 -1 0
    outer loop
      vertex 26.680089136887208 -16 0.33062045982460564
      vertex 26.92848638937775 -16 0.21313730896839722
      vertex 29.319910863112792 -16 0.33062045982460564
    endloop
  endfacet
  facet normal 0 -1 0
    outer loop
      vertex 26.92848638937775 -16 0.21313730896839722
      vertex 29.07151361062225 -16 0.21313730896839722
      vertex 29.319910863112792 -16 0.33062045982460564
    endloop
  endfacet
  facet normal 0 -1 0
    outer loop
      vertex 26.444403347545112 -16 0.4718850855528731
      vertex 26.680089136887208 -16 0.33062045982460564
      vertex 29.555596652454888 -16 0.4718850855528731
    endloop
  endfacet
  facet normal 0 -1 0
    outer loop
      vertex 26.680089136887208 -16 0.33062045982460564
      vertex 29.319910863112792 -16 0.33062045982460564
      vertex 29.555596652454888 -16 0.4718850855528731
    endloop
  endfacet
  facet normal 0 -1 0
    outer loop
      vertex 26.444403347545112 -16 0.4718850855528731
      vertex 29.555596652454888 -16 0.4718850855528731
      vertex 29.776301195658206 -16 0.6355707305843366
    endloop
  endfacet
  facet normal 0 -1 0
    outer loop
      vertex 26.223698804341794 -16 0.6355707305843366
      vertex 26.444403347545112 -16 0.4718850855528731
      vertex 29.776301195658206 -16 0.6355707305843366
    endloop
  endfacet
  facet normal 0 -1 0
    outer loop
      vertex 26.223698804341794 -16 0.6355707305843366
      vertex 29.776301195658206 -16 0.6355707305843366
      vertex 29.979898987322333 -16 0.8201010126776667
    endloop
  endfacet
  facet normal 0 -1 0
    outer loop
      vertex 26.223698804341794 -16 0.6355707305843366
      vertex 29.979898987322333 -16 0.8201010126776667
      vertex 26.020101012677667 -16 0.8201010126776667
    endloop
  endfacet
  facet normal 0 -1 0
    outer loop
      vertex 26.020101012677667 -16 0.8201010126776667
      vertex 29.979898987322333 -16 0.8201010126776667
      vertex 30.164429269415663 -16 1.0236988043417925
    endloop
  endfacet
  facet normal 0 -1 0
    outer loop
      vertex 25.835570730584337 -16 1.0236988043417925
      vertex 26.020101012677667 -16 0.8201010126776667
      vertex 30.164429269415663 -16 1.0236988043417925
    endloop
  endfacet
  facet normal 0 -1 0
    outer loop
      vertex 25.835570730584337 -16 1.0236988043417925
      vertex 30.164429269415663 -16 1.0236988043417925
      vertex 30.328114914447127 -16 1.2444033475451137
    endloop
  endfacet
  facet normal 0 -1 0
    outer loop
      vertex 25.835570730584337 -16 1.0236988043417925
      vertex 30.328114914447127 -16 1.2444033475451137
      vertex 25.671885085552873 -16 1.2444033475451137
    endloop
  endfacet
  facet normal 0 -1 0
    outer loop
      vertex 25.671885085552873 -16 1.2444033475451137
      vertex 30.469379540175396 -16 1.4800891368872064
      vertex 25.530620459824604 -16 1.4800891368872064
    endloop
  endfacet
  facet normal 0 -1 0
    outer loop
      vertex 25.671885085552873 -16 1.2444033475451137
      vertex 30.328114914447127 -16 1.2444033475451137
      vertex 30.469379540175396 -16 1.4800891368872064
    endloop
  endfacet
  facet normal -0.3368898533922199 0 -0.9415440651830207
    outer loop
      vertex 26.92848638937775 -16 0.21313730896839722
      vertex 26.92848638937775 -3 0.21313730896839722
      vertex 27.187202903687506 -16 0.1205670599498152
    endloop
  endfacet
  facet normal -0.4275550934302822 0 -0.9039892931234433
    outer loop
      vertex 26.680089136887208 -16 0.33062045982460564
      vertex 26.680089136887208 -3 0.33062045982460564
      vertex 26.92848638937775 -16 0.21313730896839722
    endloop
  endfacet
  facet normal -0.14673047445536402 0 -0.9891765099647806
    outer loop
      vertex 27.453747098354842 -16 0.053801214870954794
      vertex 27.453747098354842 -3 0.053801214870954794
      vertex 27.72555200707723 -16 0.013482765317848422
    endloop
  endfacet
  facet normal -0.04906767432741686 0 -0.9987954562051724
    outer loop
      vertex 27.72555200707723 -16 0.013482765317848422
      vertex 27.72555200707723 -3 0.013482765317848422
      vertex 28 -16 0
    endloop
  endfacet
  facet normal 0.04906767432741686 0 -0.9987954562051724
    outer loop
      vertex 28 -16 0
      vertex 28 -3 0
      vertex 28.27444799292277 -16 0.013482765317848422
    endloop
  endfacet
  facet normal -0.2429801799032632 0 -0.9700312531945441
    outer loop
      vertex 27.187202903687506 -16 0.1205670599498152
      vertex 27.187202903687506 -3 0.1205670599498152
      vertex 27.453747098354842 -16 0.053801214870954794
    endloop
  endfacet
  facet normal 0.14673047445536402 0 -0.9891765099647806
    outer loop
      vertex 28.27444799292277 -16 0.013482765317848422
      vertex 28.27444799292277 -3 0.013482765317848422
      vertex 28.546252901645158 -16 0.053801214870954794
    endloop
  endfacet
  facet normal 0.2429801799032632 0 -0.9700312531945441
    outer loop
      vertex 28.546252901645158 -16 0.053801214870954794
      vertex 28.546252901645158 -3 0.053801214870954794
      vertex 28.812797096312494 -16 0.1205670599498152
    endloop
  endfacet
  facet normal 0.3368898533922199 0 -0.9415440651830207
    outer loop
      vertex 28.812797096312494 -16 0.1205670599498152
      vertex 28.812797096312494 -3 0.1205670599498152
      vertex 29.07151361062225 -16 0.21313730896839722
    endloop
  endfacet
  facet normal -0.514102744193217 0 -0.8577286100002749
    outer loop
      vertex 26.444403347545112 -16 0.4718850855528731
      vertex 26.444403347545112 -3 0.4718850855528731
      vertex 26.680089136887208 -16 0.33062045982460564
    endloop
  endfacet
  facet normal -0.5956993044924389 0 -0.8032075314806408
    outer loop
      vertex 26.223698804341794 -16 0.6355707305843366
      vertex 26.223698804341794 -3 0.6355707305843366
      vertex 26.444403347545112 -16 0.4718850855528731
    endloop
  endfacet
  facet normal -0.6715589548470162 3.6100888620029446e-19 -0.740951125354961
    outer loop
      vertex 26.223698804341794 -16 0.6355707305843366
      vertex 26.020101012677667 -16 0.8201010126776667
      vertex 26.020101012677667 -3 0.8201010126776667
    endloop
  endfacet
  facet normal -0.7409511253549591 0 -0.6715589548470184
    outer loop
      vertex 25.835570730584337 -16 1.0236988043417925
      vertex 25.835570730584337 -3 1.0236988043417925
      vertex 26.020101012677667 -16 0.8201010126776667
    endloop
  endfacet
  facet normal -0.8032075314806436 4.1072318912945725e-19 -0.5956993044924349
    outer loop
      vertex 25.835570730584337 -16 1.0236988043417925
      vertex 25.671885085552873 -16 1.2444033475451137
      vertex 25.671885085552873 -3 1.2444033475451137
    endloop
  endfacet
  facet normal -0.8577286100002697 -5.987246966640831e-19 -0.5141027441932255
    outer loop
      vertex 25.671885085552873 -16 1.2444033475451137
      vertex 25.530620459824604 -16 1.4800891368872064
      vertex 25.530620459824604 -3 1.4800891368872064
    endloop
  endfacet
  facet normal 0 -1 0
    outer loop
      vertex 25.530620459824604 -16 1.4800891368872064
      vertex 30.5868626910316 -16 1.7284863893777485
      vertex 25.4131373089684 -16 1.7284863893777485
    endloop
  endfacet
  facet normal 0 -1 0
    outer loop
      vertex 25.530620459824604 -16 1.4800891368872064
      vertex 30.469379540175396 -16 1.4800891368872064
      vertex 30.5868626910316 -16 1.7284863893777485
    endloop
  endfacet
  facet normal 0 -1 0
    outer loop
      vertex 25.4131373089684 -16 1.7284863893777485
      vertex 30.5868626910316 -16 1.7284863893777485
      vertex 30.679432940050184 -16 1.9872029036875052
    endloop
  endfacet
  facet normal 0 -1 0
    outer loop
      vertex 25.4131373089684 -16 1.7284863893777485
      vertex 30.679432940050184 -16 1.9872029036875052
      vertex 25.320567059949816 -16 1.9872029036875052
    endloop
  endfacet
  facet normal 0 -1 0
    outer loop
      vertex 25.320567059949816 -16 1.9872029036875052
      vertex 30.746198785129046 -16 2.253747098354841
      vertex 25.253801214870954 -16 2.253747098354841
    endloop
  endfacet
  facet normal 0 -1 0
    outer loop
      vertex 25.320567059949816 -16 1.9872029036875052
      vertex 30.679432940050184 -16 1.9872029036875052
      vertex 30.746198785129046 -16 2.253747098354841
    endloop
  endfacet
  facet normal 0 -1 0
    outer loop
      vertex 25.253801214870954 -16 2.253747098354841
      vertex 30.78651723468215 -16 2.52555200707723
      vertex 25.21348276531785 -16 2.52555200707723
    endloop
  endfacet
  facet normal 0 -1 0
    outer loop
      vertex 25.253801214870954 -16 2.253747098354841
      vertex 30.746198785129046 -16 2.253747098354841
      vertex 30.78651723468215 -16 2.52555200707723
    endloop
  endfacet
  facet normal 0 -1 0
    outer loop
      vertex 25.21348276531785 -16 2.52555200707723
      vertex 30.78651723468215 -16 2.52555200707723
      vertex 30.8 -16 2.8
    endloop
  endfacet
  facet normal 0 -1 0
    outer loop
      vertex 25.21348276531785 -16 2.52555200707723
      vertex 30.8 -16 2.8
      vertex 25.2 -16 2.8
    endloop
  endfacet
  facet normal 0 -1 0
    outer loop
      vertex 25.2 -16 2.8
      vertex 30.78651723468215 -16 3.0744479929227695
      vertex 25.21348276531785 -16 3.0744479929227695
    endloop
  endfacet
  facet normal 0 -1 0
    outer loop
      vertex 25.2 -16 2.8
      vertex 30.8 -16 2.8
      vertex 30.78651723468215 -16 3.0744479929227695
    endloop
  endfacet
  facet normal -0.9415440651830207 -2.5674531152387176e-19 -0.33688985339222044
    outer loop
      vertex 25.4131373089684 -16 1.7284863893777485
      vertex 25.320567059949816 -16 1.9872029036875052
      vertex 25.320567059949816 -3 1.9872029036875052
    endloop
  endfacet
  facet normal -0.9700312531945425 -4.219734450267238e-19 -0.24298017990326967
    outer loop
      vertex 25.320567059949816 -16 1.9872029036875052
      vertex 25.253801214870954 -16 2.253747098354841
      vertex 25.253801214870954 -3 2.253747098354841
    endloop
  endfacet
  facet normal -0.9039892931234477 1.924100447753705e-19 -0.42755509343027304
    outer loop
      vertex 25.530620459824604 -16 1.4800891368872064
      vertex 25.4131373089684 -16 1.7284863893777485
      vertex 25.4131373089684 -3 1.7284863893777485
    endloop
  endfacet
  facet normal -0.9891765099647815 9.723775354849104e-20 -0.14673047445535836
    outer loop
      vertex 25.253801214870954 -16 2.253747098354841
      vertex 25.21348276531785 -16 2.52555200707723
      vertex 25.21348276531785 -3 2.52555200707723
    endloop
  endfacet
  facet normal -0.9987954562051722 1.709584594836382e-20 -0.049067674327421776
    outer loop
      vertex 25.21348276531785 -16 2.52555200707723
      vertex 25.2 -16 2.8
      vertex 25.2 -3 2.8
    endloop
  endfacet
  facet normal -0.9987954562051722 -1.709584594836382e-20 0.049067674327421776
    outer loop
      vertex 25.2 -16 2.8
      vertex 25.21348276531785 -16 3.0744479929227695
      vertex 25.21348276531785 -3 3.0744479929227695
    endloop
  endfacet
  facet normal -0.3368898533922199 0 -0.9415440651830207
    outer loop
      vertex 27.187202903687506 -16 0.1205670599498152
      vertex 26.92848638937775 -3 0.21313730896839722
      vertex 27.187202903687506 -3 0.1205670599498152
    endloop
  endfacet
  facet normal -0.4275550934302822 0 -0.9039892931234433
    outer loop
      vertex 26.92848638937775 -16 0.21313730896839722
      vertex 26.680089136887208 -3 0.33062045982460564
      vertex 26.92848638937775 -3 0.21313730896839722
    endloop
  endfacet
  facet normal -0.14673047445536402 0 -0.9891765099647806
    outer loop
      vertex 27.72555200707723 -16 0.013482765317848422
      vertex 27.453747098354842 -3 0.053801214870954794
      vertex 27.72555200707723 -3 0.013482765317848422
    endloop
  endfacet
  facet normal -0.2429801799032632 0 -0.9700312531945441
    outer loop
      vertex 27.453747098354842 -16 0.053801214870954794
      vertex 27.187202903687506 -3 0.1205670599498152
      vertex 27.453747098354842 -3 0.053801214870954794
    endloop
  endfacet
  facet normal -0.04906767432741686 0 -0.9987954562051724
    outer loop
      vertex 28 -16 0
      vertex 27.72555200707723 -3 0.013482765317848422
      vertex 28 -3 0
    endloop
  endfacet
  facet normal 0.04906767432741686 0 -0.9987954562051724
    outer loop
      vertex 28.27444799292277 -16 0.013482765317848422
      vertex 28 -3 0
      vertex 28.27444799292277 -3 0.013482765317848422
    endloop
  endfacet
  facet normal 0.14673047445536402 0 -0.9891765099647806
    outer loop
      vertex 28.546252901645158 -16 0.053801214870954794
      vertex 28.27444799292277 -3 0.013482765317848422
      vertex 28.546252901645158 -3 0.053801214870954794
    endloop
  endfacet
  facet normal 0.2429801799032632 0 -0.9700312531945441
    outer loop
      vertex 28.812797096312494 -16 0.1205670599498152
      vertex 28.546252901645158 -3 0.053801214870954794
      vertex 28.812797096312494 -3 0.1205670599498152
    endloop
  endfacet
  facet normal 0.3368898533922199 0 -0.9415440651830207
    outer loop
      vertex 29.07151361062225 -16 0.21313730896839722
      vertex 28.812797096312494 -3 0.1205670599498152
      vertex 29.07151361062225 -3 0.21313730896839722
    endloop
  endfacet
  facet normal -0.514102744193217 0 -0.8577286100002749
    outer loop
      vertex 26.680089136887208 -16 0.33062045982460564
      vertex 26.444403347545112 -3 0.4718850855528731
      vertex 26.680089136887208 -3 0.33062045982460564
    endloop
  endfacet
  facet normal -0.5956993044924389 0 -0.8032075314806408
    outer loop
      vertex 26.444403347545112 -16 0.4718850855528731
      vertex 26.223698804341794 -3 0.6355707305843366
      vertex 26.444403347545112 -3 0.4718850855528731
    endloop
  endfacet
  facet normal -0.6715589548470162 0 -0.740951125354961
    outer loop
      vertex 26.223698804341794 -16 0.6355707305843366
      vertex 26.020101012677667 -3 0.8201010126776667
      vertex 26.223698804341794 -3 0.6355707305843366
    endloop
  endfacet
  facet normal -0.7409511253549591 0 -0.6715589548470184
    outer loop
      vertex 26.020101012677667 -16 0.8201010126776667
      vertex 25.835570730584337 -3 1.0236988043417925
      vertex 26.020101012677667 -3 0.8201010126776667
    endloop
  endfacet
  facet normal -0.8032075314806436 0 -0.5956993044924349
    outer loop
      vertex 25.835570730584337 -16 1.0236988043417925
      vertex 25.671885085552873 -3 1.2444033475451137
      vertex 25.835570730584337 -3 1.0236988043417925
    endloop
  endfacet
  facet normal -0.8577286100002697 0 -0.5141027441932255
    outer loop
      vertex 25.671885085552873 -16 1.2444033475451137
      vertex 25.530620459824604 -3 1.4800891368872064
      vertex 25.671885085552873 -3 1.2444033475451137
    endloop
  endfacet
  facet normal -0.9700312531945425 0 -0.24298017990326967
    outer loop
      vertex 25.320567059949816 -16 1.9872029036875052
      vertex 25.253801214870954 -3 2.253747098354841
      vertex 25.320567059949816 -3 1.9872029036875052
    endloop
  endfacet
  facet normal -0.9039892931234477 0 -0.42755509343027304
    outer loop
      vertex 25.530620459824604 -16 1.4800891368872064
      vertex 25.4131373089684 -3 1.7284863893777485
      vertex 25.530620459824604 -3 1.4800891368872064
    endloop
  endfacet
  facet normal -0.9415440651830207 0 -0.33688985339222044
    outer loop
      vertex 25.4131373089684 -16 1.7284863893777485
      vertex 25.320567059949816 -3 1.9872029036875052
      vertex 25.4131373089684 -3 1.7284863893777485
    endloop
  endfacet
  facet normal -0.9891765099647815 0 -0.14673047445535836
    outer loop
      vertex 25.253801214870954 -16 2.253747098354841
      vertex 25.21348276531785 -3 2.52555200707723
      vertex 25.253801214870954 -3 2.253747098354841
    endloop
  endfacet
  facet normal -0.9987954562051722 0 -0.049067674327421776
    outer loop
      vertex 25.21348276531785 -16 2.52555200707723
      vertex 25.2 -3 2.8
      vertex 25.21348276531785 -3 2.52555200707723
    endloop
  endfacet
  facet normal -0.9987954562051722 0 0.049067674327421776
    outer loop
      vertex 25.2 -16 2.8
      vertex 25.21348276531785 -3 3.0744479929227695
      vertex 25.2 -3 2.8
    endloop
  endfacet
  facet normal 0 -1 0
    outer loop
      vertex 25.21348276531785 -16 3.0744479929227695
      vertex 30.746198785129046 -16 3.3462529016451588
      vertex 25.253801214870954 -16 3.3462529016451588
    endloop
  endfacet
  facet normal 0 -1 0
    outer loop
      vertex 25.21348276531785 -16 3.0744479929227695
      vertex 30.78651723468215 -16 3.0744479929227695
      vertex 30.746198785129046 -16 3.3462529016451588
    endloop
  endfacet
  facet normal 0 -1 0
    outer loop
      vertex 25.253801214870954 -16 3.3462529016451588
      vertex 30.679432940050184 -16 3.6127970963124945
      vertex 25.320567059949816 -16 3.6127970963124945
    endloop
  endfacet
  facet normal 0 -1 0
    outer loop
      vertex 25.253801214870954 -16 3.3462529016451588
      vertex 30.746198785129046 -16 3.3462529016451588
      vertex 30.679432940050184 -16 3.6127970963124945
    endloop
  endfacet
  facet normal 0 -1 0
    outer loop
      vertex 25.320567059949816 -16 3.6127970963124945
      vertex 30.679432940050184 -16 3.6127970963124945
      vertex 30.5868626910316 -16 3.871513610622251
    endloop
  endfacet
  facet normal 0 -1 0
    outer loop
      vertex 25.320567059949816 -16 3.6127970963124945
      vertex 30.5868626910316 -16 3.871513610622251
      vertex 25.4131373089684 -16 3.871513610622251
    endloop
  endfacet
  facet normal 0 -1 0
    outer loop
      vertex 25.4131373089684 -16 3.871513610622251
      vertex 30.469379540175396 -16 4.119910863112793
      vertex 25.530620459824604 -16 4.119910863112793
    endloop
  endfacet
  facet normal 0 -1 0
    outer loop
      vertex 25.4131373089684 -16 3.871513610622251
      vertex 30.5868626910316 -16 3.871513610622251
      vertex 30.469379540175396 -16 4.119910863112793
    endloop
  endfacet
  facet normal 0 -1 0
    outer loop
      vertex 25.530620459824604 -16 4.119910863112793
      vertex 30.328114914447127 -16 4.355596652454886
      vertex 25.671885085552873 -16 4.355596652454886
    endloop
  endfacet
  facet normal 0 -1 0
    outer loop
      vertex 25.530620459824604 -16 4.119910863112793
      vertex 30.469379540175396 -16 4.119910863112793
      vertex 30.328114914447127 -16 4.355596652454886
    endloop
  endfacet
  facet normal 0 -1 0
    outer loop
      vertex 25.671885085552873 -16 4.355596652454886
      vertex 30.328114914447127 -16 4.355596652454886
      vertex 30.164429269415663 -16 4.576301195658207
    endloop
  endfacet
  facet normal -0.9891765099647815 -9.723775354849104e-20 0.14673047445535836
    outer loop
      vertex 25.21348276531785 -16 3.0744479929227695
      vertex 25.253801214870954 -16 3.3462529016451588
      vertex 25.253801214870954 -3 3.3462529016451588
    endloop
  endfacet
  facet normal -0.9700312531945425 4.219734450267238e-19 0.24298017990326967
    outer loop
      vertex 25.253801214870954 -16 3.3462529016451588
      vertex 25.320567059949816 -16 3.6127970963124945
      vertex 25.320567059949816 -3 3.6127970963124945
    endloop
  endfacet
  facet normal -0.9415440651830207 2.5674531152387176e-19 0.33688985339222044
    outer loop
      vertex 25.320567059949816 -16 3.6127970963124945
      vertex 25.4131373089684 -16 3.871513610622251
      vertex 25.4131373089684 -3 3.871513610622251
    endloop
  endfacet
  facet normal -0.9039892931234473 -2.2916555948132553e-19 0.4275550934302736
    outer loop
      vertex 25.4131373089684 -16 3.871513610622251
      vertex 25.530620459824604 -16 4.119910863112793
      vertex 25.530620459824604 -3 4.119910863112793
    endloop
  endfacet
  facet normal -0.8577286100002702 6.782434004601906e-19 0.514102744193225
    outer loop
      vertex 25.530620459824604 -16 4.119910863112793
      vertex 25.671885085552873 -16 4.355596652454886
      vertex 25.671885085552873 -3 4.355596652454886
    endloop
  endfacet
  facet normal 0 -1 0
    outer loop
      vertex 25.671885085552873 -16 4.355596652454886
      vertex 30.164429269415663 -16 4.576301195658207
      vertex 25.835570730584337 -16 4.576301195658207
    endloop
  endfacet
  facet normal 0 -1 0
    outer loop
      vertex 25.835570730584337 -16 4.576301195658207
      vertex 30.164429269415663 -16 4.576301195658207
      vertex 29.979898987322333 -16 4.779898987322333
    endloop
  endfacet
  facet normal 0 -1 0
    outer loop
      vertex 25.835570730584337 -16 4.576301195658207
      vertex 29.979898987322333 -16 4.779898987322333
      vertex 26.020101012677667 -16 4.779898987322333
    endloop
  endfacet
  facet normal 0 -1 0
    outer loop
      vertex 26.020101012677667 -16 4.779898987322333
      vertex 29.979898987322333 -16 4.779898987322333
      vertex 29.776301195658206 -16 4.964429269415663
    endloop
  endfacet
  facet normal 0 -1 0
    outer loop
      vertex 26.020101012677667 -16 4.779898987322333
      vertex 29.776301195658206 -16 4.964429269415663
      vertex 26.223698804341794 -16 4.964429269415663
    endloop
  endfacet
  facet normal 0 -1 0
    outer loop
      vertex 26.223698804341794 -16 4.964429269415663
      vertex 29.776301195658206 -16 4.964429269415663
      vertex 29.555596652454888 -16 5.128114914447126
    endloop
  endfacet
  facet normal 0 -1 0
    outer loop
      vertex 26.223698804341794 -16 4.964429269415663
      vertex 29.555596652454888 -16 5.128114914447126
      vertex 26.444403347545112 -16 5.128114914447126
    endloop
  endfacet
  facet normal 0 -1 0
    outer loop
      vertex 26.444403347545112 -16 5.128114914447126
      vertex 29.319910863112792 -16 5.269379540175394
      vertex 26.680089136887208 -16 5.269379540175394
    endloop
  endfacet
  facet normal 0 -1 0
    outer loop
      vertex 26.444403347545112 -16 5.128114914447126
      vertex 29.555596652454888 -16 5.128114914447126
      vertex 29.319910863112792 -16 5.269379540175394
    endloop
  endfacet
  facet normal 0 -1 0
    outer loop
      vertex 26.680089136887208 -16 5.269379540175394
      vertex 29.07151361062225 -16 5.386862691031602
      vertex 26.92848638937775 -16 5.386862691031602
    endloop
  endfacet
  facet normal 0 -1 0
    outer loop
      vertex 26.680089136887208 -16 5.269379540175394
      vertex 29.319910863112792 -16 5.269379540175394
      vertex 29.07151361062225 -16 5.386862691031602
    endloop
  endfacet
  facet normal 0 -1 0
    outer loop
      vertex 26.92848638937775 -16 5.386862691031602
      vertex 29.07151361062225 -16 5.386862691031602
      vertex 28.812797096312494 -16 5.479432940050184
    endloop
  endfacet
  facet normal 0 -1 0
    outer loop
      vertex 26.92848638937775 -16 5.386862691031602
      vertex 28.812797096312494 -16 5.479432940050184
      vertex 27.187202903687506 -16 5.479432940050184
    endloop
  endfacet
  facet normal 0 -1 0
    outer loop
      vertex 27.187202903687506 -16 5.479432940050184
      vertex 28.546252901645158 -16 5.546198785129045
      vertex 27.453747098354842 -16 5.546198785129045
    endloop
  endfacet
  facet normal 0 -1 0
    outer loop
      vertex 27.453747098354842 -16 5.546198785129045
      vertex 28.27444799292277 -16 5.586517234682152
      vertex 27.72555200707723 -16 5.586517234682152
    endloop
  endfacet
  facet normal 0 -1 0
    outer loop
      vertex 27.453747098354842 -16 5.546198785129045
      vertex 28.546252901645158 -16 5.546198785129045
      vertex 28.27444799292277 -16 5.586517234682152
    endloop
  endfacet
  facet normal 0 -1 0
    outer loop
      vertex 27.72555200707723 -16 5.586517234682152
      vertex 28.27444799292277 -16 5.586517234682152
      vertex 28 -16 5.6
    endloop
  endfacet
  facet normal 0 -1 0
    outer loop
      vertex 27.187202903687506 -16 5.479432940050184
      vertex 28.812797096312494 -16 5.479432940050184
      vertex 28.546252901645158 -16 5.546198785129045
    endloop
  endfacet
  facet normal -0.8032075314806434 -8.729254025944314e-19 0.5956993044924352
    outer loop
      vertex 25.671885085552873 -16 4.355596652454886
      vertex 25.835570730584337 -16 4.576301195658207
      vertex 25.835570730584337 -3 4.576301195658207
    endloop
  endfacet
  facet normal -0.7409511253549602 -3.022311062652999e-19 0.6715589548470171
    outer loop
      vertex 25.835570730584337 -16 4.576301195658207
      vertex 26.020101012677667 -16 4.779898987322333
      vertex 26.020101012677667 -3 4.779898987322333
    endloop
  endfacet
  facet normal -0.6715589548470154 -4.197866661352892e-19 0.7409511253549619
    outer loop
      vertex 26.020101012677667 -16 4.779898987322333
      vertex 26.223698804341794 -16 4.964429269415663
      vertex 26.223698804341794 -3 4.964429269415663
    endloop
  endfacet
  facet normal -0.5956993044924379 8.647101009715872e-19 0.8032075314806416
    outer loop
      vertex 26.223698804341794 -16 4.964429269415663
      vertex 26.444403347545112 -16 5.128114914447126
      vertex 26.444403347545112 -3 5.128114914447126
    endloop
  endfacet
  facet normal -0.5141027441932182 8.294391854621206e-19 0.8577286100002741
    outer loop
      vertex 26.444403347545112 -16 5.128114914447126
      vertex 26.680089136887208 -16 5.269379540175394
      vertex 26.680089136887208 -3 5.269379540175394
    endloop
  endfacet
  facet normal -0.4275550934302822 4.810615734927901e-19 0.9039892931234433
    outer loop
      vertex 26.680089136887208 -16 5.269379540175394
      vertex 26.92848638937775 -16 5.386862691031602
      vertex 26.92848638937775 -3 5.386862691031602
    endloop
  endfacet
  facet normal -0.3368898533922199 1.1007787039630192e-19 0.9415440651830207
    outer loop
      vertex 26.92848638937775 -16 5.386862691031602
      vertex 27.187202903687506 -16 5.479432940050184
      vertex 27.187202903687506 -3 5.479432940050184
    endloop
  endfacet
  facet normal 0.3368898533922199 -1.1007787039630192e-19 0.9415440651830207
    outer loop
      vertex 28.812797096312494 -16 5.479432940050184
      vertex 29.07151361062225 -16 5.386862691031602
      vertex 29.07151361062225 -3 5.386862691031602
    endloop
  endfacet
  facet normal -0.2429801799032632 -4.760487118165815e-19 0.9700312531945441
    outer loop
      vertex 27.187202903687506 -16 5.479432940050184
      vertex 27.453747098354842 -16 5.546198785129045
      vertex 27.453747098354842 -3 5.546198785129045
    endloop
  endfacet
  facet normal -0.14673047445536563 -7.677622636306291e-20 0.9891765099647805
    outer loop
      vertex 27.453747098354842 -16 5.546198785129045
      vertex 27.72555200707723 -16 5.586517234682152
      vertex 27.72555200707723 -3 5.586517234682152
    endloop
  endfacet
  facet normal -0.04906767432741525 -5.747910229661251e-20 0.9987954562051726
    outer loop
      vertex 27.72555200707723 -16 5.586517234682152
      vertex 28 -16 5.6
      vertex 28 -3 5.6
    endloop
  endfacet
  facet normal 0.2429801799032632 4.760487118165815e-19 0.9700312531945441
    outer loop
      vertex 28.546252901645158 -16 5.546198785129045
      vertex 28.812797096312494 -16 5.479432940050184
      vertex 28.812797096312494 -3 5.479432940050184
    endloop
  endfacet
  facet normal 0.14673047445536563 7.677622636306291e-20 0.9891765099647805
    outer loop
      vertex 28.27444799292277 -16 5.586517234682152
      vertex 28.546252901645158 -16 5.546198785129045
      vertex 28.546252901645158 -3 5.546198785129045
    endloop
  endfacet
  facet normal 0.04906767432741525 5.747910229661251e-20 0.9987954562051726
    outer loop
      vertex 28 -16 5.6
      vertex 28.27444799292277 -16 5.586517234682152
      vertex 28.27444799292277 -3 5.586517234682152
    endloop
  endfacet
  facet normal -0.9891765099647815 0 0.14673047445535836
    outer loop
      vertex 25.21348276531785 -16 3.0744479929227695
      vertex 25.253801214870954 -3 3.3462529016451588
      vertex 25.21348276531785 -3 3.0744479929227695
    endloop
  endfacet
  facet normal -0.9700312531945425 0 0.24298017990326967
    outer loop
      vertex 25.253801214870954 -16 3.3462529016451588
      vertex 25.320567059949816 -3 3.6127970963124945
      vertex 25.253801214870954 -3 3.3462529016451588
    endloop
  endfacet
  facet normal -0.9415440651830207 0 0.33688985339222044
    outer loop
      vertex 25.320567059949816 -16 3.6127970963124945
      vertex 25.4131373089684 -3 3.871513610622251
      vertex 25.320567059949816 -3 3.6127970963124945
    endloop
  endfacet
  facet normal -0.9039892931234473 0 0.4275550934302736
    outer loop
      vertex 25.4131373089684 -16 3.871513610622251
      vertex 25.530620459824604 -3 4.119910863112793
      vertex 25.4131373089684 -3 3.871513610622251
    endloop
  endfacet
  facet normal -0.8577286100002702 0 0.514102744193225
    outer loop
      vertex 25.530620459824604 -16 4.119910863112793
      vertex 25.671885085552873 -3 4.355596652454886
      vertex 25.530620459824604 -3 4.119910863112793
    endloop
  endfacet
  facet normal -0.8032075314806434 0 0.5956993044924352
    outer loop
      vertex 25.671885085552873 -16 4.355596652454886
      vertex 25.835570730584337 -3 4.576301195658207
      vertex 25.671885085552873 -3 4.355596652454886
    endloop
  endfacet
  facet normal -0.7409511253549602 0 0.6715589548470171
    outer loop
      vertex 25.835570730584337 -16 4.576301195658207
      vertex 26.020101012677667 -3 4.779898987322333
      vertex 25.835570730584337 -3 4.576301195658207
    endloop
  endfacet
  facet normal -0.6715589548470154 0 0.7409511253549619
    outer loop
      vertex 26.020101012677667 -16 4.779898987322333
      vertex 26.223698804341794 -3 4.964429269415663
      vertex 26.020101012677667 -3 4.779898987322333
    endloop
  endfacet
  facet normal -0.5956993044924379 0 0.8032075314806416
    outer loop
      vertex 26.223698804341794 -16 4.964429269415663
      vertex 26.444403347545112 -3 5.128114914447126
      vertex 26.223698804341794 -3 4.964429269415663
    endloop
  endfacet
  facet normal -0.5141027441932182 0 0.8577286100002741
    outer loop
      vertex 26.444403347545112 -16 5.128114914447126
      vertex 26.680089136887208 -3 5.269379540175394
      vertex 26.444403347545112 -3 5.128114914447126
    endloop
  endfacet
  facet normal -0.4275550934302822 0 0.9039892931234433
    outer loop
      vertex 26.680089136887208 -16 5.269379540175394
      vertex 26.92848638937775 -3 5.386862691031602
      vertex 26.680089136887208 -3 5.269379540175394
    endloop
  endfacet
  facet normal -0.3368898533922199 0 0.9415440651830207
    outer loop
      vertex 26.92848638937775 -16 5.386862691031602
      vertex 27.187202903687506 -3 5.479432940050184
      vertex 26.92848638937775 -3 5.386862691031602
    endloop
  endfacet
  facet normal -0.2429801799032632 0 0.9700312531945441
    outer loop
      vertex 27.187202903687506 -16 5.479432940050184
      vertex 27.453747098354842 -3 5.546198785129045
      vertex 27.187202903687506 -3 5.479432940050184
    endloop
  endfacet
  facet normal -0.14673047445536563 0 0.9891765099647805
    outer loop
      vertex 27.453747098354842 -16 5.546198785129045
      vertex 27.72555200707723 -3 5.586517234682152
      vertex 27.453747098354842 -3 5.546198785129045
    endloop
  endfacet
  facet normal -0.04906767432741525 0 0.9987954562051726
    outer loop
      vertex 27.72555200707723 -16 5.586517234682152
      vertex 28 -3 5.6
      vertex 27.72555200707723 -3 5.586517234682152
    endloop
  endfacet
  facet normal 0.04906767432741525 0 0.9987954562051726
    outer loop
      vertex 28 -16 5.6
      vertex 28.27444799292277 -3 5.586517234682152
      vertex 28 -3 5.6
    endloop
  endfacet
  facet normal 0.3368898533922199 0 0.9415440651830207
    outer loop
      vertex 28.812797096312494 -16 5.479432940050184
      vertex 29.07151361062225 -3 5.386862691031602
      vertex 28.812797096312494 -3 5.479432940050184
    endloop
  endfacet
  facet normal 0.2429801799032632 0 0.9700312531945441
    outer loop
      vertex 28.546252901645158 -16 5.546198785129045
      vertex 28.812797096312494 -3 5.479432940050184
      vertex 28.546252901645158 -3 5.546198785129045
    endloop
  endfacet
  facet normal 0.14673047445536563 0 0.9891765099647805
    outer loop
      vertex 28.27444799292277 -16 5.586517234682152
      vertex 28.546252901645158 -3 5.546198785129045
      vertex 28.27444799292277 -3 5.586517234682152
    endloop
  endfacet
  facet normal 0.4275550934302822 0 -0.9039892931234433
    outer loop
      vertex 29.07151361062225 -16 0.21313730896839722
      vertex 29.07151361062225 -3 0.21313730896839722
      vertex 29.319910863112792 -16 0.33062045982460564
    endloop
  endfacet
  facet normal 0.514102744193217 0 -0.8577286100002749
    outer loop
      vertex 29.319910863112792 -16 0.33062045982460564
      vertex 29.319910863112792 -3 0.33062045982460564
      vertex 29.555596652454888 -16 0.4718850855528731
    endloop
  endfacet
  facet normal 0.5956993044924389 0 -0.8032075314806408
    outer loop
      vertex 29.555596652454888 -16 0.4718850855528731
      vertex 29.555596652454888 -3 0.4718850855528731
      vertex 29.776301195658206 -16 0.6355707305843366
    endloop
  endfacet
  facet normal 0.6715589548470162 0 -0.740951125354961
    outer loop
      vertex 29.776301195658206 -16 0.6355707305843366
      vertex 29.776301195658206 -3 0.6355707305843366
      vertex 29.979898987322333 -16 0.8201010126776667
    endloop
  endfacet
  facet normal 0.7409511253549591 0 -0.6715589548470184
    outer loop
      vertex 29.979898987322333 -16 0.8201010126776667
      vertex 29.979898987322333 -3 0.8201010126776667
      vertex 30.164429269415663 -16 1.0236988043417925
    endloop
  endfacet
  facet normal 0.8032075314806436 0 -0.5956993044924349
    outer loop
      vertex 30.164429269415663 -16 1.0236988043417925
      vertex 30.164429269415663 -3 1.0236988043417925
      vertex 30.328114914447127 -16 1.2444033475451137
    endloop
  endfacet
  facet normal 0.8577286100002697 0 -0.5141027441932255
    outer loop
      vertex 30.328114914447127 -16 1.2444033475451137
      vertex 30.328114914447127 -3 1.2444033475451137
      vertex 30.469379540175396 -16 1.4800891368872064
    endloop
  endfacet
  facet normal 0.9039892931234477 0 -0.42755509343027304
    outer loop
      vertex 30.469379540175396 -16 1.4800891368872064
      vertex 30.469379540175396 -3 1.4800891368872064
      vertex 30.5868626910316 -16 1.7284863893777485
    endloop
  endfacet
  facet normal 0.9415440651830207 0 -0.33688985339222044
    outer loop
      vertex 30.5868626910316 -16 1.7284863893777485
      vertex 30.5868626910316 -3 1.7284863893777485
      vertex 30.679432940050184 -16 1.9872029036875052
    endloop
  endfacet
  facet normal 0.9700312531945425 0 -0.24298017990326967
    outer loop
      vertex 30.679432940050184 -16 1.9872029036875052
      vertex 30.679432940050184 -3 1.9872029036875052
      vertex 30.746198785129046 -16 2.253747098354841
    endloop
  endfacet
  facet normal 0.9891765099647815 0 -0.14673047445535836
    outer loop
      vertex 30.746198785129046 -16 2.253747098354841
      vertex 30.746198785129046 -3 2.253747098354841
      vertex 30.78651723468215 -16 2.52555200707723
    endloop
  endfacet
  facet normal 0.9987954562051722 0 -0.049067674327421776
    outer loop
      vertex 30.78651723468215 -16 2.52555200707723
      vertex 30.78651723468215 -3 2.52555200707723
      vertex 30.8 -16 2.8
    endloop
  endfacet
  facet normal 0.9987954562051722 0 0.049067674327421776
    outer loop
      vertex 30.8 -16 2.8
      vertex 30.8 -3 2.8
      vertex 30.78651723468215 -16 3.0744479929227695
    endloop
  endfacet
  facet normal 0.4275550934302822 0 -0.9039892931234433
    outer loop
      vertex 29.319910863112792 -16 0.33062045982460564
      vertex 29.07151361062225 -3 0.21313730896839722
      vertex 29.319910863112792 -3 0.33062045982460564
    endloop
  endfacet
  facet normal 0.514102744193217 0 -0.8577286100002749
    outer loop
      vertex 29.555596652454888 -16 0.4718850855528731
      vertex 29.319910863112792 -3 0.33062045982460564
      vertex 29.555596652454888 -3 0.4718850855528731
    endloop
  endfacet
  facet normal 0.5956993044924389 0 -0.8032075314806408
    outer loop
      vertex 29.776301195658206 -16 0.6355707305843366
      vertex 29.555596652454888 -3 0.4718850855528731
      vertex 29.776301195658206 -3 0.6355707305843366
    endloop
  endfacet
  facet normal 0.6715589548470162 0 -0.740951125354961
    outer loop
      vertex 29.979898987322333 -16 0.8201010126776667
      vertex 29.776301195658206 -3 0.6355707305843366
      vertex 29.979898987322333 -3 0.8201010126776667
    endloop
  endfacet
  facet normal 0.7409511253549591 0 -0.6715589548470184
    outer loop
      vertex 30.164429269415663 -16 1.0236988043417925
      vertex 29.979898987322333 -3 0.8201010126776667
      vertex 30.164429269415663 -3 1.0236988043417925
    endloop
  endfacet
  facet normal 0.8032075314806436 0 -0.5956993044924349
    outer loop
      vertex 30.328114914447127 -16 1.2444033475451137
      vertex 30.164429269415663 -3 1.0236988043417925
      vertex 30.328114914447127 -3 1.2444033475451137
    endloop
  endfacet
  facet normal 0.8577286100002697 0 -0.5141027441932255
    outer loop
      vertex 30.469379540175396 -16 1.4800891368872064
      vertex 30.328114914447127 -3 1.2444033475451137
      vertex 30.469379540175396 -3 1.4800891368872064
    endloop
  endfacet
  facet normal 0.9039892931234477 0 -0.42755509343027304
    outer loop
      vertex 30.5868626910316 -16 1.7284863893777485
      vertex 30.469379540175396 -3 1.4800891368872064
      vertex 30.5868626910316 -3 1.7284863893777485
    endloop
  endfacet
  facet normal 0.9415440651830207 0 -0.33688985339222044
    outer loop
      vertex 30.679432940050184 -16 1.9872029036875052
      vertex 30.5868626910316 -3 1.7284863893777485
      vertex 30.679432940050184 -3 1.9872029036875052
    endloop
  endfacet
  facet normal 0.9700312531945425 0 -0.24298017990326967
    outer loop
      vertex 30.746198785129046 -16 2.253747098354841
      vertex 30.679432940050184 -3 1.9872029036875052
      vertex 30.746198785129046 -3 2.253747098354841
    endloop
  endfacet
  facet normal 0.9891765099647815 0 -0.14673047445535836
    outer loop
      vertex 30.78651723468215 -16 2.52555200707723
      vertex 30.746198785129046 -3 2.253747098354841
      vertex 30.78651723468215 -3 2.52555200707723
    endloop
  endfacet
  facet normal 0.9987954562051722 0 -0.049067674327421776
    outer loop
      vertex 30.8 -16 2.8
      vertex 30.78651723468215 -3 2.52555200707723
      vertex 30.8 -3 2.8
    endloop
  endfacet
  facet normal 0.9987954562051722 0 0.049067674327421776
    outer loop
      vertex 30.78651723468215 -16 3.0744479929227695
      vertex 30.8 -3 2.8
      vertex 30.78651723468215 -3 3.0744479929227695
    endloop
  endfacet
  facet normal 0.9891765099647815 0 0.14673047445535836
    outer loop
      vertex 30.78651723468215 -16 3.0744479929227695
      vertex 30.78651723468215 -3 3.0744479929227695
      vertex 30.746198785129046 -16 3.3462529016451588
    endloop
  endfacet
  facet normal 0.9700312531945425 0 0.24298017990326967
    outer loop
      vertex 30.746198785129046 -16 3.3462529016451588
      vertex 30.746198785129046 -3 3.3462529016451588
      vertex 30.679432940050184 -16 3.6127970963124945
    endloop
  endfacet
  facet normal 0.9415440651830207 0 0.33688985339222044
    outer loop
      vertex 30.679432940050184 -16 3.6127970963124945
      vertex 30.679432940050184 -3 3.6127970963124945
      vertex 30.5868626910316 -16 3.871513610622251
    endloop
  endfacet
  facet normal 0.9039892931234473 0 0.4275550934302736
    outer loop
      vertex 30.5868626910316 -16 3.871513610622251
      vertex 30.5868626910316 -3 3.871513610622251
      vertex 30.469379540175396 -16 4.119910863112793
    endloop
  endfacet
  facet normal 0.8577286100002702 0 0.514102744193225
    outer loop
      vertex 30.469379540175396 -16 4.119910863112793
      vertex 30.469379540175396 -3 4.119910863112793
      vertex 30.328114914447127 -16 4.355596652454886
    endloop
  endfacet
  facet normal 0.8032075314806434 0 0.5956993044924352
    outer loop
      vertex 30.328114914447127 -16 4.355596652454886
      vertex 30.328114914447127 -3 4.355596652454886
      vertex 30.164429269415663 -16 4.576301195658207
    endloop
  endfacet
  facet normal 0.7409511253549602 3.022311062652999e-19 0.6715589548470171
    outer loop
      vertex 29.979898987322333 -16 4.779898987322333
      vertex 30.164429269415663 -16 4.576301195658207
      vertex 30.164429269415663 -3 4.576301195658207
    endloop
  endfacet
  facet normal 0.6715589548470154 0 0.7409511253549619
    outer loop
      vertex 29.979898987322333 -16 4.779898987322333
      vertex 29.979898987322333 -3 4.779898987322333
      vertex 29.776301195658206 -16 4.964429269415663
    endloop
  endfacet
  facet normal 0.5956993044924379 -8.647101009715872e-19 0.8032075314806416
    outer loop
      vertex 29.555596652454888 -16 5.128114914447126
      vertex 29.776301195658206 -16 4.964429269415663
      vertex 29.776301195658206 -3 4.964429269415663
    endloop
  endfacet
  facet normal 0.5141027441932182 -8.294391854621206e-19 0.8577286100002741
    outer loop
      vertex 29.319910863112792 -16 5.269379540175394
      vertex 29.555596652454888 -16 5.128114914447126
      vertex 29.555596652454888 -3 5.128114914447126
    endloop
  endfacet
  facet normal 0.4275550934302822 -4.810615734927901e-19 0.9039892931234433
    outer loop
      vertex 29.07151361062225 -16 5.386862691031602
      vertex 29.319910863112792 -16 5.269379540175394
      vertex 29.319910863112792 -3 5.269379540175394
    endloop
  endfacet
  facet normal 0.9891765099647815 0 0.14673047445535836
    outer loop
      vertex 30.746198785129046 -16 3.3462529016451588
      vertex 30.78651723468215 -3 3.0744479929227695
      vertex 30.746198785129046 -3 3.3462529016451588
    endloop
  endfacet
  facet normal 0.9700312531945425 0 0.24298017990326967
    outer loop
      vertex 30.679432940050184 -16 3.6127970963124945
      vertex 30.746198785129046 -3 3.3462529016451588
      vertex 30.679432940050184 -3 3.6127970963124945
    endloop
  endfacet
  facet normal 0.9415440651830207 0 0.33688985339222044
    outer loop
      vertex 30.5868626910316 -16 3.871513610622251
      vertex 30.679432940050184 -3 3.6127970963124945
      vertex 30.5868626910316 -3 3.871513610622251
    endloop
  endfacet
  facet normal 0.9039892931234473 0 0.4275550934302736
    outer loop
      vertex 30.469379540175396 -16 4.119910863112793
      vertex 30.5868626910316 -3 3.871513610622251
      vertex 30.469379540175396 -3 4.119910863112793
    endloop
  endfacet
  facet normal 0.8577286100002702 0 0.514102744193225
    outer loop
      vertex 30.328114914447127 -16 4.355596652454886
      vertex 30.469379540175396 -3 4.119910863112793
      vertex 30.328114914447127 -3 4.355596652454886
    endloop
  endfacet
  facet normal 0.8032075314806434 0 0.5956993044924352
    outer loop
      vertex 30.164429269415663 -16 4.576301195658207
      vertex 30.328114914447127 -3 4.355596652454886
      vertex 30.164429269415663 -3 4.576301195658207
    endloop
  endfacet
  facet normal 0.7409511253549602 0 0.6715589548470171
    outer loop
      vertex 29.979898987322333 -16 4.779898987322333
      vertex 30.164429269415663 -3 4.576301195658207
      vertex 29.979898987322333 -3 4.779898987322333
    endloop
  endfacet
  facet normal 0.6715589548470154 0 0.7409511253549619
    outer loop
      vertex 29.776301195658206 -16 4.964429269415663
      vertex 29.979898987322333 -3 4.779898987322333
      vertex 29.776301195658206 -3 4.964429269415663
    endloop
  endfacet
  facet normal 0.5956993044924379 0 0.8032075314806416
    outer loop
      vertex 29.555596652454888 -16 5.128114914447126
      vertex 29.776301195658206 -3 4.964429269415663
      vertex 29.555596652454888 -3 5.128114914447126
    endloop
  endfacet
  facet normal 0.5141027441932182 0 0.8577286100002741
    outer loop
      vertex 29.319910863112792 -16 5.269379540175394
      vertex 29.555596652454888 -3 5.128114914447126
      vertex 29.319910863112792 -3 5.269379540175394
    endloop
  endfacet
  facet normal 0.4275550934302822 0 0.9039892931234433
    outer loop
      vertex 29.07151361062225 -16 5.386862691031602
      vertex 29.319910863112792 -3 5.269379540175394
      vertex 29.07151361062225 -3 5.386862691031602
    endloop
  endfacet
endsolid OpenSCAD_Model
